OrderID,OrderDate,ShipDate,CustomerID,CustomerName,Region,City,ProductCategory,ProductSubCategory,ProductName,Quantity,UnitPrice,Discount,Sales,Profit,PaymentMode,ShipMode,Returned,CustomerSegment,SalesPerson,Rating,Month,Year,DeliveryDate,Feedback,Supplier,Country,CostPrice,Margin,Tax,product_key_match,item_id,short_description,link,width,height,depth,designer
O1001,2024-09-15,2024-09-18,CUST-1001,Lars Anderson,North America,New York,Furniture,Sofas,KIVIK Sofa,1.0,799,0.05,759.05,248.33,Credit Card,Standard Class,No,Consumer,Sofia Karlsson,5.0,9.0,2024.0,2024-09-20,Excellent,Inter IKEA Supply AG,USA,450.0,0.3271,60.72,KIVIK,79305512.0,        Chaise longue,https://www.ikea.com/sa/en/p/kivik-chaise-longue-skiftebo-dark-grey-s79305512/,90.0,83.0,163.0,Ola Wihlborg
O1002,2024-10-01,2024-10-01,CUST-1002,Maria Rodriguez,Europe,Madrid,Storage,Shelving Unit,KALLAX Shelf,3.0,45.99,0.0,137.97,65.08,UPI,Same Day,No,Corporate,Juan Garcia,4.0,10.0,2024.0,2024-10-01,Positive,Swedwood,Spain,50.0,0.4717,22.89,KALLAX,20275814.0,"        Shelving unit,          77x77 cm",https://www.ikea.com/sa/en/p/kallax-shelving-unit-white-20275814/,77.0,77.0,39.0,Tord Björklund
O1003,2024-10-05,2024-10-09,CUST-1003,Kenji Tanaka,Asia,Tokyo,Kitchen,Dinnerware,OFTAST Plate,12.0,1.49,0.1,16.09,7.91,NetBanking,Second Class,No,Home Office,Aya Sato,3.0,10.0,2024.0,2024-10-10,Neutral,Local Supplier JP,Japan,6.5,0.4916,1.68,OFTAST,,,,,,,
O1004,2024-11-20,2024-11-20,CUST-1004,Fatima Al Marzooqi,Middle East,Dubai,Textiles,Bedding,GULLKLOCKA Duvet,2.0,49.99,0.2,79.98,-15.02,Debit Card,Same Day,Yes,Consumer,Omar Hassan,1.0,11.0,2024.0,2024-11-20,Negative,IKEA Industry,UAE,85.0,-0.1878,10.0,GULLKLOCKA,,,,,,,
O1005,2024-12-10,2024-12-11,CUST-1005,David Chen,North America,Toronto,Lighting,Lamps,FADO Table Lamp,4.0,19.99,0.0,79.96,32.76,PayPal,First Class,No,Corporate,Emily White,5.0,12.0,2024.0,2024-12-12,Excellent,IKEA Industry,Canada,40.0,0.4097,7.2,FADO,,,,,,,
O1006,2023-04-25,2023-04-25,CUST754,John Smith,Europe,London,Furniture,Tables,INGATORP Dining Table,15.0,546.04,0.0,8190.6,2648.97,NetBanking,Standard Class,No,Home Office,Omar Hassan,5.0,4.0,2023.0,2023-04-30,Negative,Swedwood,UK,342.14,32.34,409.53,INGATORP,29917307.0,"        Table and 4 chairs,          155 cm",https://www.ikea.com/sa/en/p/ingatorp-ingolf-table-and-4-chairs-white-s29917307/,87.0,74.0,,Carina Bengs
O1007,2024-08-26,2024-08-28,CUST559,Chloé Dubois,Europe,Barcelona,Kitchen,Appliances,TILLREDA Portable Induction Hob,4.0,957.28,0.1,3446.21,1104.09,UPI,Same Day,Yes,Consumer,Karan Mehta,3.0,8.0,2024.0,2024-08-27,Excellent,Local Supplier JP,Spain,507.99,32.04,310.16,TILLREDA,,,,,,,
O1008,2024-07-19,2024-07-21,CUST180,Giovanni Rossi,Asia,Mumbai,Furniture,Sofas,KLIPPAN Loveseat,4.0,773.41,0.0,3093.64,319.89,UPI,Second Class,Yes,Home Office,Rohit Kumar,1.0,7.0,2024.0,2024-07-29,Positive,IKEA Industry,India,585.16,10.34,433.11,KLIPPAN,9251777.0,        2-seat sofa,https://www.ikea.com/sa/en/p/klippan-2-seat-sofa-kabusa-dark-grey-s09251777/,180.0,66.0,88.0,IKEA of Sweden
O1009,2023-08-03,2023-08-08,CUST463,Maria Rodriguez,North America,Los Angeles,Storage,Shelving Unit,BILLY Bookcase,7.0,271.04,0.0,1897.28,671.84,NetBanking,Standard Class,Yes,Corporate,Anita Desai,5.0,8.0,2023.0,2023-08-08,Neutral,Inter IKEA Supply AG,USA,153.38,35.41,151.78,BILLY,263850.0,"        Bookcase,          80x28x202 cm",https://www.ikea.com/sa/en/p/billy-bookcase-white-00263850/,80.0,202.0,28.0,Gillis Lundgren
O1010,2024-08-03,2024-08-08,CUST316,Isabella Schmidt,Europe,Barcelona,Textiles,Rugs,STOENSE Rug,5.0,140.91,0.05,669.32,122.8,Cash,Second Class,Yes,Corporate,Omar Hassan,5.0,8.0,2024.0,2024-08-09,Positive,ABC Distributors,Spain,93.24,18.35,80.32,STOENSE,,,,,,,
O1011,2023-10-09,2023-10-10,CUST840,David Chen,Asia,Osaka,Furniture,Chairs,ODGER Chair,8.0,448.33,0.05,3407.31,1290.41,Credit Card,Same Day,No,Consumer,Aya Sato,4.0,10.0,2023.0,2023-10-19,Excellent,FurniMart,Japan,212.72,37.88,272.58,ODGER,70308685.0,        Swivel chair,https://www.ikea.com/sa/en/p/odger-swivel-chair-white-beige-70308685/,68.0,,68.0,J Löfgren/J Pettersson
O1012,2024-02-05,2024-02-07,CUST392,Emily White,North America,Toronto,Storage,Wardrobes,PAX Wardrobe,10.0,737.91,0.2,5903.28,1341.34,NetBanking,Second Class,No,Home Office,Sofia Karlsson,5.0,2.0,2024.0,2024-02-15,Excellent,OfficeHub,Canada,432.22,22.72,708.86,PAX,29385672.0,"        Wardrobe combination,          150x58x201 cm",https://www.ikea.com/sa/en/p/pax-wardrobe-combination-white-s29385672/,150.0,201.0,58.0,IKEA of Sweden/Ehlén Johansson
O1013,2024-01-26,2024-01-27,CUST211,Michael Brown,Europe,Berlin,Furniture,Tables,LINNMON/ADILS Desk,1.0,260.12,0.05,247.11,114.71,UPI,First Class,No,Corporate,Juan Garcia,2.0,1.0,2024.0,2024-02-04,Positive,Swedwood,Germany,137.91,46.42,17.5,LINNMON/ADILS,,,,,,,
O1014,2023-01-23,2023-01-28,CUST610,John Smith,Asia,Shanghai,Lighting,Lamps,HEKTAR Floor Lamp,5.0,930.56,0.0,4652.8,1708.2,PayPal,Standard Class,No,Consumer,Karan Mehta,1.0,1.0,2023.0,2023-02-01,Negative,Local Supplier JP,China,529.62,36.71,697.92,HEKTAR,,,,,,,
O1015,2023-02-08,2023-02-13,CUST406,Lars Anderson,Middle East,Dubai,Kitchen,Dinnerware,FÄRGRIK Bowl,11.0,1.89,0.0,20.79,5.86,Credit Card,Same Day,Yes,Consumer,Rohit Kumar,3.0,2.0,2023.0,2023-02-18,Neutral,IKEA Industry,UAE,1.34,28.19,2.5,FÄRGRIK,,,,,,,
O1016,2024-04-18,2024-04-23,CUST914,Emily White,North America,Chicago,Textiles,Bedding,FÄLTSKÄR Sheet Set,6.0,993.45,0.3,4172.49,1184.86,NetBanking,Standard Class,No,Corporate,Sofia Karlsson,4.0,4.0,2024.0,2024-04-28,Excellent,ABC Distributors,USA,504.6,28.4,625.86,FÄLTSKÄR,,,,,,,
O1017,2024-02-14,2024-02-19,CUST798,Emily White,Asia,Tokyo,Furniture,Chairs,ADDE Chair,13.0,11.2,0.0,145.6,72.82,Cash,Standard Class,No,Home Office,Aya Sato,5.0,2.0,2024.0,2024-02-23,Positive,FurniMart,Japan,5.92,50.01,13.98,ADDE,10219178.0,        Chair,https://www.ikea.com/sa/en/p/adde-chair-white-10219178/,39.0,77.0,47.0,Marcus Arvonen
O1018,2023-09-07,2023-09-11,CUST991,John Smith,Europe,London,Lighting,Lamps,FADO Table Lamp,4.0,884.09,0.2,2829.09,623.15,Credit Card,Second Class,No,Consumer,Juan Garcia,5.0,9.0,2023.0,2023-09-17,Excellent,IKEA Industry,UK,525.96,22.03,339.78,FADO,,,,,,,
O1019,2023-04-10,2023-04-15,CUST777,Michael Brown,North America,Vancouver,Storage,Shelving Unit,HEMNES Storage,11.0,86.99,0.0,956.89,358.55,PayPal,Standard Class,No,Corporate,Emily White,4.0,4.0,2023.0,2023-04-19,Positive,ABC Distributors,Canada,50.04,37.47,81.08,HEMNES,89931560.0,"        Bed frame,          140x200 cm",https://www.ikea.com/sa/en/p/hemnes-bed-frame-white-stain-s89931560/,154.0,,,IKEA of Sweden/Carina Bengs
O1020,2024-03-24,2024-03-26,CUST755,Rajesh Gupta,Asia,Delhi,Textiles,Bedding,GULLKLOCKA Duvet,3.0,59.99,0.2,143.98,20.45,UPI,First Class,No,Home Office,Rohit Kumar,2.0,3.0,2024.0,2024-03-31,Neutral,FurniMart,India,42.0,14.2,14.38,GULLKLOCKA,,,,,,,
O1021,2023-05-18,2023-05-20,CUST548,Michael Brown,Europe,Munich,Furniture,Tables,LACK Side Table,15.0,20,0.0,300.0,117.75,Cash,Second Class,No,Corporate,Anita Desai,5.0,5.0,2023.0,2023-05-24,Positive,Swedwood,Germany,13.0,39.25,30.0,LACK,60282186.0,"        Wall shelf unit,          30x190 cm",https://www.ikea.com/sa/en/p/lack-wall-shelf-unit-white-60282186/,30.0,190.0,28.0,C Halskov/H Dalsgaard
O1022,2024-11-20,2024-11-21,CUST212,Ahmed Khan,Asia,Shanghai,Lighting,Lamps,LERSTA Floor Lamp,8.0,5.99,0.0,47.92,19.53,Credit Card,Same Day,Yes,Consumer,Karan Mehta,4.0,11.0,2024.0,2024-11-26,Excellent,OfficeHub,China,3.35,40.76,4.88,LERSTA,,,,,,,
O1023,2023-07-06,2023-07-10,CUST567,Jessica Lee,North America,New York,Kitchen,Dinnerware,OFTAST Plate,2.0,4.99,0.0,9.98,-1.13,PayPal,Standard Class,No,Corporate,Omar Hassan,3.0,7.0,2023.0,2023-07-16,Negative,ABC Distributors,USA,6.0,-11.32,2.11,OFTAST,,,,,,,
O1024,2024-07-27,2024-07-27,CUST355,Michael Brown,Europe,Madrid,Storage,Wardrobes,BRIMNES Wardrobe,12.0,321.05,0.05,3659.97,1248.06,UPI,Same Day,No,Home Office,Sofia Karlsson,5.0,7.0,2024.0,2024-07-28,Excellent,IKEA Industry,Spain,205.1,34.09,439.19,BRIMNES,49278341.0,"        Bed frame w storage and headboard,          90x200 cm",https://www.ikea.com/sa/en/p/brimnes-bed-frame-w-storage-and-headboard-white-luroey-s49278341/,96.0,110.0,54.0,IKEA of Sweden/K Hagberg/M Hagberg
O1025,2024-03-05,2024-03-09,CUST662,Lars Anderson,Oceania,Sydney,Furniture,Sofas,KIVIK Sofa,1.0,800,0.1,720.0,250.77,NetBanking,Second Class,No,Consumer,Juan Garcia,4.0,3.0,2024.0,2024-03-12,Positive,Local Supplier JP,Australia,420.0,34.83,49.23,KIVIK,79305512.0,        Chaise longue,https://www.ikea.com/sa/en/p/kivik-chaise-longue-skiftebo-dark-grey-s79305512/,90.0,83.0,163.0,Ola Wihlborg
O1026,2023-03-19,2023-03-23,CUST131,Kenji Tanaka,North America,Toronto,Storage,Shelving Unit,KALLAX Shelf,9.0,49.99,0.0,449.91,148.11,Credit Card,Standard Class,Yes,Corporate,Aya Sato,2.0,3.0,2023.0,2023-03-29,Neutral,Swedwood,Canada,30.0,32.92,41.79,KALLAX,20275814.0,"        Shelving unit,          77x77 cm",https://www.ikea.com/sa/en/p/kallax-shelving-unit-white-20275814/,77.0,77.0,39.0,Tord Björklund
O1027,2024-06-25,2024-06-26,CUST740,Jessica Lee,Asia,Tokyo,Kitchen,Appliances,LAGAN Fridge,2.0,600,0.2,960.0,225.07,PayPal,First Class,No,Home Office,Omar Hassan,5.0,6.0,2024.0,2024-06-27,Excellent,ABC Distributors,Japan,350.0,23.44,34.86,LAGAN,,,,,,,
O1028,2023-11-04,2023-11-04,CUST445,Priya Sharma,Europe,Munich,Textiles,Bedding,FÄLTSKÄR Sheet Set,7.0,45,0.0,315.0,126.96,UPI,Same Day,No,Consumer,Emily White,3.0,11.0,2023.0,2023-11-13,Positive,FurniMart,Germany,24.0,40.31,18.04,FÄLTSKÄR,,,,,,,
O1029,2024-09-01,2024-09-02,CUST168,Lars Anderson,Asia,Shanghai,Furniture,Tables,LACK Side Table,15.0,25,0.0,375.0,185.06,Cash,Second Class,No,Corporate,Rohit Kumar,5.0,9.0,2024.0,2024-09-08,Neutral,Swedwood,China,11.5,49.35,17.44,LACK,60282186.0,"        Wall shelf unit,          30x190 cm",https://www.ikea.com/sa/en/p/lack-wall-shelf-unit-white-60282186/,30.0,190.0,28.0,C Halskov/H Dalsgaard
O1030,2023-07-15,2023-07-19,CUST521,David Chen,North America,New York,Storage,Wardrobes,PAX Wardrobe,1.0,999,0.05,949.05,390.43,NetBanking,Standard Class,No,Home Office,Anita Desai,4.0,7.0,2023.0,2023-07-25,Negative,IKEA Industry,USA,480.0,41.14,78.62,PAX,29385672.0,"        Wardrobe combination,          150x58x201 cm",https://www.ikea.com/sa/en/p/pax-wardrobe-combination-white-s29385672/,150.0,201.0,58.0,IKEA of Sweden/Ehlén Johansson
O1031,2024-05-10,2024-05-11,CUST883,Kenji Tanaka,Europe,London,Furniture,Chairs,MILLBERGET Swivel Chair,3.0,150,0.0,450.0,192.48,Credit Card,Same Day,No,Consumer,Karan Mehta,5.0,5.0,2024.0,2024-05-18,Excellent,Local Supplier JP,UK,80.0,42.77,34.52,MILLBERGET,90339412.0,        Swivel chair,https://www.ikea.com/sa/en/p/millberget-swivel-chair-bomstad-black-90339412/,,,65.0,Ola Wihlborg
O1032,2023-06-21,2023-06-26,CUST419,Fatima Al Marzooqi,Asia,Tokyo,Kitchen,Dinnerware,OFTAST Plate,10.0,1.49,0.0,14.9,4.86,UPI,First Class,No,Corporate,Sofia Karlsson,4.0,6.0,2023.0,2023-06-28,Positive,ABC Distributors,Japan,0.85,32.61,1.83,OFTAST,,,,,,,
O1033,2024-10-18,2024-10-23,CUST649,Michael Brown,Middle East,Dubai,Textiles,Rugs,VINDUM Rug,2.0,250,0.1,450.0,108.38,Cash,Standard Class,No,Home Office,Juan Garcia,1.0,10.0,2024.0,2024-10-27,Neutral,FurniMart,UAE,180.0,24.08,31.62,VINDUM,,,,,,,
O1034,2023-11-28,2023-12-03,CUST507,Jessica Lee,Oceania,Melbourne,Lighting,Lamps,HEKTAR Floor Lamp,5.0,780,0.0,3900.0,1335.78,PayPal,Second Class,No,Consumer,Aya Sato,5.0,11.0,2023.0,2023-12-07,Excellent,OfficeHub,Australia,420.0,34.25,453.72,HEKTAR,,,,,,,
O1035,2024-04-03,2024-04-06,CUST711,Lars Anderson,North America,Vancouver,Furniture,Sofas,GRÖNLID Sofa,1.0,650,0.2,520.0,148.4,UPI,Same Day,No,Corporate,Omar Hassan,3.0,4.0,2024.0,2024-04-07,Negative,IKEA Industry,Canada,350.0,28.54,21.6,GRÖNLID,29278101.0,        2-seat sofa-bed,https://www.ikea.com/sa/en/p/groenlid-2-seat-sofa-bed-ljungen-dark-red-s29278101/,196.0,104.0,98.0,IKEA of Sweden/Francis Cayouette/Ehlén Johansson
O1036,2023-09-17,2023-09-19,CUST910,John Smith,Europe,Berlin,Storage,Shelving Unit,KALLAX Shelf,8.0,45.99,0.0,367.92,146.47,NetBanking,First Class,Yes,Home Office,Emily White,4.0,9.0,2023.0,2023-09-21,Positive,Swedwood,Germany,25.0,39.81,31.75,KALLAX,20275814.0,"        Shelving unit,          77x77 cm",https://www.ikea.com/sa/en/p/kallax-shelving-unit-white-20275814/,77.0,77.0,39.0,Tord Björklund
O1037,2024-07-02,2024-07-06,CUST112,Priya Sharma,Asia,Mumbai,Kitchen,Dinnerware,FÄRGRIK Bowl,14.0,1.89,0.1,23.81,10.15,Credit Card,Standard Class,No,Consumer,Rohit Kumar,5.0,7.0,2024.0,2024-07-12,Excellent,ABC Distributors,India,1.1,42.63,3.51,FÄRGRIK,,,,,,,
O1038,2023-01-08,2023-01-13,CUST440,Michael Brown,Middle East,Dubai,Textiles,Bedding,GULLKLOCKA Duvet,3.0,55,0.0,165.0,13.9,PayPal,Second Class,No,Corporate,Anita Desai,2.0,1.0,2023.0,2023-01-18,Neutral,FurniMart,UAE,75.0,8.42,3.1,GULLKLOCKA,,,,,,,
O1039,2024-10-29,2024-11-03,CUST881,Jessica Lee,North America,New York,Lighting,Lamps,FADO Table Lamp,4.0,22,0.1,79.2,37.0,UPI,Standard Class,Yes,Home Office,Karan Mehta,4.0,10.0,2024.0,2024-11-08,Negative,OfficeHub,USA,10.0,46.72,4.8,FADO,,,,,,,
O1040,2023-08-20,2023-08-25,CUST210,Maria Rodriguez,Europe,Madrid,Furniture,Tables,LINNMON/ADILS Desk,2.0,260.12,0.0,520.24,211.83,NetBanking,Same Day,No,Consumer,Sofia Karlsson,5.0,8.0,2023.0,2023-08-25,Positive,IKEA Industry,Spain,137.91,40.72,29.77,LINNMON/ADILS,,,,,,,
O1041,2024-02-29,2024-03-05,CUST617,Kenji Tanaka,Asia,Shanghai,Storage,Shelving Unit,BILLY Bookcase,1.0,271.04,0.0,271.04,115.68,Credit Card,Second Class,No,Corporate,Juan Garcia,3.0,2.0,2024.0,2024-03-09,Excellent,Local Supplier JP,China,153.38,42.68,2.08,BILLY,263850.0,"        Bookcase,          80x28x202 cm",https://www.ikea.com/sa/en/p/billy-bookcase-white-00263850/,80.0,202.0,28.0,Gillis Lundgren
O1042,2023-05-23,2023-05-28,CUST250,David Chen,North America,Toronto,Kitchen,Appliances,TILLREDA Portable Induction Hob,3.0,957.28,0.05,2727.35,1045.05,PayPal,Standard Class,No,Home Office,Aya Sato,5.0,5.0,2023.0,2023-06-02,Excellent,ABC Distributors,Canada,507.99,38.32,209.28,TILLREDA,,,,,,,
O1043,2024-09-22,2024-09-27,CUST300,Emily White,Europe,London,Textiles,Bedding,FÄLTSKÄR Sheet Set,6.0,993.45,0.0,5960.7,2038.54,UPI,Second Class,Yes,Consumer,Omar Hassan,4.0,9.0,2024.0,2024-10-02,Positive,FurniMart,UK,504.6,34.19,573.56,FÄLTSKÄR,,,,,,,
O1044,2023-03-12,2023-03-17,CUST909,John Smith,Asia,Tokyo,Furniture,Chairs,ADDE Chair,14.0,11.2,0.2,125.44,53.64,Cash,First Class,No,Corporate,Emily White,2.0,3.0,2023.0,2023-03-22,Neutral,OfficeHub,Japan,5.92,42.76,12.08,ADDE,10219178.0,        Chair,https://www.ikea.com/sa/en/p/adde-chair-white-10219178/,39.0,77.0,47.0,Marcus Arvonen
O1045,2024-12-05,2024-12-10,CUST444,Michael Brown,North America,Chicago,Lighting,Lamps,HEKTAR Floor Lamp,5.0,930.56,0.1,4187.52,1435.37,NetBanking,Same Day,No,Home Office,Rohit Kumar,5.0,12.0,2024.0,2024-12-10,Excellent,IKEA Industry,USA,529.62,34.28,397.63,HEKTAR,,,,,,,
O1046,2023-07-28,2023-08-01,CUST666,Maria Rodriguez,Europe,Barcelona,Storage,Wardrobes,BRIMNES Wardrobe,12.0,321.05,0.0,3852.6,1177.67,Credit Card,Standard Class,No,Consumer,Anita Desai,4.0,7.0,2023.0,2023-08-05,Positive,Swedwood,Spain,205.1,30.57,373.93,BRIMNES,49278341.0,"        Bed frame w storage and headboard,          90x200 cm",https://www.ikea.com/sa/en/p/brimnes-bed-frame-w-storage-and-headboard-white-luroey-s49278341/,96.0,110.0,54.0,IKEA of Sweden/K Hagberg/M Hagberg
O1047,2024-01-01,2024-01-05,CUST222,Kenji Tanaka,Oceania,Sydney,Furniture,Sofas,KLIPPAN Loveseat,3.0,773.41,0.3,1624.16,650.15,PayPal,Second Class,Yes,Corporate,Karan Mehta,3.0,1.0,2024.0,2024-01-06,Neutral,Local Supplier JP,Australia,585.16,40.03,100.08,KLIPPAN,9251777.0,        2-seat sofa,https://www.ikea.com/sa/en/p/klippan-2-seat-sofa-kabusa-dark-grey-s09251777/,180.0,66.0,88.0,IKEA of Sweden
O1048,2023-04-05,2023-04-09,CUST111,Fatima Al Marzooqi,North America,Toronto,Storage,Shelving Unit,HEMNES Storage,10.0,86.99,0.1,782.91,302.24,UPI,Standard Class,No,Home Office,Sofia Karlsson,5.0,4.0,2023.0,2023-04-15,Excellent,ABC Distributors,Canada,50.04,38.6,50.23,HEMNES,89931560.0,"        Bed frame,          140x200 cm",https://www.ikea.com/sa/en/p/hemnes-bed-frame-white-stain-s89931560/,154.0,,,IKEA of Sweden/Carina Bengs
O1049,2024-06-19,2024-06-21,CUST777,David Chen,Asia,Mumbai,Kitchen,Dinnerware,FÄRGRIK Bowl,15.0,1.89,0.0,28.35,9.04,Cash,First Class,No,Consumer,Juan Garcia,4.0,6.0,2024.0,2024-06-27,Negative,FurniMart,India,1.1,31.89,4.91,FÄRGRIK,,,,,,,
O1050,2023-11-09,2023-11-13,CUST999,Emily White,Europe,Munich,Textiles,Rugs,STOENSE Rug,7.0,140.91,0.0,986.37,407.95,NetBanking,Second Class,No,Corporate,Aya Sato,5.0,11.0,2023.0,2023-11-19,Positive,OfficeHub,Germany,93.24,41.36,117.87,STOENSE,,,,,,,
O1051,2024-03-01,2024-03-02,CUST550,John Smith,North America,New York,Lighting,Lamps,LERSTA Floor Lamp,9.0,5.99,0.0,53.91,22.02,Credit Card,Same Day,No,Home Office,Omar Hassan,3.0,3.0,2024.0,2024-03-05,Neutral,IKEA Industry,USA,3.35,40.85,5.46,LERSTA,,,,,,,
O1052,2023-06-06,2023-06-11,CUST880,Maria Rodriguez,Asia,Tokyo,Furniture,Tables,INGATORP Dining Table,1.0,546.04,0.1,491.44,129.56,PayPal,Standard Class,Yes,Consumer,Emily White,4.0,6.0,2023.0,2023-06-16,Excellent,Swedwood,Japan,342.14,26.36,19.74,INGATORP,29917307.0,"        Table and 4 chairs,          155 cm",https://www.ikea.com/sa/en/p/ingatorp-ingolf-table-and-4-chairs-white-s29917307/,87.0,74.0,,Carina Bengs
O1053,2024-10-14,2024-10-15,CUST777,Kenji Tanaka,Europe,Barcelona,Kitchen,Appliances,LAGAN Fridge,2.0,600,0.0,1200.0,499.71,UPI,First Class,No,Corporate,Rohit Kumar,5.0,10.0,2024.0,2024-10-18,Positive,Local Supplier JP,Spain,350.0,41.64,50.29,LAGAN,,,,,,,
O1054,2023-01-20,2023-01-21,CUST610,Fatima Al Marzooqi,Middle East,Dubai,Textiles,Bedding,GULLKLOCKA Duvet,5.0,55,0.05,261.25,7.97,NetBanking,Same Day,No,Home Office,Anita Desai,1.0,1.0,2023.0,2023-01-22,Negative,ABC Distributors,UAE,75.0,3.05,16.28,GULLKLOCKA,,,,,,,
O1055,2024-04-12,2024-04-17,CUST240,David Chen,North America,Los Angeles,Lighting,Lamps,HEKTAR Floor Lamp,6.0,930.56,0.0,5583.36,1902.94,Credit Card,Standard Class,No,Consumer,Karan Mehta,5.0,4.0,2024.0,2024-04-22,Excellent,FurniMart,USA,529.62,34.08,572.28,HEKTAR,,,,,,,
O1056,2023-08-07,2023-08-12,CUST130,Emily White,Europe,London,Furniture,Sofas,KIVIK Sofa,1.0,799,0.3,559.3,192.83,PayPal,Second Class,No,Corporate,Sofia Karlsson,4.0,8.0,2023.0,2023-08-17,Positive,OfficeHub,UK,450.0,34.48,16.47,KIVIK,79305512.0,        Chaise longue,https://www.ikea.com/sa/en/p/kivik-chaise-longue-skiftebo-dark-grey-s79305512/,90.0,83.0,163.0,Ola Wihlborg
O1057,2024-02-19,2024-02-24,CUST888,John Smith,Asia,Delhi,Storage,Shelving Unit,KALLAX Shelf,10.0,49.99,0.05,474.91,207.13,UPI,Standard Class,Yes,Home Office,Juan Garcia,3.0,2.0,2024.0,2024-02-28,Neutral,IKEA Industry,India,30.0,43.62,57.78,KALLAX,20275814.0,"        Shelving unit,          77x77 cm",https://www.ikea.com/sa/en/p/kallax-shelving-unit-white-20275814/,77.0,77.0,39.0,Tord Björklund
O1058,2023-03-29,2023-03-30,CUST401,Priya Sharma,North America,Vancouver,Furniture,Chairs,MILLBERGET Swivel Chair,5.0,150,0.0,750.0,239.31,NetBanking,Same Day,No,Consumer,Aya Sato,5.0,3.0,2023.0,2023-04-03,Negative,Swedwood,Canada,80.0,31.91,70.69,MILLBERGET,90339412.0,        Swivel chair,https://www.ikea.com/sa/en/p/millberget-swivel-chair-bomstad-black-90339412/,,,65.0,Ola Wihlborg
O1059,2024-05-15,2024-05-17,CUST555,Michael Brown,Europe,Munich,Lighting,Lamps,LERSTA Floor Lamp,7.0,5.99,0.2,33.55,13.91,Credit Card,First Class,No,Corporate,Omar Hassan,4.0,5.0,2024.0,2024-05-22,Excellent,Local Supplier JP,Germany,3.35,41.46,3.23,LERSTA,,,,,,,
O1060,2023-10-24,2023-10-29,CUST333,Jessica Lee,Asia,Tokyo,Textiles,Bedding,GULLKLOCKA Duvet,2.0,59.99,0.0,119.98,18.06,PayPal,Standard Class,No,Home Office,Emily White,5.0,10.0,2023.0,2023-11-03,Positive,ABC Distributors,Japan,42.0,15.05,17.92,GULLKLOCKA,,,,,,,
O1061,2024-08-02,2024-08-03,CUST101,Lars Anderson,North America,Chicago,Furniture,Tables,LACK Side Table,13.0,25,0.0,325.0,150.84,UPI,Same Day,No,Consumer,Rohit Kumar,4.0,8.0,2024.0,2024-08-04,Neutral,FurniMart,USA,11.5,46.41,16.16,LACK,60282186.0,"        Wall shelf unit,          30x190 cm",https://www.ikea.com/sa/en/p/lack-wall-shelf-unit-white-60282186/,30.0,190.0,28.0,C Halskov/H Dalsgaard
O1062,2023-12-10,2023-12-15,CUST790,Maria Rodriguez,Europe,Madrid,Storage,Wardrobes,PAX Wardrobe,4.0,737.91,0.05,2804.06,772.48,NetBanking,Second Class,No,Corporate,Anita Desai,5.0,12.0,2023.0,2023-12-20,Negative,OfficeHub,Spain,432.22,27.55,282.9,PAX,29385672.0,"        Wardrobe combination,          150x58x201 cm",https://www.ikea.com/sa/en/p/pax-wardrobe-combination-white-s29385672/,150.0,201.0,58.0,IKEA of Sweden/Ehlén Johansson
O1063,2024-06-03,2024-06-08,CUST444,Kenji Tanaka,Asia,Mumbai,Kitchen,Dinnerware,OFTAST Plate,11.0,1.49,0.0,16.39,5.09,Credit Card,Standard Class,Yes,Home Office,Karan Mehta,2.0,6.0,2024.0,2024-06-13,Excellent,IKEA Industry,India,0.85,31.06,2.05,OFTAST,,,,,,,
O1064,2023-01-18,2023-01-20,CUST550,Fatima Al Marzooqi,Oceania,Sydney,Textiles,Rugs,VINDUM Rug,2.0,250,0.0,500.0,126.24,PayPal,First Class,No,Consumer,Sofia Karlsson,5.0,1.0,2023.0,2023-01-27,Positive,Swedwood,Australia,180.0,25.25,13.76,VINDUM,,,,,,,
O1065,2024-11-25,2024-11-28,CUST662,David Chen,North America,Toronto,Lighting,Lamps,FADO Table Lamp,10.0,22,0.0,220.0,97.55,UPI,Same Day,No,Corporate,Juan Garcia,4.0,11.0,2024.0,2024-11-28,Neutral,Local Supplier JP,Canada,10.0,44.34,25.45,FADO,,,,,,,
O1066,2023-05-07,2023-05-09,CUST777,Emily White,Europe,Berlin,Furniture,Sofas,GRÖNLID Sofa,1.0,650,0.1,585.0,196.26,NetBanking,Second Class,No,Home Office,Aya Sato,3.0,5.0,2023.0,2023-05-13,Negative,ABC Distributors,Germany,350.0,33.55,38.74,GRÖNLID,29278101.0,        2-seat sofa-bed,https://www.ikea.com/sa/en/p/groenlid-2-seat-sofa-bed-ljungen-dark-red-s29278101/,196.0,104.0,98.0,IKEA of Sweden/Francis Cayouette/Ehlén Johansson
O1067,2024-09-08,2024-09-13,CUST888,John Smith,Asia,Shanghai,Storage,Shelving Unit,BILLY Bookcase,6.0,271.04,0.2,1297.9,487.68,Credit Card,Standard Class,No,Consumer,Omar Hassan,5.0,9.0,2024.0,2024-09-17,Excellent,FurniMart,China,153.38,37.57,102.34,BILLY,263850.0,"        Bookcase,          80x28x202 cm",https://www.ikea.com/sa/en/p/billy-bookcase-white-00263850/,80.0,202.0,28.0,Gillis Lundgren
O1068,2023-02-04,2023-02-09,CUST101,Priya Sharma,North America,New York,Kitchen,Appliances,TILLREDA Portable Induction Hob,2.0,957.28,0.0,1914.56,609.11,PayPal,Second Class,No,Corporate,Emily White,4.0,2.0,2023.0,2023-02-14,Positive,OfficeHub,USA,507.99,31.81,158.46,TILLREDA,,,,,,,
O1069,2024-06-28,2024-07-01,CUST790,Michael Brown,Europe,Madrid,Textiles,Bedding,FÄLTSKÄR Sheet Set,4.0,993.45,0.0,3973.8,1298.12,UPI,Standard Class,No,Home Office,Rohit Kumar,5.0,6.0,2024.0,2024-07-06,Neutral,IKEA Industry,Spain,504.6,32.67,371.48,FÄLTSKÄR,,,,,,,
O1070,2023-11-13,2023-11-18,CUST991,Jessica Lee,Asia,Tokyo,Furniture,Chairs,ADDE Chair,15.0,11.2,0.05,159.6,69.83,NetBanking,Same Day,No,Consumer,Anita Desai,3.0,11.0,2023.0,2023-11-18,Negative,Swedwood,Japan,5.92,43.75,16.32,ADDE,10219178.0,        Chair,https://www.ikea.com/sa/en/p/adde-chair-white-10219178/,39.0,77.0,47.0,Marcus Arvonen
O1071,2024-03-29,2024-04-03,CUST444,Lars Anderson,Oceania,Melbourne,Lighting,Lamps,HEKTAR Floor Lamp,3.0,930.56,0.0,2791.68,952.17,Credit Card,First Class,No,Corporate,Karan Mehta,5.0,3.0,2024.0,2024-04-07,Excellent,Local Supplier JP,Australia,529.62,34.11,287.49,HEKTAR,,,,,,,
O1072,2023-07-01,2023-07-06,CUST550,Maria Rodriguez,North America,Los Angeles,Storage,Wardrobes,BRIMNES Wardrobe,7.0,321.05,0.0,2247.35,682.01,PayPal,Second Class,No,Home Office,Sofia Karlsson,4.0,7.0,2023.0,2023-07-11,Positive,ABC Distributors,USA,205.1,30.35,209.64,BRIMNES,49278341.0,"        Bed frame w storage and headboard,          90x200 cm",https://www.ikea.com/sa/en/p/brimnes-bed-frame-w-storage-and-headboard-white-luroey-s49278341/,96.0,110.0,54.0,IKEA of Sweden/K Hagberg/M Hagberg
O1073,2024-10-06,2024-10-10,CUST888,Kenji Tanaka,Europe,Berlin,Kitchen,Dinnerware,OFTAST Plate,11.0,1.49,0.0,16.39,5.09,UPI,Standard Class,No,Consumer,Juan Garcia,5.0,10.0,2024.0,2024-10-16,Neutral,FurniMart,Germany,0.85,31.06,2.05,OFTAST,,,,,,,
O1074,2023-04-16,2023-04-21,CUST211,Fatima Al Marzooqi,Middle East,Dubai,Textiles,Rugs,STOENSE Rug,6.0,140.91,0.1,760.91,280.64,NetBanking,Same Day,Yes,Corporate,Aya Sato,4.0,4.0,2023.0,2023-04-21,Excellent,OfficeHub,UAE,93.24,36.88,76.99,STOENSE,,,,,,,
O1075,2024-01-24,2024-01-28,CUST521,David Chen,North America,New York,Furniture,Sofas,KLIPPAN Loveseat,3.0,773.41,0.0,2320.23,707.05,Credit Card,Standard Class,No,Home Office,Omar Hassan,3.0,1.0,2024.0,2024-02-03,Positive,IKEA Industry,USA,585.16,30.47,199.19,KLIPPAN,9251777.0,        2-seat sofa,https://www.ikea.com/sa/en/p/klippan-2-seat-sofa-kabusa-dark-grey-s09251777/,180.0,66.0,88.0,IKEA of Sweden
O1076,2023-05-02,2023-05-07,CUST355,Emily White,Europe,London,Storage,Shelving Unit,HEMNES Storage,8.0,86.99,0.2,556.74,196.88,PayPal,Second Class,No,Consumer,Emily White,5.0,5.0,2023.0,2023-05-11,Neutral,Swedwood,UK,50.04,35.36,69.86,HEMNES,89931560.0,"        Bed frame,          140x200 cm",https://www.ikea.com/sa/en/p/hemnes-bed-frame-white-stain-s89931560/,154.0,,,IKEA of Sweden/Carina Bengs
O1077,2024-07-29,2024-07-30,CUST666,John Smith,Asia,Delhi,Lighting,Lamps,FADO Table Lamp,4.0,22,0.0,88.0,38.35,UPI,First Class,No,Corporate,Rohit Kumar,4.0,7.0,2024.0,2024-08-01,Negative,Local Supplier JP,India,10.0,43.58,8.25,FADO,,,,,,,
O1078,2023-12-25,2023-12-26,CUST240,Priya Sharma,Middle East,Dubai,Kitchen,Appliances,LAGAN Fridge,1.0,600,0.0,600.0,239.77,NetBanking,Same Day,No,Home Office,Anita Desai,5.0,12.0,2023.0,2023-12-27,Excellent,ABC Distributors,UAE,350.0,39.96,10.23,LAGAN,,,,,,,
O1079,2024-04-19,2024-04-22,CUST130,Michael Brown,North America,Toronto,Furniture,Chairs,ODGER Chair,13.0,448.33,0.0,5828.29,2408.88,Credit Card,Standard Class,No,Consumer,Karan Mehta,3.0,4.0,2024.0,2024-04-25,Positive,FurniMart,Canada,212.72,41.33,554.77,ODGER,70308685.0,        Swivel chair,https://www.ikea.com/sa/en/p/odger-swivel-chair-white-beige-70308685/,68.0,,68.0,J Löfgren/J Pettersson
O1080,2023-08-11,2023-08-14,CUST880,Jessica Lee,Europe,Madrid,Storage,Wardrobes,PAX Wardrobe,6.0,737.91,0.0,4427.46,1459.72,PayPal,Second Class,No,Corporate,Sofia Karlsson,5.0,8.0,2023.0,2023-08-15,Neutral,OfficeHub,Spain,432.22,32.97,450.0,PAX,29385672.0,"        Wardrobe combination,          150x58x201 cm",https://www.ikea.com/sa/en/p/pax-wardrobe-combination-white-s29385672/,150.0,201.0,58.0,IKEA of Sweden/Ehlén Johansson
O1081,2024-02-09,2024-02-14,CUST401,Lars Anderson,Asia,Shanghai,Furniture,Tables,LINNMON/ADILS Desk,7.0,260.12,0.1,1638.76,647.79,UPI,Standard Class,Yes,Home Office,Juan Garcia,4.0,2.0,2024.0,2024-02-16,Negative,IKEA Industry,China,137.91,39.53,164.63,LINNMON/ADILS,,,,,,,
O1082,2023-03-22,2023-03-27,CUST555,Maria Rodriguez,Oceania,Melbourne,Lighting,Lamps,LERSTA Floor Lamp,11.0,5.99,0.0,65.89,28.52,NetBanking,Same Day,No,Consumer,Aya Sato,5.0,3.0,2023.0,2023-04-01,Excellent,Swedwood,Australia,3.35,43.29,6.27,LERSTA,,,,,,,
O1083,2024-07-09,2024-07-10,CUST333,Kenji Tanaka,North America,New York,Kitchen,Dinnerware,FÄRGRIK Bowl,12.0,1.89,0.0,22.68,9.07,Credit Card,First Class,Yes,Corporate,Omar Hassan,3.0,7.0,2024.0,2024-07-13,Positive,Local Supplier JP,USA,1.1,39.99,3.55,FÄRGRIK,,,,,,,
O1084,2023-09-02,2023-09-07,CUST798,Fatima Al Marzooqi,Europe,London,Textiles,Bedding,GULLKLOCKA Duvet,1.0,59.99,0.0,59.99,2.5,PayPal,Second Class,No,Home Office,Emily White,5.0,9.0,2023.0,2023-09-12,Neutral,ABC Distributors,UK,42.0,4.16,15.49,GULLKLOCKA,,,,,,,
O1085,2024-11-17,2024-11-20,CUST445,David Chen,Asia,Mumbai,Furniture,Sofas,KIVIK Sofa,2.0,799,0.0,1598.0,536.46,UPI,Standard Class,No,Consumer,Rohit Kumar,4.0,11.0,2024.0,2024-11-23,Negative,FurniMart,India,450.0,33.57,100.08,KIVIK,79305512.0,        Chaise longue,https://www.ikea.com/sa/en/p/kivik-chaise-longue-skiftebo-dark-grey-s79305512/,90.0,83.0,163.0,Ola Wihlborg
O1086,2023-04-20,2023-04-25,CUST168,Emily White,North America,Toronto,Storage,Shelving Unit,KALLAX Shelf,6.0,49.99,0.1,269.95,98.45,NetBanking,Same Day,No,Corporate,Anita Desai,5.0,4.0,2023.0,2023-04-25,Excellent,OfficeHub,Canada,30.0,36.47,33.5,KALLAX,20275814.0,"        Shelving unit,          77x77 cm",https://www.ikea.com/sa/en/p/kallax-shelving-unit-white-20275814/,77.0,77.0,39.0,Tord Björklund
O1087,2024-06-14,2024-06-19,CUST755,John Smith,Europe,Barcelona,Kitchen,Appliances,TILLREDA Portable Induction Hob,5.0,957.28,0.0,4786.4,1568.17,Credit Card,First Class,Yes,Home Office,Karan Mehta,3.0,6.0,2024.0,2024-06-23,Positive,IKEA Industry,Spain,507.99,32.76,448.26,TILLREDA,,,,,,,
O1088,2023-11-06,2023-11-09,CUST914,Priya Sharma,Asia,Tokyo,Lighting,Lamps,HEKTAR Floor Lamp,1.0,930.56,0.05,884.03,239.31,PayPal,Second Class,No,Consumer,Sofia Karlsson,5.0,11.0,2023.0,2023-11-12,Neutral,Swedwood,Japan,529.62,27.07,75.1,HEKTAR,,,,,,,
O1089,2024-03-09,2024-03-14,CUST777,Michael Brown,North America,Chicago,Furniture,Tables,INGATORP Dining Table,10.0,546.04,0.0,5460.4,1856.77,UPI,Standard Class,No,Corporate,Juan Garcia,4.0,3.0,2024.0,2024-03-18,Negative,Local Supplier JP,USA,342.14,33.98,422.03,INGATORP,29917307.0,"        Table and 4 chairs,          155 cm",https://www.ikea.com/sa/en/p/ingatorp-ingolf-table-and-4-chairs-white-s29917307/,87.0,74.0,,Carina Bengs
O1090,2023-08-16,2023-08-21,CUST840,Jessica Lee,Europe,Munich,Storage,Shelving Unit,BILLY Bookcase,3.0,271.04,0.0,813.12,266.3,NetBanking,Same Day,No,Home Office,Aya Sato,5.0,8.0,2023.0,2023-08-21,Excellent,ABC Distributors,Germany,153.38,32.75,47.78,BILLY,263850.0,"        Bookcase,          80x28x202 cm",https://www.ikea.com/sa/en/p/billy-bookcase-white-00263850/,80.0,202.0,28.0,Gillis Lundgren
O1091,2024-10-02,2024-10-05,CUST740,Lars Anderson,Asia,Mumbai,Textiles,Rugs,STOENSE Rug,5.0,140.91,0.0,704.55,237.94,Credit Card,First Class,No,Consumer,Omar Hassan,3.0,10.0,2024.0,2024-10-09,Positive,FurniMart,India,93.24,33.77,75.31,STOENSE,,,,,,,
O1092,2023-01-26,2023-01-31,CUST392,Maria Rodriguez,Oceania,Sydney,Kitchen,Dinnerware,OFTAST Plate,8.0,1.49,0.2,9.54,2.59,PayPal,Second Class,No,Corporate,Emily White,5.0,1.0,2023.0,2023-02-05,Neutral,OfficeHub,Australia,0.85,27.15,1.57,OFTAST,,,,,,,
O1093,2024-05-24,2024-05-25,CUST610,Kenji Tanaka,North America,Vancouver,Lighting,Lamps,FADO Table Lamp,4.0,22,0.0,88.0,38.35,UPI,Standard Class,No,Home Office,Rohit Kumar,4.0,5.0,2024.0,2024-05-27,Negative,IKEA Industry,Canada,10.0,43.58,8.25,FADO,,,,,,,
O1094,2023-10-14,2023-10-19,CUST406,Fatima Al Marzooqi,Europe,London,Furniture,Sofas,KIVIK Sofa,1.0,799,0.0,799.0,258.11,NetBanking,Same Day,No,Consumer,Anita Desai,5.0,10.0,2023.0,2023-10-19,Excellent,Swedwood,UK,450.0,32.3,50.89,KIVIK,79305512.0,        Chaise longue,https://www.ikea.com/sa/en/p/kivik-chaise-longue-skiftebo-dark-grey-s79305512/,90.0,83.0,163.0,Ola Wihlborg
O1095,2024-02-24,2024-02-29,CUST910,David Chen,Asia,Tokyo,Storage,Wardrobes,PAX Wardrobe,3.0,737.91,0.0,2213.73,709.68,Credit Card,First Class,No,Corporate,Karan Mehta,3.0,2.0,2024.0,2024-03-04,Positive,Local Supplier JP,Japan,432.22,32.06,179.8,PAX,29385672.0,"        Wardrobe combination,          150x58x201 cm",https://www.ikea.com/sa/en/p/pax-wardrobe-combination-white-s29385672/,150.0,201.0,58.0,IKEA of Sweden/Ehlén Johansson
O1096,2023-07-23,2023-07-28,CUST790,Emily White,North America,Chicago,Kitchen,Appliances,LAGAN Fridge,2.0,600,0.1,1080.0,400.95,PayPal,Second Class,No,Home Office,Sofia Karlsson,5.0,7.0,2023.0,2023-08-01,Neutral,ABC Distributors,USA,350.0,37.12,48.05,LAGAN,,,,,,,
O1097,2024-09-18,2024-09-22,CUST550,John Smith,Europe,Madrid,Textiles,Bedding,FÄLTSKÄR Sheet Set,4.0,993.45,0.0,3973.8,1298.12,UPI,Standard Class,No,Consumer,Juan Garcia,4.0,9.0,2024.0,2024-09-26,Negative,FurniMart,Spain,504.6,32.67,371.48,FÄLTSKÄR,,,,,,,
O1098,2023-03-05,2023-03-06,CUST888,Priya Sharma,Asia,Delhi,Furniture,Chairs,ADDE Chair,10.0,11.2,0.0,112.0,48.3,NetBanking,Same Day,Yes,Corporate,Aya Sato,5.0,3.0,2023.0,2023-03-09,Excellent,OfficeHub,India,5.92,43.12,10.46,ADDE,10219178.0,        Chair,https://www.ikea.com/sa/en/p/adde-chair-white-10219178/,39.0,77.0,47.0,Marcus Arvonen
O1099,2024-07-07,2024-07-11,CUST101,Michael Brown,Middle East,Dubai,Lighting,Lamps,LERSTA Floor Lamp,5.0,5.99,0.0,29.95,12.83,Credit Card,First Class,No,Home Office,Omar Hassan,3.0,7.0,2024.0,2024-07-16,Positive,IKEA Industry,UAE,3.35,42.84,2.95,LERSTA,,,,,,,
O1100,2023-12-01,2023-12-05,CUST168,Jessica Lee,North America,Vancouver,Storage,Shelving Unit,KALLAX Shelf,8.0,49.99,0.2,319.94,121.78,PayPal,Second Class,No,Consumer,Emily White,5.0,12.0,2023.0,2023-12-08,Neutral,Swedwood,Canada,30.0,38.06,32.14,KALLAX,20275814.0,"        Shelving unit,          77x77 cm",https://www.ikea.com/sa/en/p/kallax-shelving-unit-white-20275814/,77.0,77.0,39.0,Tord Björklund
O1101,2024-07-28,2024-07-30,CUST312,Priya Sharma,Oceania,Melbourne,Storage,Wardrobes,BRIMNES Wardrobe,9.0,355.25,0.0,3197.25,789.68,UPI,Same Day,Yes,Consumer,Emily White,3.0,7.0,2024.0,2024-08-05,Neutral,FurniMart,Australia,242.64,24.7,223.81,BRIMNES,49278341.0,"        Bed frame w storage and headboard,          90x200 cm",https://www.ikea.com/sa/en/p/brimnes-bed-frame-w-storage-and-headboard-white-luroey-s49278341/,96.0,110.0,54.0,IKEA of Sweden/K Hagberg/M Hagberg
O1102,2024-12-07,2024-12-12,CUST312,Chloé Dubois,Asia,Beijing,Lighting,Lamps,HEKTAR Floor Lamp,2.0,574.11,0.2,918.58,75.89,NetBanking,Same Day,Yes,Consumer,Emily White,5.0,12.0,2024.0,2024-12-15,Excellent,IKEA Industry,China,352.45,8.26,137.79,HEKTAR,,,,,,,
O1103,2024-11-02,2024-11-04,CUST552,Priya Sharma,Europe,Manchester,Lighting,Lamps,FADO Table Lamp,2.0,616.25,0.0,1232.5,453.83,NetBanking,Standard Class,Yes,Consumer,Anita Desai,5.0,11.0,2024.0,2024-11-10,Neutral,FurniMart,UK,352.36,36.82,73.95,FADO,,,,,,,
O1104,2023-04-13,2023-04-18,CUST583,Kenji Tanaka,North America,Chicago,Textiles,Rugs,STOENSE Rug,13.0,963.97,0.1,11278.45,3262.98,Cash,First Class,Yes,Home Office,Sofia Karlsson,3.0,4.0,2023.0,2023-04-16,Positive,Local Supplier JP,USA,564.52,28.93,676.71,STOENSE,,,,,,,
O1105,2023-06-30,2023-06-30,CUST957,Yuki Sato,Middle East,Dubai,Furniture,Sofas,GRÖNLID Sofa,10.0,603.37,0.2,4826.96,571.02,NetBanking,Second Class,Yes,Corporate,Omar Hassan,3.0,6.0,2023.0,2023-07-07,Excellent,IKEA Industry,UAE,353.19,11.83,724.04,GRÖNLID,29278101.0,        2-seat sofa-bed,https://www.ikea.com/sa/en/p/groenlid-2-seat-sofa-bed-ljungen-dark-red-s29278101/,196.0,104.0,98.0,IKEA of Sweden/Francis Cayouette/Ehlén Johansson
O1106,2024-08-15,2024-08-19,CUST980,David Chen,Europe,Barcelona,Kitchen,Dinnerware,FÄRGRIK Bowl,1.0,1.89,0.0,1.89,0.77,Credit Card,Standard Class,No,Home Office,Juan Garcia,4.0,8.0,2024.0,2024-08-22,Positive,Swedwood,Spain,1.1,40.74,0.02,FÄRGRIK,,,,,,,
O1107,2023-05-11,2023-05-16,CUST617,Emily White,Asia,Tokyo,Furniture,Tables,LACK Side Table,9.0,20,0.0,180.0,58.85,PayPal,Second Class,No,Consumer,Aya Sato,5.0,5.0,2023.0,2023-05-21,Neutral,Local Supplier JP,Japan,13.0,32.7,13.15,LACK,60282186.0,"        Wall shelf unit,          30x190 cm",https://www.ikea.com/sa/en/p/lack-wall-shelf-unit-white-60282186/,30.0,190.0,28.0,C Halskov/H Dalsgaard
O1108,2024-01-20,2024-01-25,CUST754,John Smith,North America,New York,Lighting,Lamps,HEKTAR Floor Lamp,2.0,930.56,0.0,1861.12,601.78,UPI,Standard Class,No,Corporate,Omar Hassan,4.0,1.0,2024.0,2024-01-29,Negative,ABC Distributors,USA,529.62,32.33,200.0,HEKTAR,,,,,,,
O1109,2023-03-08,2023-03-12,CUST559,Maria Rodriguez,Europe,Manchester,Storage,Shelving Unit,HEMNES Storage,12.0,86.99,0.0,1043.88,419.82,NetBanking,Same Day,No,Home Office,Emily White,5.0,3.0,2023.0,2023-03-12,Excellent,FurniMart,UK,50.04,40.22,94.74,HEMNES,89931560.0,"        Bed frame,          140x200 cm",https://www.ikea.com/sa/en/p/hemnes-bed-frame-white-stain-s89931560/,154.0,,,IKEA of Sweden/Carina Bengs
O1110,2024-10-08,2024-10-10,CUST180,Kenji Tanaka,Asia,Beijing,Textiles,Bedding,FÄLTSKÄR Sheet Set,7.0,993.45,0.2,5563.32,1797.1,Credit Card,First Class,No,Consumer,Rohit Kumar,4.0,10.0,2024.0,2024-10-15,Positive,OfficeHub,China,504.6,32.3,572.58,FÄLTSKÄR,,,,,,,
O1111,2023-02-14,2023-02-17,CUST463,Fatima Al Marzooqi,Oceania,Melbourne,Furniture,Chairs,MILLBERGET Swivel Chair,4.0,150,0.1,540.0,196.53,PayPal,Second Class,No,Corporate,Anita Desai,2.0,2.0,2023.0,2023-02-24,Neutral,IKEA Industry,Australia,80.0,36.4,37.47,MILLBERGET,90339412.0,        Swivel chair,https://www.ikea.com/sa/en/p/millberget-swivel-chair-bomstad-black-90339412/,,,65.0,Ola Wihlborg
O1112,2024-06-20,2024-06-23,CUST316,David Chen,North America,Toronto,Kitchen,Dinnerware,OFTAST Plate,15.0,1.49,0.0,22.35,9.0,UPI,Standard Class,No,Home Office,Karan Mehta,5.0,6.0,2024.0,2024-06-28,Negative,Swedwood,Canada,0.85,40.27,3.82,OFTAST,,,,,,,
O1113,2023-09-27,2023-09-30,CUST883,Emily White,Europe,Berlin,Lighting,Lamps,FADO Table Lamp,2.0,22,0.0,44.0,19.18,NetBanking,Same Day,No,Consumer,Sofia Karlsson,4.0,9.0,2023.0,2023-09-30,Excellent,Local Supplier JP,Germany,10.0,43.59,4.82,FADO,,,,,,,
O1114,2024-03-04,2024-03-06,CUST211,John Smith,Asia,Osaka,Furniture,Sofas,GRÖNLID Sofa,1.0,650,0.0,650.0,209.68,Credit Card,First Class,No,Corporate,Juan Garcia,5.0,3.0,2024.0,2024-03-09,Positive,ABC Distributors,Japan,350.0,32.26,90.32,GRÖNLID,29278101.0,        2-seat sofa-bed,https://www.ikea.com/sa/en/p/groenlid-2-seat-sofa-bed-ljungen-dark-red-s29278101/,196.0,104.0,98.0,IKEA of Sweden/Francis Cayouette/Ehlén Johansson
O1115,2023-07-26,2023-07-31,CUST649,Maria Rodriguez,North America,Chicago,Storage,Wardrobes,PAX Wardrobe,4.0,737.91,0.1,2656.48,858.98,PayPal,Second Class,No,Home Office,Aya Sato,4.0,7.0,2023.0,2023-08-04,Neutral,FurniMart,USA,432.22,32.33,237.52,PAX,29385672.0,"        Wardrobe combination,          150x58x201 cm",https://www.ikea.com/sa/en/p/pax-wardrobe-combination-white-s29385672/,150.0,201.0,58.0,IKEA of Sweden/Ehlén Johansson
O1116,2024-11-28,2024-12-03,CUST711,Kenji Tanaka,Europe,Madrid,Kitchen,Appliances,TILLREDA Portable Induction Hob,3.0,957.28,0.0,2871.84,935.6,UPI,Standard Class,No,Consumer,Omar Hassan,5.0,11.0,2024.0,2024-12-07,Negative,OfficeHub,Spain,507.99,32.58,315.27,TILLREDA,,,,,,,
O1117,2023-01-05,2023-01-09,CUST840,Fatima Al Marzooqi,Middle East,Dubai,Textiles,Rugs,STOENSE Rug,10.0,140.91,0.0,1409.1,500.58,NetBanking,Same Day,No,Corporate,Emily White,3.0,1.0,2023.0,2023-01-09,Excellent,IKEA Industry,UAE,93.24,35.53,118.5,STOENSE,,,,,,,
O1118,2024-05-18,2024-05-23,CUST392,David Chen,North America,Vancouver,Lighting,Lamps,HEKTAR Floor Lamp,5.0,930.56,0.0,4652.8,1655.43,Credit Card,First Class,No,Home Office,Rohit Kumar,5.0,5.0,2024.0,2024-05-27,Positive,Swedwood,Canada,529.62,35.58,499.77,HEKTAR,,,,,,,
O1119,2023-09-05,2023-09-07,CUST610,Emily White,Europe,Berlin,Furniture,Tables,LACK Side Table,15.0,20,0.0,300.0,117.75,PayPal,Second Class,No,Consumer,Anita Desai,4.0,9.0,2023.0,2023-09-15,Neutral,Local Supplier JP,Germany,13.0,39.25,30.0,LACK,60282186.0,"        Wall shelf unit,          30x190 cm",https://www.ikea.com/sa/en/p/lack-wall-shelf-unit-white-60282186/,30.0,190.0,28.0,C Halskov/H Dalsgaard
O1120,2024-02-01,2024-02-05,CUST755,John Smith,Asia,Shanghai,Storage,Shelving Unit,KALLAX Shelf,8.0,45.99,0.0,367.92,146.47,UPI,Standard Class,No,Corporate,Karan Mehta,5.0,2.0,2024.0,2024-02-11,Negative,ABC Distributors,China,25.0,39.81,31.75,KALLAX,20275814.0,"        Shelving unit,          77x77 cm",https://www.ikea.com/sa/en/p/kallax-shelving-unit-white-20275814/,77.0,77.0,39.0,Tord Björklund
O1121,2023-06-25,2023-06-30,CUST521,Priya Sharma,North America,New York,Kitchen,Dinnerware,FÄRGRIK Bowl,10.0,1.89,0.0,18.9,7.64,NetBanking,Same Day,Yes,Home Office,Sofia Karlsson,4.0,6.0,2023.0,2023-06-30,Excellent,FurniMart,USA,1.1,40.42,2.5,FÄRGRIK,,,,,,,
O1122,2024-10-21,2024-10-26,CUST355,Michael Brown,Europe,London,Textiles,Bedding,GULLKLOCKA Duvet,3.0,59.99,0.1,161.97,25.02,Credit Card,First Class,No,Consumer,Juan Garcia,5.0,10.0,2024.0,2024-10-29,Positive,OfficeHub,UK,42.0,15.45,17.95,GULLKLOCKA,,,,,,,
O1123,2023-04-02,2023-04-07,CUST662,Jessica Lee,Asia,Tokyo,Furniture,Chairs,ODGER Chair,13.0,448.33,0.2,4662.63,1774.22,PayPal,Second Class,No,Corporate,Aya Sato,3.0,4.0,2023.0,2023-04-12,Neutral,IKEA Industry,Japan,212.72,38.05,393.37,ODGER,70308685.0,        Swivel chair,https://www.ikea.com/sa/en/p/odger-swivel-chair-white-beige-70308685/,68.0,,68.0,J Löfgren/J Pettersson
O1124,2024-01-15,2024-01-16,CUST240,Lars Anderson,Oceania,Sydney,Lighting,Lamps,FADO Table Lamp,4.0,22,0.0,88.0,38.35,UPI,Standard Class,No,Home Office,Omar Hassan,5.0,1.0,2024.0,2024-01-20,Negative,Swedwood,Australia,10.0,43.58,8.25,FADO,,,,,,,
O1125,2023-08-25,2023-08-29,CUST130,Maria Rodriguez,North America,Los Angeles,Furniture,Sofas,GRÖNLID Sofa,1.0,650,0.0,650.0,209.68,NetBanking,Same Day,No,Consumer,Emily White,4.0,8.0,2023.0,2023-08-29,Excellent,Local Supplier JP,USA,350.0,32.26,90.32,GRÖNLID,29278101.0,        2-seat sofa-bed,https://www.ikea.com/sa/en/p/groenlid-2-seat-sofa-bed-ljungen-dark-red-s29278101/,196.0,104.0,98.0,IKEA of Sweden/Francis Cayouette/Ehlén Johansson
O1126,2024-02-12,2024-02-15,CUST880,Kenji Tanaka,Europe,Berlin,Storage,Shelving Unit,BILLY Bookcase,7.0,271.04,0.05,1795.73,647.93,Credit Card,First Class,No,Corporate,Rohit Kumar,5.0,2.0,2024.0,2024-02-17,Positive,ABC Distributors,Germany,153.38,36.08,185.39,BILLY,263850.0,"        Bookcase,          80x28x202 cm",https://www.ikea.com/sa/en/p/billy-bookcase-white-00263850/,80.0,202.0,28.0,Gillis Lundgren
O1127,2023-03-31,2023-04-01,CUST401,Fatima Al Marzooqi,Asia,Mumbai,Textiles,Rugs,VINDUM Rug,6.0,250,0.1,1350.0,487.8,PayPal,Second Class,No,Home Office,Anita Desai,4.0,3.0,2023.0,2023-04-06,Neutral,FurniMart,India,180.0,36.13,132.2,VINDUM,,,,,,,
O1128,2024-07-13,2024-07-18,CUST555,David Chen,Middle East,Dubai,Kitchen,Dinnerware,OFTAST Plate,10.0,1.49,0.0,14.9,4.86,UPI,Standard Class,No,Consumer,Karan Mehta,5.0,7.0,2024.0,2024-07-23,Negative,OfficeHub,UAE,0.85,32.61,1.83,OFTAST,,,,,,,
O1129,2023-05-17,2023-05-22,CUST798,Emily White,North America,Toronto,Lighting,Lamps,LERSTA Floor Lamp,8.0,5.99,0.0,47.92,19.53,NetBanking,Same Day,No,Corporate,Sofia Karlsson,3.0,5.0,2023.0,2023-05-22,Excellent,IKEA Industry,Canada,3.35,40.76,4.88,LERSTA,,,,,,,
O1130,2024-11-09,2024-11-14,CUST445,John Smith,Europe,London,Furniture,Sofas,KLIPPAN Loveseat,1.0,773.41,0.0,773.41,240.23,Credit Card,First Class,No,Home Office,Juan Garcia,5.0,11.0,2024.0,2024-11-18,Positive,Swedwood,UK,585.16,31.06,48.02,KLIPPAN,9251777.0,        2-seat sofa,https://www.ikea.com/sa/en/p/klippan-2-seat-sofa-kabusa-dark-grey-s09251777/,180.0,66.0,88.0,IKEA of Sweden
O1131,2023-12-28,2023-12-28,CUST131,Priya Sharma,Asia,Tokyo,Storage,Shelving Unit,HEMNES Storage,9.0,86.99,0.1,704.62,268.08,PayPal,Second Class,No,Consumer,Aya Sato,4.0,12.0,2023.0,2024-01-07,Neutral,Local Supplier JP,Japan,50.04,38.05,46.86,HEMNES,89931560.0,"        Bed frame,          140x200 cm",https://www.ikea.com/sa/en/p/hemnes-bed-frame-white-stain-s89931560/,154.0,,,IKEA of Sweden/Carina Bengs
O1132,2024-06-08,2024-06-12,CUST777,Michael Brown,North America,New York,Kitchen,Appliances,LAGAN Fridge,2.0,600,0.05,1140.0,450.95,UPI,Standard Class,No,Corporate,Omar Hassan,5.0,6.0,2024.0,2024-06-18,Negative,ABC Distributors,USA,350.0,39.56,48.1,LAGAN,,,,,,,
O1133,2023-10-04,2023-10-05,CUST991,Jessica Lee,Europe,Madrid,Textiles,Bedding,GULLKLOCKA Duvet,5.0,55,0.0,275.0,17.65,NetBanking,Same Day,No,Home Office,Emily White,3.0,10.0,2023.0,2023-10-05,Excellent,FurniMart,Spain,42.0,6.42,52.35,GULLKLOCKA,,,,,,,
O1134,2024-04-26,2024-05-01,CUST444,Lars Anderson,Oceania,Melbourne,Furniture,Chairs,ADDE Chair,14.0,11.2,0.0,156.8,78.43,Credit Card,First Class,No,Consumer,Rohit Kumar,4.0,4.0,2024.0,2024-05-06,Positive,OfficeHub,Australia,5.92,50.02,16.45,ADDE,10219178.0,        Chair,https://www.ikea.com/sa/en/p/adde-chair-white-10219178/,39.0,77.0,47.0,Marcus Arvonen
O1135,2023-08-14,2023-08-19,CUST711,Maria Rodriguez,Asia,Shanghai,Lighting,Lamps,HEKTAR Floor Lamp,3.0,930.56,0.2,2233.34,694.94,PayPal,Second Class,No,Corporate,Anita Desai,5.0,8.0,2023.0,2023-08-24,Neutral,IKEA Industry,China,529.62,31.12,260.05,HEKTAR,,,,,,,
O1136,2024-01-28,2024-02-02,CUST980,Kenji Tanaka,North America,Toronto,Storage,Wardrobes,BRIMNES Wardrobe,6.0,321.05,0.0,1926.3,586.37,UPI,Standard Class,No,Home Office,Karan Mehta,4.0,1.0,2024.0,2024-02-07,Negative,Swedwood,Canada,205.1,30.44,175.76,BRIMNES,49278341.0,"        Bed frame w storage and headboard,          90x200 cm",https://www.ikea.com/sa/en/p/brimnes-bed-frame-w-storage-and-headboard-white-luroey-s49278341/,96.0,110.0,54.0,IKEA of Sweden/K Hagberg/M Hagberg
O1137,2023-05-26,2023-05-27,CUST617,Fatima Al Marzooqi,Europe,Berlin,Kitchen,Dinnerware,OFTAST Plate,15.0,1.49,0.05,21.21,6.55,NetBanking,Same Day,No,Consumer,Sofia Karlsson,5.0,5.0,2023.0,2023-05-28,Excellent,Local Supplier JP,Germany,0.85,30.87,3.51,OFTAST,,,,,,,
O1138,2024-07-23,2024-07-27,CUST754,David Chen,Middle East,Dubai,Textiles,Rugs,STOENSE Rug,5.0,140.91,0.0,704.55,240.54,Credit Card,First Class,No,Corporate,Juan Garcia,4.0,7.0,2024.0,2024-07-28,Positive,ABC Distributors,UAE,93.24,34.14,72.81,STOENSE,,,,,,,
O1139,2023-03-15,2023-03-20,CUST559,Emily White,North America,New York,Furniture,Sofas,KIVIK Sofa,1.0,799,0.0,799.0,258.11,PayPal,Second Class,No,Home Office,Aya Sato,5.0,3.0,2023.0,2023-03-25,Neutral,FurniMart,USA,450.0,32.3,50.89,KIVIK,79305512.0,        Chaise longue,https://www.ikea.com/sa/en/p/kivik-chaise-longue-skiftebo-dark-grey-s79305512/,90.0,83.0,163.0,Ola Wihlborg
O1140,2024-11-21,2024-11-23,CUST180,John Smith,Asia,Mumbai,Storage,Shelving Unit,BILLY Bookcase,7.0,271.04,0.0,1897.28,671.84,UPI,Standard Class,No,Consumer,Omar Hassan,3.0,11.0,2024.0,2024-11-30,Negative,OfficeHub,India,153.38,35.41,151.78,BILLY,263850.0,"        Bookcase,          80x28x202 cm",https://www.ikea.com/sa/en/p/billy-bookcase-white-00263850/,80.0,202.0,28.0,Gillis Lundgren
O1141,2023-04-07,2023-04-12,CUST463,Priya Sharma,Europe,Manchester,Lighting,Lamps,LERSTA Floor Lamp,13.0,5.99,0.1,69.87,27.6,NetBanking,Same Day,Yes,Corporate,Emily White,4.0,4.0,2023.0,2023-04-12,Excellent,IKEA Industry,UK,3.35,39.5,6.81,LERSTA,,,,,,,
O1142,2024-08-07,2024-08-12,CUST316,Michael Brown,North America,Vancouver,Kitchen,Dinnerware,FÄRGRIK Bowl,10.0,1.89,0.0,18.9,7.64,Credit Card,First Class,No,Home Office,Rohit Kumar,5.0,8.0,2024.0,2024-08-13,Positive,Swedwood,Canada,1.1,40.42,2.5,FÄRGRIK,,,,,,,
O1143,2023-12-16,2023-12-21,CUST883,Jessica Lee,Asia,Tokyo,Furniture,Chairs,MILLBERGET Swivel Chair,2.0,150,0.0,300.0,128.32,PayPal,Second Class,No,Consumer,Anita Desai,3.0,12.0,2023.0,2023-12-24,Neutral,Local Supplier JP,Japan,80.0,42.77,24.0,MILLBERGET,90339412.0,        Swivel chair,https://www.ikea.com/sa/en/p/millberget-swivel-chair-bomstad-black-90339412/,,,65.0,Ola Wihlborg
O1144,2024-06-05,2024-06-06,CUST212,Lars Anderson,Europe,Berlin,Storage,Wardrobes,PAX Wardrobe,3.0,737.91,0.0,2213.73,738.92,UPI,Standard Class,No,Corporate,Karan Mehta,4.0,6.0,2024.0,2024-06-11,Negative,ABC Distributors,Germany,432.22,33.38,179.8,PAX,29385672.0,"        Wardrobe combination,          150x58x201 cm",https://www.ikea.com/sa/en/p/pax-wardrobe-combination-white-s29385672/,150.0,201.0,58.0,IKEA of Sweden/Ehlén Johansson
O1145,2023-10-09,2023-10-13,CUST552,Maria Rodriguez,Middle East,Dubai,Textiles,Bedding,FÄLTSKÄR Sheet Set,5.0,993.45,0.0,4967.25,1642.48,NetBanking,Same Day,No,Home Office,Sofia Karlsson,5.0,10.0,2023.0,2023-10-13,Excellent,FurniMart,UAE,504.6,33.07,468.97,FÄLTSKÄR,,,,,,,
O1146,2024-04-05,2024-04-10,CUST583,Kenji Tanaka,North America,Chicago,Lighting,Lamps,HEKTAR Floor Lamp,1.0,930.56,0.1,837.5,239.31,Credit Card,First Class,Yes,Consumer,Juan Garcia,3.0,4.0,2024.0,2024-04-13,Positive,OfficeHub,USA,529.62,28.57,68.57,HEKTAR,,,,,,,
O1147,2023-08-01,2023-08-06,CUST957,Fatima Al Marzooqi,Europe,Barcelona,Furniture,Sofas,KLIPPAN Loveseat,2.0,773.41,0.05,1469.48,500.44,PayPal,Second Class,No,Corporate,Aya Sato,5.0,8.0,2023.0,2023-08-08,Neutral,IKEA Industry,Spain,585.16,34.05,114.72,KLIPPAN,9251777.0,        2-seat sofa,https://www.ikea.com/sa/en/p/klippan-2-seat-sofa-kabusa-dark-grey-s09251777/,180.0,66.0,88.0,IKEA of Sweden
O1148,2024-01-09,2024-01-14,CUST790,David Chen,Asia,Mumbai,Storage,Shelving Unit,HEMNES Storage,13.0,86.99,0.0,1130.87,453.86,UPI,Standard Class,No,Home Office,Omar Hassan,4.0,1.0,2024.0,2024-01-18,Negative,Swedwood,India,50.04,40.13,108.05,HEMNES,89931560.0,"        Bed frame,          140x200 cm",https://www.ikea.com/sa/en/p/hemnes-bed-frame-white-stain-s89931560/,154.0,,,IKEA of Sweden/Carina Bengs
O1149,2023-03-25,2023-03-30,CUST130,Emily White,Oceania,Sydney,Kitchen,Appliances,TILLREDA Portable Induction Hob,1.0,957.28,0.0,957.28,309.28,NetBanking,Same Day,No,Consumer,Emily White,5.0,3.0,2023.0,2023-03-30,Excellent,Local Supplier JP,Australia,507.99,32.31,140.01,TILLREDA,,,,,,,
O1150,2024-05-20,2024-05-21,CUST888,John Smith,North America,Toronto,Lighting,Lamps,FADO Table Lamp,4.0,22,0.2,70.4,30.64,Credit Card,First Class,No,Corporate,Rohit Kumar,4.0,5.0,2024.0,2024-05-23,Positive,ABC Distributors,Canada,10.0,43.52,5.76,FADO,,,,,,,
O1151,2023-10-17,2023-10-22,CUST991,Priya Sharma,Europe,Munich,Furniture,Tables,LINNMON/ADILS Desk,2.0,260.12,0.0,520.24,211.83,PayPal,Second Class,Yes,Home Office,Anita Desai,5.0,10.0,2023.0,2023-10-26,Neutral,FurniMart,Germany,137.91,40.72,29.77,LINNMON/ADILS,,,,,,,
O1152,2024-03-14,2024-03-19,CUST777,Michael Brown,Asia,Tokyo,Storage,Wardrobes,PAX Wardrobe,4.0,737.91,0.0,2951.64,993.49,UPI,Standard Class,No,Consumer,Karan Mehta,3.0,3.0,2024.0,2024-03-24,Negative,OfficeHub,Japan,432.22,33.66,280.4,PAX,29385672.0,"        Wardrobe combination,          150x58x201 cm",https://www.ikea.com/sa/en/p/pax-wardrobe-combination-white-s29385672/,150.0,201.0,58.0,IKEA of Sweden/Ehlén Johansson
O1153,2023-06-13,2023-06-18,CUST840,Jessica Lee,Middle East,Dubai,Textiles,Rugs,VINDUM Rug,8.0,250,0.0,2000.0,701.36,NetBanking,Same Day,No,Corporate,Sofia Karlsson,5.0,6.0,2023.0,2023-06-18,Excellent,IKEA Industry,UAE,180.0,35.07,298.64,VINDUM,,,,,,,
O1154,2024-11-04,2024-11-07,CUST406,Lars Anderson,North America,Chicago,Lighting,Lamps,FADO Table Lamp,6.0,22,0.05,125.4,58.74,Credit Card,First Class,No,Home Office,Juan Garcia,4.0,11.0,2024.0,2024-11-10,Positive,Swedwood,USA,10.0,46.84,7.66,FADO,,,,,,,
O1155,2023-08-28,2023-09-02,CUST910,Maria Rodriguez,Europe,Barcelona,Furniture,Sofas,GRÖNLID Sofa,1.0,650,0.3,455.0,113.43,PayPal,Second Class,No,Consumer,Aya Sato,5.0,8.0,2023.0,2023-09-05,Neutral,Local Supplier JP,Spain,350.0,24.93,14.57,GRÖNLID,29278101.0,        2-seat sofa-bed,https://www.ikea.com/sa/en/p/groenlid-2-seat-sofa-bed-ljungen-dark-red-s29278101/,196.0,104.0,98.0,IKEA of Sweden/Francis Cayouette/Ehlén Johansson
O1156,2024-02-04,2024-02-09,CUST790,Kenji Tanaka,Asia,Mumbai,Kitchen,Appliances,LAGAN Fridge,3.0,600,0.0,1800.0,661.35,UPI,Standard Class,No,Corporate,Omar Hassan,3.0,2.0,2024.0,2024-02-14,Negative,ABC Distributors,India,350.0,36.74,218.65,LAGAN,,,,,,,
O1157,2023-05-09,2023-05-14,CUST444,Fatima Al Marzooqi,Oceania,Sydney,Textiles,Bedding,GULLKLOCKA Duvet,4.0,59.99,0.0,239.96,39.54,NetBanking,Same Day,No,Home Office,Emily White,5.0,5.0,2023.0,2023-05-14,Excellent,FurniMart,Australia,42.0,16.48,27.82,GULLKLOCKA,,,,,,,
O1158,2024-07-20,2024-07-25,CUST711,David Chen,North America,Toronto,Lighting,Lamps,HEKTAR Floor Lamp,5.0,930.56,0.0,4652.8,1655.43,Credit Card,First Class,No,Consumer,Rohit Kumar,4.0,7.0,2024.0,2024-07-28,Positive,OfficeHub,Canada,529.62,35.58,499.77,HEKTAR,,,,,,,
O1159,2023-11-07,2023-11-12,CUST980,Emily White,Europe,Berlin,Furniture,Tables,INGATORP Dining Table,1.0,546.04,0.0,546.04,195.96,PayPal,Second Class,No,Corporate,Anita Desai,5.0,11.0,2023.0,2023-11-16,Neutral,IKEA Industry,Germany,342.14,35.89,7.94,INGATORP,29917307.0,"        Table and 4 chairs,          155 cm",https://www.ikea.com/sa/en/p/ingatorp-ingolf-table-and-4-chairs-white-s29917307/,87.0,74.0,,Carina Bengs
O1160,2024-05-27,2024-06-01,CUST617,John Smith,Asia,Tokyo,Storage,Shelving Unit,KALLAX Shelf,10.0,49.99,0.0,499.9,215.15,UPI,Standard Class,No,Home Office,Karan Mehta,3.0,5.0,2024.0,2024-06-06,Negative,Swedwood,Japan,30.0,43.04,44.75,KALLAX,20275814.0,"        Shelving unit,          77x77 cm",https://www.ikea.com/sa/en/p/kallax-shelving-unit-white-20275814/,77.0,77.0,39.0,Tord Björklund
O1161,2023-04-18,2023-04-23,CUST754,Priya Sharma,North America,New York,Kitchen,Dinnerware,OFTAST Plate,14.0,1.49,0.1,18.77,7.21,NetBanking,Same Day,No,Consumer,Sofia Karlsson,5.0,4.0,2023.0,2023-04-23,Excellent,Local Supplier JP,USA,0.85,38.39,2.56,OFTAST,,,,,,,
O1162,2024-09-03,2024-09-08,CUST559,Michael Brown,Europe,Manchester,Textiles,Rugs,STOENSE Rug,5.0,140.91,0.0,704.55,240.54,Credit Card,First Class,No,Corporate,Juan Garcia,4.0,9.0,2024.0,2024-09-12,Positive,ABC Distributors,UK,93.24,34.14,72.81,STOENSE,,,,,,,
O1163,2023-02-23,2023-02-28,CUST180,Jessica Lee,Asia,Mumbai,Furniture,Chairs,ODGER Chair,11.0,448.33,0.05,4662.63,1774.22,PayPal,Second Class,Yes,Home Office,Aya Sato,5.0,2.0,2023.0,2023-03-05,Neutral,FurniMart,India,212.72,38.05,393.37,ODGER,70308685.0,        Swivel chair,https://www.ikea.com/sa/en/p/odger-swivel-chair-white-beige-70308685/,68.0,,68.0,J Löfgren/J Pettersson
O1164,2024-07-06,2024-07-11,CUST463,Lars Anderson,Middle East,Dubai,Lighting,Lamps,LERSTA Floor Lamp,8.0,5.99,0.2,38.34,15.65,UPI,Standard Class,No,Consumer,Omar Hassan,3.0,7.0,2024.0,2024-07-16,Negative,OfficeHub,UAE,3.35,40.82,3.63,LERSTA,,,,,,,
O1165,2023-01-10,2023-01-15,CUST316,Maria Rodriguez,North America,Vancouver,Storage,Wardrobes,PAX Wardrobe,1.0,737.91,0.0,737.91,237.99,NetBanking,Same Day,No,Corporate,Emily White,4.0,1.0,2023.0,2023-01-15,Excellent,IKEA Industry,Canada,432.22,32.25,67.7,PAX,29385672.0,"        Wardrobe combination,          150x58x201 cm",https://www.ikea.com/sa/en/p/pax-wardrobe-combination-white-s29385672/,150.0,201.0,58.0,IKEA of Sweden/Ehlén Johansson
O1166,2024-08-20,2024-08-25,CUST883,Kenji Tanaka,Europe,Madrid,Kitchen,Appliances,TILLREDA Portable Induction Hob,4.0,957.28,0.0,3829.12,1230.13,Credit Card,First Class,Yes,Home Office,Rohit Kumar,5.0,8.0,2024.0,2024-08-28,Positive,Swedwood,Spain,507.99,32.13,435.03,TILLREDA,,,,,,,
O1167,2023-03-24,2023-03-29,CUST211,Fatima Al Marzooqi,Asia,Shanghai,Textiles,Bedding,GULLKLOCKA Duvet,3.0,59.99,0.0,179.97,29.35,PayPal,Second Class,No,Consumer,Anita Desai,4.0,3.0,2023.0,2023-04-03,Neutral,Local Supplier JP,China,42.0,16.31,38.62,GULLKLOCKA,,,,,,,
O1168,2024-09-12,2024-09-17,CUST610,David Chen,Oceania,Melbourne,Furniture,Sofas,KIVIK Sofa,2.0,799,0.0,1598.0,517.91,UPI,Standard Class,No,Corporate,Karan Mehta,5.0,9.0,2024.0,2024-09-22,Negative,ABC Distributors,Australia,450.0,32.41,102.18,KIVIK,79305512.0,        Chaise longue,https://www.ikea.com/sa/en/p/kivik-chaise-longue-skiftebo-dark-grey-s79305512/,90.0,83.0,163.0,Ola Wihlborg
O1169,2023-11-19,2023-11-24,CUST649,Emily White,North America,Toronto,Storage,Shelving Unit,BILLY Bookcase,15.0,271.04,0.0,4065.6,1443.83,NetBanking,Same Day,No,Home Office,Sofia Karlsson,3.0,11.0,2023.0,2023-11-24,Excellent,FurniMart,Canada,153.38,35.51,327.99,BILLY,263850.0,"        Bookcase,          80x28x202 cm",https://www.ikea.com/sa/en/p/billy-bookcase-white-00263850/,80.0,202.0,28.0,Gillis Lundgren
O1170,2024-04-14,2024-04-19,CUST355,John Smith,Europe,Berlin,Lighting,Lamps,HEKTAR Floor Lamp,5.0,930.56,0.0,4652.8,1655.43,Credit Card,First Class,No,Consumer,Juan Garcia,5.0,4.0,2024.0,2024-04-21,Positive,OfficeHub,Germany,529.62,35.58,499.77,HEKTAR,,,,,,,
O1171,2023-07-09,2023-07-14,CUST666,Priya Sharma,Asia,Tokyo,Furniture,Tables,LINNMON/ADILS Desk,2.0,260.12,0.1,468.22,192.36,PayPal,Second Class,No,Corporate,Aya Sato,4.0,7.0,2023.0,2023-07-19,Neutral,IKEA Industry,Japan,137.91,41.08,25.68,LINNMON/ADILS,,,,,,,
O1172,2024-01-23,2024-01-28,CUST999,Michael Brown,North America,New York,Kitchen,Appliances,TILLREDA Portable Induction Hob,3.0,957.28,0.0,2871.84,927.98,UPI,Standard Class,No,Home Office,Omar Hassan,5.0,1.0,2024.0,2024-02-02,Negative,Swedwood,USA,507.99,32.31,320.1,TILLREDA,,,,,,,
O1173,2023-03-02,2023-03-03,CUST777,Jessica Lee,Europe,Madrid,Textiles,Bedding,FÄLTSKÄR Sheet Set,6.0,993.45,0.0,5960.7,2038.54,NetBanking,Same Day,No,Consumer,Emily White,3.0,3.0,2023.0,2023-03-05,Excellent,Local Supplier JP,Spain,504.6,34.19,573.56,FÄLTSKÄR,,,,,,,
O1174,2024-08-05,2024-08-06,CUST840,Lars Anderson,Asia,Mumbai,Furniture,Chairs,ADDE Chair,15.0,11.2,0.0,168.0,72.54,Credit Card,First Class,No,Corporate,Rohit Kumar,5.0,8.0,2024.0,2024-08-10,Positive,ABC Distributors,India,5.92,43.18,15.26,ADDE,10219178.0,        Chair,https://www.ikea.com/sa/en/p/adde-chair-white-10219178/,39.0,77.0,47.0,Marcus Arvonen
O1175,2023-12-18,2023-12-23,CUST914,Maria Rodriguez,Oceania,Sydney,Lighting,Lamps,FADO Table Lamp,4.0,22,0.0,88.0,38.35,PayPal,Second Class,No,Home Office,Anita Desai,4.0,12.0,2023.0,2023-12-27,Neutral,FurniMart,Australia,10.0,43.58,8.25,FADO,,,,,,,
O1176,2024-06-22,2024-06-27,CUST798,Kenji Tanaka,North America,Toronto,Storage,Wardrobes,PAX Wardrobe,1.0,737.91,0.0,737.91,237.99,UPI,Standard Class,No,Consumer,Karan Mehta,5.0,6.0,2024.0,2024-06-30,Negative,OfficeHub,Canada,432.22,32.25,67.7,PAX,29385672.0,"        Wardrobe combination,          150x58x201 cm",https://www.ikea.com/sa/en/p/pax-wardrobe-combination-white-s29385672/,150.0,201.0,58.0,IKEA of Sweden/Ehlén Johansson
O1177,2023-11-24,2023-11-29,CUST445,Fatima Al Marzooqi,Europe,Berlin,Kitchen,Dinnerware,OFTAST Plate,10.0,1.49,0.0,14.9,4.86,NetBanking,Same Day,No,Corporate,Sofia Karlsson,4.0,11.0,2023.0,2023-11-29,Excellent,IKEA Industry,Germany,0.85,32.61,1.83,OFTAST,,,,,,,
O1178,2024-05-12,2024-05-13,CUST555,David Chen,Asia,Tokyo,Textiles,Rugs,STOENSE Rug,5.0,140.91,0.1,634.09,224.21,Credit Card,First Class,Yes,Home Office,Juan Garcia,5.0,5.0,2024.0,2024-05-16,Positive,Swedwood,Japan,93.24,35.36,62.77,STOENSE,,,,,,,
O1179,2023-01-29,2023-02-03,CUST333,Emily White,Middle East,Dubai,Lighting,Lamps,HEKTAR Floor Lamp,2.0,930.56,0.0,1861.12,601.78,PayPal,Second Class,No,Consumer,Aya Sato,3.0,1.0,2023.0,2023-02-08,Neutral,Local Supplier JP,UAE,529.62,32.33,200.0,HEKTAR,,,,,,,
O1180,2024-10-10,2024-10-15,CUST755,John Smith,North America,Chicago,Furniture,Sofas,KLIPPAN Loveseat,3.0,773.41,0.2,1856.18,599.99,UPI,Standard Class,No,Corporate,Omar Hassan,4.0,10.0,2024.0,2024-10-20,Negative,ABC Distributors,USA,585.16,32.32,162.75,KLIPPAN,9251777.0,        2-seat sofa,https://www.ikea.com/sa/en/p/klippan-2-seat-sofa-kabusa-dark-grey-s09251777/,180.0,66.0,88.0,IKEA of Sweden
O1181,2023-04-28,2023-05-03,CUST521,Priya Sharma,Europe,Madrid,Storage,Shelving Unit,BILLY Bookcase,8.0,271.04,0.05,2059.87,741.08,NetBanking,Same Day,No,Home Office,Emily White,5.0,4.0,2023.0,2023-05-03,Excellent,FurniMart,Spain,153.38,36.08,185.39,BILLY,263850.0,"        Bookcase,          80x28x202 cm",https://www.ikea.com/sa/en/p/billy-bookcase-white-00263850/,80.0,202.0,28.0,Gillis Lundgren
O1182,2024-09-27,2024-09-28,CUST355,Michael Brown,Asia,Mumbai,Textiles,Bedding,GULLKLOCKA Duvet,5.0,59.99,0.0,299.95,53.6,Credit Card,First Class,No,Consumer,Rohit Kumar,4.0,9.0,2024.0,2024-10-01,Positive,OfficeHub,India,42.0,17.87,46.35,GULLKLOCKA,,,,,,,
O1183,2023-02-18,2023-02-23,CUST662,Jessica Lee,North America,Vancouver,Kitchen,Dinnerware,FÄRGRIK Bowl,11.0,1.89,0.0,20.79,8.41,PayPal,Second Class,No,Corporate,Anita Desai,5.0,2.0,2023.0,2023-02-28,Neutral,IKEA Industry,Canada,1.1,40.43,2.58,FÄRGRIK,,,,,,,
O1184,2024-07-25,2024-07-30,CUST740,Lars Anderson,Europe,London,Furniture,Chairs,MILLBERGET Swivel Chair,3.0,150,0.1,405.0,155.1,UPI,Standard Class,No,Home Office,Karan Mehta,4.0,7.0,2024.0,2024-08-04,Negative,Swedwood,UK,80.0,38.3,35.7,MILLBERGET,90339412.0,        Swivel chair,https://www.ikea.com/sa/en/p/millberget-swivel-chair-bomstad-black-90339412/,,,65.0,Ola Wihlborg
O1185,2023-11-16,2023-11-21,CUST999,Maria Rodriguez,Asia,Tokyo,Storage,Wardrobes,BRIMNES Wardrobe,6.0,321.05,0.2,1541.04,473.8,NetBanking,Same Day,No,Consumer,Sofia Karlsson,5.0,11.0,2023.0,2023-11-21,Excellent,Local Supplier JP,Japan,205.1,30.75,148.84,BRIMNES,49278341.0,"        Bed frame w storage and headboard,          90x200 cm",https://www.ikea.com/sa/en/p/brimnes-bed-frame-w-storage-and-headboard-white-luroey-s49278341/,96.0,110.0,54.0,IKEA of Sweden/K Hagberg/M Hagberg
O1186,2024-12-01,2024-12-06,CUST212,David Chen,North America,Toronto,Furniture,Tables,LINNMON/ADILS Desk,5.0,260.12,0.0,1300.6,529.58,UPI,Second Class,No,Consumer,Aya Sato,4.0,12.0,2024.0,2024-12-10,Positive,IKEA Industry,Canada,137.91,40.72,74.45,LINNMON/ADILS,,,,,,,
O1187,2023-01-04,2023-01-07,CUST740,Emily White,Asia,Osaka,Lighting,Lamps,FADO Table Lamp,12.0,22,0.1,237.6,97.4,NetBanking,Same Day,No,Home Office,Omar Hassan,5.0,1.0,2023.0,2023-01-07,Excellent,Swedwood,Japan,10.0,41.0,14.56,FADO,,,,,,,
O1188,2024-06-15,2024-06-20,CUST910,John Smith,Europe,London,Kitchen,Appliances,LAGAN Fridge,2.0,600,0.0,1200.0,480.0,Credit Card,Standard Class,No,Corporate,Emily White,3.0,6.0,2024.0,2024-06-24,Neutral,Local Supplier JP,UK,350.0,40.0,72.0,LAGAN,,,,,,,
O1189,2023-09-10,2023-09-15,CUST666,Kenji Tanaka,North America,Chicago,Textiles,Rugs,VINDUM Rug,3.0,250,0.0,750.0,262.5,PayPal,Second Class,No,Consumer,Rohit Kumar,4.0,9.0,2023.0,2023-09-20,Negative,ABC Distributors,USA,180.0,35.0,75.0,VINDUM,,,,,,,
O1190,2024-03-01,2024-03-05,CUST550,Maria Rodriguez,Asia,Mumbai,Furniture,Chairs,ODGER Chair,6.0,448.33,0.05,2555.48,973.08,UPI,First Class,No,Home Office,Anita Desai,5.0,3.0,2024.0,2024-03-08,Positive,FurniMart,India,212.72,38.08,230.0,ODGER,70308685.0,        Swivel chair,https://www.ikea.com/sa/en/p/odger-swivel-chair-white-beige-70308685/,68.0,,68.0,J Löfgren/J Pettersson
O1191,2023-07-18,2023-07-23,CUST392,Priya Sharma,Europe,Berlin,Storage,Wardrobes,PAX Wardrobe,1.0,737.91,0.0,737.91,250.84,NetBanking,Standard Class,No,Corporate,Karan Mehta,5.0,7.0,2023.0,2023-07-28,Excellent,OfficeHub,Germany,432.22,34.0,66.41,PAX,29385672.0,"        Wardrobe combination,          150x58x201 cm",https://www.ikea.com/sa/en/p/pax-wardrobe-combination-white-s29385672/,150.0,201.0,58.0,IKEA of Sweden/Ehlén Johansson
O1192,2024-11-20,2024-11-24,CUST880,David Chen,Oceania,Sydney,Lighting,Lamps,HEKTAR Floor Lamp,4.0,930.56,0.1,3350.02,1083.47,Credit Card,Same Day,No,Consumer,Sofia Karlsson,4.0,11.0,2024.0,2024-11-24,Positive,IKEA Industry,Australia,529.62,32.34,335.0,HEKTAR,,,,,,,
O1193,2023-02-09,2023-02-14,CUST401,John Smith,North America,Vancouver,Kitchen,Dinnerware,FÄRGRIK Bowl,10.0,1.89,0.0,18.9,7.64,PayPal,Second Class,Yes,Home Office,Juan Garcia,2.0,2.0,2023.0,2023-02-19,Neutral,Swedwood,Canada,1.1,40.42,1.89,FÄRGRIK,,,,,,,
O1194,2024-05-08,2024-05-13,CUST333,Emily White,Asia,Tokyo,Textiles,Bedding,GULLKLOCKA Duvet,7.0,59.99,0.0,419.93,70.92,UPI,Standard Class,No,Corporate,Aya Sato,5.0,5.0,2024.0,2024-05-18,Negative,Local Supplier JP,Japan,42.0,16.89,41.99,GULLKLOCKA,,,,,,,
O1195,2023-10-06,2023-10-10,CUST521,Michael Brown,Europe,Madrid,Furniture,Sofas,KIVIK Sofa,1.0,799,0.2,639.2,223.72,NetBanking,First Class,No,Consumer,Omar Hassan,5.0,10.0,2023.0,2023-10-12,Excellent,ABC Distributors,Spain,450.0,35.0,38.35,KIVIK,79305512.0,        Chaise longue,https://www.ikea.com/sa/en/p/kivik-chaise-longue-skiftebo-dark-grey-s79305512/,90.0,83.0,163.0,Ola Wihlborg
O1196,2024-04-29,2024-05-04,CUST610,Fatima Al Marzooqi,North America,New York,Storage,Shelving Unit,HEMNES Storage,8.0,86.99,0.0,695.92,277.57,Credit Card,Second Class,No,Home Office,Emily White,4.0,4.0,2024.0,2024-05-09,Positive,FurniMart,USA,50.04,39.88,55.67,HEMNES,89931560.0,"        Bed frame,          140x200 cm",https://www.ikea.com/sa/en/p/hemnes-bed-frame-white-stain-s89931560/,154.0,,,IKEA of Sweden/Carina Bengs
O1197,2023-08-01,2023-08-05,CUST798,Lars Anderson,Middle East,Dubai,Lighting,Lamps,LERSTA Floor Lamp,5.0,5.99,0.05,28.45,11.53,PayPal,Standard Class,Yes,Corporate,Rohit Kumar,1.0,8.0,2023.0,2023-08-10,Neutral,OfficeHub,UAE,3.35,40.54,2.85,LERSTA,,,,,,,
O1198,2024-02-20,2024-02-25,CUST883,Kenji Tanaka,Asia,Shanghai,Kitchen,Dinnerware,OFTAST Plate,15.0,1.49,0.0,22.35,8.89,UPI,Same Day,No,Consumer,Anita Desai,5.0,2.0,2024.0,2024-02-25,Negative,IKEA Industry,China,0.85,39.77,2.23,OFTAST,,,,,,,
O1199,2023-06-03,2023-06-08,CUST240,Maria Rodriguez,Europe,Berlin,Furniture,Tables,INGATORP Dining Table,2.0,546.04,0.1,982.87,316.08,NetBanking,Second Class,No,Home Office,Karan Mehta,4.0,6.0,2023.0,2023-06-13,Excellent,Swedwood,Germany,342.14,32.16,58.97,INGATORP,29917307.0,"        Table and 4 chairs,          155 cm",https://www.ikea.com/sa/en/p/ingatorp-ingolf-table-and-4-chairs-white-s29917307/,87.0,74.0,,Carina Bengs
O1200,2024-10-13,2024-10-18,CUST130,David Chen,North America,Toronto,Textiles,Bedding,FÄLTSKÄR Sheet Set,6.0,993.45,0.0,5960.7,2038.54,Credit Card,Standard Class,No,Corporate,Sofia Karlsson,5.0,10.0,2024.0,2024-10-23,Positive,Local Supplier JP,Canada,504.6,34.19,596.07,FÄLTSKÄR,,,,,,,
O1201,2023-05-28,2023-06-02,CUST777,Emily White,Asia,Tokyo,Storage,Wardrobes,BRIMNES Wardrobe,10.0,321.05,0.1,2889.45,871.3,PayPal,First Class,Yes,Consumer,Juan Garcia,3.0,5.0,2023.0,2023-06-05,Neutral,ABC Distributors,Japan,205.1,30.15,288.94,BRIMNES,49278341.0,"        Bed frame w storage and headboard,          90x200 cm",https://www.ikea.com/sa/en/p/brimnes-bed-frame-w-storage-and-headboard-white-luroey-s49278341/,96.0,110.0,54.0,IKEA of Sweden/K Hagberg/M Hagberg
O1202,2024-01-11,2024-01-16,CUST617,John Smith,Oceania,Melbourne,Lighting,Lamps,HEKTAR Floor Lamp,5.0,930.56,0.0,4652.8,1708.2,UPI,Same Day,No,Home Office,Aya Sato,5.0,1.0,2024.0,2024-01-16,Negative,FurniMart,Australia,529.62,36.71,465.28,HEKTAR,,,,,,,
O1203,2023-03-09,2023-03-14,CUST445,Kenji Tanaka,North America,Los Angeles,Kitchen,Appliances,LAGAN Fridge,2.0,600,0.2,960.0,240.0,NetBanking,Second Class,No,Corporate,Omar Hassan,4.0,3.0,2023.0,2023-03-18,Excellent,OfficeHub,USA,350.0,25.0,76.8,LAGAN,,,,,,,
O1204,2024-07-04,2024-07-09,CUST755,Fatima Al Marzooqi,Europe,Madrid,Furniture,Sofas,KLIPPAN Loveseat,3.0,773.41,0.0,2320.23,748.16,Credit Card,Standard Class,No,Consumer,Emily White,5.0,7.0,2024.0,2024-07-14,Positive,IKEA Industry,Spain,585.16,32.25,232.02,KLIPPAN,9251777.0,        2-seat sofa,https://www.ikea.com/sa/en/p/klippan-2-seat-sofa-kabusa-dark-grey-s09251777/,180.0,66.0,88.0,IKEA of Sweden
O1205,2023-11-29,2023-12-04,CUST991,Lars Anderson,Asia,Mumbai,Storage,Shelving Unit,KALLAX Shelf,9.0,49.99,0.0,449.91,148.11,PayPal,First Class,No,Home Office,Rohit Kumar,3.0,11.0,2023.0,2023-12-07,Neutral,Swedwood,India,30.0,32.92,44.99,KALLAX,20275814.0,"        Shelving unit,          77x77 cm",https://www.ikea.com/sa/en/p/kallax-shelving-unit-white-20275814/,77.0,77.0,39.0,Tord Björklund
O1206,2024-05-22,2024-05-27,CUST211,Maria Rodriguez,North America,Vancouver,Textiles,Rugs,STOENSE Rug,7.0,140.91,0.0,986.37,407.95,UPI,Same Day,No,Corporate,Anita Desai,5.0,5.0,2024.0,2024-05-27,Negative,Local Supplier JP,Canada,93.24,41.36,98.64,STOENSE,,,,,,,
O1207,2023-01-20,2023-01-25,CUST559,David Chen,Europe,Manchester,Lighting,Lamps,FADO Table Lamp,4.0,22,0.0,88.0,38.35,NetBanking,Second Class,Yes,Consumer,Karan Mehta,2.0,1.0,2023.0,2023-01-29,Excellent,ABC Distributors,UK,10.0,43.58,8.8,FADO,,,,,,,
O1208,2024-06-25,2024-06-30,CUST180,Emily White,Asia,Tokyo,Furniture,Tables,LACK Side Table,15.0,25,0.1,337.5,166.56,Credit Card,Standard Class,No,Home Office,Sofia Karlsson,4.0,6.0,2024.0,2024-07-05,Positive,FurniMart,Japan,11.5,49.35,33.75,LACK,60282186.0,"        Wall shelf unit,          30x190 cm",https://www.ikea.com/sa/en/p/lack-wall-shelf-unit-white-60282186/,30.0,190.0,28.0,C Halskov/H Dalsgaard
O1209,2023-10-15,2023-10-20,CUST840,John Smith,Middle East,Dubai,Kitchen,Dinnerware,FÄRGRIK Bowl,11.0,1.89,0.0,20.79,8.41,PayPal,First Class,No,Corporate,Juan Garcia,5.0,10.0,2023.0,2023-10-23,Neutral,OfficeHub,UAE,1.1,40.43,2.08,FÄRGRIK,,,,,,,
O1210,2024-04-01,2024-04-06,CUST316,Kenji Tanaka,North America,Toronto,Storage,Wardrobes,PAX Wardrobe,2.0,737.91,0.0,1475.82,497.35,UPI,Same Day,No,Consumer,Aya Sato,4.0,4.0,2024.0,2024-04-06,Negative,IKEA Industry,Canada,432.22,33.7,147.58,PAX,29385672.0,"        Wardrobe combination,          150x58x201 cm",https://www.ikea.com/sa/en/p/pax-wardrobe-combination-white-s29385672/,150.0,201.0,58.0,IKEA of Sweden/Ehlén Johansson
O1211,2023-08-19,2023-08-24,CUST463,Fatima Al Marzooqi,Europe,Barcelona,Lighting,Lamps,LERSTA Floor Lamp,8.0,5.99,0.0,47.92,20.6,NetBanking,Second Class,No,Home Office,Omar Hassan,5.0,8.0,2023.0,2023-08-28,Excellent,Swedwood,Spain,3.35,43.0,4.79,LERSTA,,,,,,,
O1212,2024-12-10,2024-12-15,CUST777,Lars Anderson,Asia,Mumbai,Textiles,Bedding,GULLKLOCKA Duvet,3.0,59.99,0.2,143.98,24.48,Credit Card,Standard Class,Yes,Corporate,Emily White,3.0,12.0,2024.0,2024-12-20,Positive,Local Supplier JP,India,42.0,17.0,14.4,GULLKLOCKA,,,,,,,
O1213,2023-05-14,2023-05-19,CUST552,Maria Rodriguez,North America,New York,Furniture,Sofas,GRÖNLID Sofa,1.0,650,0.0,650.0,209.68,PayPal,First Class,No,Consumer,Rohit Kumar,4.0,5.0,2023.0,2023-05-22,Neutral,ABC Distributors,USA,350.0,32.26,65.0,GRÖNLID,29278101.0,        2-seat sofa-bed,https://www.ikea.com/sa/en/p/groenlid-2-seat-sofa-bed-ljungen-dark-red-s29278101/,196.0,104.0,98.0,IKEA of Sweden/Francis Cayouette/Ehlén Johansson
O1214,2024-09-07,2024-09-12,CUST790,David Chen,Europe,Munich,Storage,Shelving Unit,BILLY Bookcase,7.0,271.04,0.1,1708.2,643.0,UPI,Same Day,No,Home Office,Anita Desai,5.0,9.0,2024.0,2024-09-12,Negative,FurniMart,Germany,153.38,37.64,170.82,BILLY,263850.0,"        Bookcase,          80x28x202 cm",https://www.ikea.com/sa/en/p/billy-bookcase-white-00263850/,80.0,202.0,28.0,Gillis Lundgren
O1215,2023-03-27,2023-04-01,CUST914,Emily White,Oceania,Sydney,Lighting,Lamps,HEKTAR Floor Lamp,5.0,930.56,0.0,4652.8,1708.2,NetBanking,Second Class,No,Corporate,Karan Mehta,4.0,3.0,2023.0,2023-04-05,Excellent,OfficeHub,Australia,529.62,36.71,465.28,HEKTAR,,,,,,,
O1216,2024-07-29,2024-08-03,CUST999,John Smith,Asia,Tokyo,Kitchen,Appliances,TILLREDA Portable Induction Hob,4.0,957.28,0.0,3829.12,1230.13,Credit Card,Standard Class,Yes,Consumer,Sofia Karlsson,5.0,7.0,2024.0,2024-08-08,Positive,IKEA Industry,Japan,507.99,32.13,382.91,TILLREDA,,,,,,,
O1217,2023-12-14,2023-12-19,CUST662,Kenji Tanaka,North America,Toronto,Furniture,Chairs,ADDE Chair,15.0,11.2,0.0,168.0,72.54,PayPal,First Class,No,Home Office,Juan Garcia,3.0,12.0,2023.0,2023-12-22,Neutral,Swedwood,Canada,5.92,43.18,16.8,ADDE,10219178.0,        Chair,https://www.ikea.com/sa/en/p/adde-chair-white-10219178/,39.0,77.0,47.0,Marcus Arvonen
O1218,2024-02-17,2024-02-22,CUST131,Fatima Al Marzooqi,Europe,London,Storage,Shelving Unit,KALLAX Shelf,6.0,49.99,0.0,299.94,118.96,UPI,Same Day,No,Corporate,Aya Sato,5.0,2.0,2024.0,2024-02-22,Negative,Local Supplier JP,UK,30.0,39.66,29.99,KALLAX,20275814.0,"        Shelving unit,          77x77 cm",https://www.ikea.com/sa/en/p/kallax-shelving-unit-white-20275814/,77.0,77.0,39.0,Tord Björklund
O1219,2023-06-11,2023-06-16,CUST980,Lars Anderson,Asia,Mumbai,Textiles,Rugs,STOENSE Rug,5.0,140.91,0.1,634.09,240.54,NetBanking,Second Class,No,Consumer,Omar Hassan,4.0,6.0,2023.0,2023-06-20,Excellent,ABC Distributors,India,93.24,37.93,63.41,STOENSE,,,,,,,
O1220,2024-10-24,2024-10-29,CUST754,Maria Rodriguez,North America,New York,Lighting,Lamps,FADO Table Lamp,4.0,22,0.0,88.0,38.35,Credit Card,Standard Class,Yes,Home Office,Emily White,5.0,10.0,2024.0,2024-11-03,Positive,FurniMart,USA,10.0,43.58,8.8,FADO,,,,,,,
O1221,2023-07-06,2023-07-11,CUST888,David Chen,Europe,Madrid,Furniture,Tables,LINNMON/ADILS Desk,2.0,260.12,0.05,494.23,201.24,PayPal,First Class,No,Corporate,Rohit Kumar,3.0,7.0,2023.0,2023-07-14,Neutral,OfficeHub,Spain,137.91,40.72,49.42,LINNMON/ADILS,,,,,,,
O1222,2024-11-05,2024-11-10,CUST559,Emily White,Asia,Tokyo,Storage,Wardrobes,PAX Wardrobe,3.0,737.91,0.0,2213.73,750.0,UPI,Same Day,No,Consumer,Anita Desai,4.0,11.0,2024.0,2024-11-10,Negative,IKEA Industry,Japan,432.22,33.97,221.37,PAX,29385672.0,"        Wardrobe combination,          150x58x201 cm",https://www.ikea.com/sa/en/p/pax-wardrobe-combination-white-s29385672/,150.0,201.0,58.0,IKEA of Sweden/Ehlén Johansson
O1223,2023-02-21,2023-02-26,CUST101,John Smith,Oceania,Sydney,Kitchen,Appliances,LAGAN Fridge,1.0,600,0.0,600.0,240.0,NetBanking,Second Class,No,Home Office,Karan Mehta,5.0,2.0,2023.0,2023-03-03,Excellent,Swedwood,Australia,350.0,40.0,60.0,LAGAN,,,,,,,
O1224,2024-08-01,2024-08-06,CUST444,Kenji Tanaka,North America,Chicago,Textiles,Rugs,VINDUM Rug,8.0,250,0.1,1800.0,630.0,Credit Card,Standard Class,No,Corporate,Sofia Karlsson,5.0,8.0,2024.0,2024-08-11,Positive,Local Supplier JP,USA,180.0,35.0,180.0,VINDUM,,,,,,,
O1225,2023-01-27,2023-02-01,CUST711,Fatima Al Marzooqi,Europe,Berlin,Furniture,Chairs,MILLBERGET Swivel Chair,5.0,150,0.0,750.0,320.8,PayPal,First Class,Yes,Consumer,Juan Garcia,4.0,1.0,2023.0,2023-02-04,Neutral,ABC Distributors,Germany,80.0,42.77,75.0,MILLBERGET,90339412.0,        Swivel chair,https://www.ikea.com/sa/en/p/millberget-swivel-chair-bomstad-black-90339412/,,,65.0,Ola Wihlborg
O1226,2024-03-12,2024-03-17,CUST583,Lars Anderson,Asia,Shanghai,Lighting,Lamps,HEKTAR Floor Lamp,3.0,930.56,0.05,2651.09,954.39,UPI,Same Day,No,Home Office,Aya Sato,5.0,3.0,2024.0,2024-03-17,Negative,FurniMart,China,529.62,36.0,265.11,HEKTAR,,,,,,,
O1227,2023-07-21,2023-07-26,CUST957,Maria Rodriguez,North America,Vancouver,Kitchen,Dinnerware,OFTAST Plate,10.0,1.49,0.0,14.9,4.86,NetBanking,Second Class,No,Corporate,Omar Hassan,3.0,7.0,2023.0,2023-07-30,Excellent,OfficeHub,Canada,0.85,32.61,1.49,OFTAST,,,,,,,
O1228,2024-11-13,2024-11-18,CUST406,David Chen,Europe,London,Textiles,Bedding,FÄLTSKÄR Sheet Set,4.0,993.45,0.0,3973.8,1340.0,Credit Card,Standard Class,No,Consumer,Emily White,5.0,11.0,2024.0,2024-11-23,Positive,IKEA Industry,UK,504.6,33.72,397.38,FÄLTSKÄR,,,,,,,
O1229,2023-04-10,2023-04-15,CUST649,Emily White,Asia,Tokyo,Furniture,Sofas,KLIPPAN Loveseat,1.0,773.41,0.1,696.07,200.0,PayPal,First Class,No,Home Office,Rohit Kumar,4.0,4.0,2023.0,2023-04-18,Neutral,Swedwood,Japan,585.16,28.73,69.61,KLIPPAN,9251777.0,        2-seat sofa,https://www.ikea.com/sa/en/p/klippan-2-seat-sofa-kabusa-dark-grey-s09251777/,180.0,66.0,88.0,IKEA of Sweden
O1230,2024-08-25,2024-08-30,CUST168,John Smith,North America,Toronto,Storage,Shelving Unit,HEMNES Storage,11.0,86.99,0.0,956.89,358.55,UPI,Same Day,No,Corporate,Anita Desai,5.0,8.0,2024.0,2024-08-30,Negative,Local Supplier JP,Canada,50.04,37.47,95.69,HEMNES,89931560.0,"        Bed frame,          140x200 cm",https://www.ikea.com/sa/en/p/hemnes-bed-frame-white-stain-s89931560/,154.0,,,IKEA of Sweden/Carina Bengs
O1231,2023-12-05,2023-12-10,CUST790,Kenji Tanaka,Middle East,Dubai,Lighting,Lamps,LERSTA Floor Lamp,7.0,5.99,0.0,41.93,16.5,NetBanking,Second Class,No,Consumer,Karan Mehta,3.0,12.0,2023.0,2023-12-14,Excellent,ABC Distributors,UAE,3.35,39.35,4.19,LERSTA,,,,,,,
O1232,2024-05-18,2024-05-23,CUST883,Maria Rodriguez,Asia,Mumbai,Kitchen,Appliances,LAGAN Fridge,2.0,600,0.0,1200.0,420.0,Credit Card,Standard Class,No,Home Office,Sofia Karlsson,5.0,5.0,2024.0,2024-05-28,Positive,FurniMart,India,350.0,35.0,120.0,LAGAN,,,,,,,
O1233,2023-09-15,2023-09-20,CUST550,David Chen,Europe,London,Furniture,Tables,LINNMON/ADILS Desk,3.0,260.12,0.1,702.32,285.59,PayPal,First Class,No,Corporate,Juan Garcia,4.0,9.0,2023.0,2023-09-23,Neutral,OfficeHub,UK,137.91,40.66,70.23,LINNMON/ADILS,,,,,,,
O1234,2024-04-19,2024-04-24,CUST444,Emily White,North America,Los Angeles,Storage,Wardrobes,PAX Wardrobe,1.0,737.91,0.0,737.91,250.84,UPI,Same Day,No,Consumer,Aya Sato,5.0,4.0,2024.0,2024-04-24,Negative,IKEA Industry,USA,432.22,34.0,73.79,PAX,29385672.0,"        Wardrobe combination,          150x58x201 cm",https://www.ikea.com/sa/en/p/pax-wardrobe-combination-white-s29385672/,150.0,201.0,58.0,IKEA of Sweden/Ehlén Johansson
O1235,2023-08-08,2023-08-13,CUST740,John Smith,Middle East,Dubai,Textiles,Rugs,STOENSE Rug,5.0,140.91,0.0,704.55,240.54,NetBanking,Second Class,Yes,Home Office,Omar Hassan,3.0,8.0,2023.0,2023-08-17,Excellent,Swedwood,UAE,93.24,34.14,70.46,STOENSE,,,,,,,
O1236,2024-12-28,2025-01-02,CUST211,Kenji Tanaka,Asia,Tokyo,Lighting,Lamps,HEKTAR Floor Lamp,4.0,930.56,0.2,2977.79,967.87,Credit Card,Standard Class,No,Corporate,Emily White,4.0,12.0,2024.0,2025-01-07,Positive,Local Supplier JP,Japan,529.62,32.5,297.78,HEKTAR,,,,,,,
O1237,2023-05-02,2023-05-07,CUST610,Fatima Al Marzooqi,Europe,Manchester,Furniture,Sofas,GRÖNLID Sofa,1.0,650,0.0,650.0,209.68,PayPal,First Class,No,Consumer,Rohit Kumar,5.0,5.0,2023.0,2023-05-10,Neutral,ABC Distributors,UK,350.0,32.26,65.0,GRÖNLID,29278101.0,        2-seat sofa-bed,https://www.ikea.com/sa/en/p/groenlid-2-seat-sofa-bed-ljungen-dark-red-s29278101/,196.0,104.0,98.0,IKEA of Sweden/Francis Cayouette/Ehlén Johansson
O1238,2024-07-08,2024-07-13,CUST798,Lars Anderson,North America,Toronto,Storage,Shelving Unit,BILLY Bookcase,6.0,271.04,0.05,1544.52,583.56,UPI,Same Day,No,Home Office,Anita Desai,4.0,7.0,2024.0,2024-07-13,Negative,FurniMart,Canada,153.38,37.78,154.45,BILLY,263850.0,"        Bookcase,          80x28x202 cm",https://www.ikea.com/sa/en/p/billy-bookcase-white-00263850/,80.0,202.0,28.0,Gillis Lundgren
O1239,2023-11-10,2023-11-15,CUST777,Maria Rodriguez,Asia,Mumbai,Kitchen,Dinnerware,OFTAST Plate,12.0,1.49,0.0,17.88,5.85,NetBanking,Second Class,No,Corporate,Karan Mehta,5.0,11.0,2023.0,2023-11-19,Excellent,OfficeHub,India,0.85,32.72,1.79,OFTAST,,,,,,,
O1240,2024-06-20,2024-06-25,CUST406,David Chen,Europe,Madrid,Textiles,Bedding,GULLKLOCKA Duvet,3.0,59.99,0.1,161.97,28.0,Credit Card,Standard Class,No,Consumer,Sofia Karlsson,3.0,6.0,2024.0,2024-06-30,Positive,IKEA Industry,Spain,42.0,17.29,16.2,GULLKLOCKA,,,,,,,
O1241,2023-01-15,2023-01-20,CUST991,Emily White,North America,New York,Furniture,Chairs,ODGER Chair,8.0,448.33,0.0,3586.64,1496.0,PayPal,First Class,No,Home Office,Juan Garcia,5.0,1.0,2023.0,2023-01-23,Neutral,Swedwood,USA,212.72,41.71,358.66,ODGER,70308685.0,        Swivel chair,https://www.ikea.com/sa/en/p/odger-swivel-chair-white-beige-70308685/,68.0,,68.0,J Löfgren/J Pettersson
O1242,2024-09-02,2024-09-07,CUST130,John Smith,Oceania,Melbourne,Lighting,Lamps,FADO Table Lamp,4.0,22,0.0,88.0,38.35,UPI,Same Day,No,Corporate,Aya Sato,4.0,9.0,2024.0,2024-09-07,Negative,Local Supplier JP,Australia,10.0,43.58,8.8,FADO,,,,,,,
O1243,2023-03-24,2023-03-29,CUST711,Kenji Tanaka,Asia,Tokyo,Kitchen,Appliances,TILLREDA Portable Induction Hob,5.0,957.28,0.0,4786.4,1568.17,NetBanking,Second Class,No,Consumer,Omar Hassan,5.0,3.0,2023.0,2023-04-02,Excellent,ABC Distributors,Japan,507.99,32.76,478.64,TILLREDA,,,,,,,
O1244,2024-01-05,2024-01-10,CUST550,Fatima Al Marzooqi,Europe,Manchester,Furniture,Tables,INGATORP Dining Table,1.0,546.04,0.05,518.74,174.45,Credit Card,Standard Class,Yes,Home Office,Emily White,3.0,1.0,2024.0,2024-01-15,Positive,FurniMart,UK,342.14,33.63,51.87,INGATORP,29917307.0,"        Table and 4 chairs,          155 cm",https://www.ikea.com/sa/en/p/ingatorp-ingolf-table-and-4-chairs-white-s29917307/,87.0,74.0,,Carina Bengs
O1245,2023-05-09,2023-05-14,CUST880,Lars Anderson,North America,Chicago,Storage,Shelving Unit,KALLAX Shelf,10.0,49.99,0.0,499.9,199.96,PayPal,First Class,No,Corporate,Rohit Kumar,5.0,5.0,2023.0,2023-05-17,Neutral,OfficeHub,USA,30.0,40.0,49.99,KALLAX,20275814.0,"        Shelving unit,          77x77 cm",https://www.ikea.com/sa/en/p/kallax-shelving-unit-white-20275814/,77.0,77.0,39.0,Tord Björklund
O1246,2024-09-15,2024-09-20,CUST401,Maria Rodriguez,Asia,Shanghai,Textiles,Rugs,VINDUM Rug,2.0,250,0.0,500.0,180.0,UPI,Same Day,No,Consumer,Anita Desai,4.0,9.0,2024.0,2024-09-20,Negative,IKEA Industry,China,180.0,36.0,50.0,VINDUM,,,,,,,
O1247,2023-02-04,2023-02-09,CUST333,David Chen,Oceania,Melbourne,Lighting,Lamps,LERSTA Floor Lamp,11.0,5.99,0.1,59.3,25.0,NetBanking,Second Class,No,Home Office,Karan Mehta,5.0,2.0,2023.0,2023-02-14,Excellent,Swedwood,Australia,3.35,42.16,5.93,LERSTA,,,,,,,
O1248,2024-07-23,2024-07-28,CUST521,Emily White,North America,Vancouver,Kitchen,Dinnerware,FÄRGRIK Bowl,15.0,1.89,0.0,28.35,11.45,Credit Card,Standard Class,Yes,Corporate,Sofia Karlsson,3.0,7.0,2024.0,2024-08-02,Positive,Local Supplier JP,Canada,1.1,40.39,2.84,FÄRGRIK,,,,,,,
O1249,2023-11-20,2023-11-25,CUST755,John Smith,Europe,London,Furniture,Sofas,KIVIK Sofa,1.0,799,0.0,799.0,258.11,PayPal,First Class,No,Consumer,Juan Garcia,5.0,11.0,2023.0,2023-11-28,Neutral,ABC Distributors,UK,450.0,32.3,79.9,KIVIK,79305512.0,        Chaise longue,https://www.ikea.com/sa/en/p/kivik-chaise-longue-skiftebo-dark-grey-s79305512/,90.0,83.0,163.0,Ola Wihlborg
O1250,2024-05-06,2024-05-11,CUST914,Kenji Tanaka,Asia,Tokyo,Storage,Wardrobes,BRIMNES Wardrobe,6.0,321.05,0.0,1926.3,600.0,UPI,Same Day,No,Home Office,Aya Sato,4.0,5.0,2024.0,2024-05-11,Negative,FurniMart,Japan,205.1,31.15,192.63,BRIMNES,49278341.0,"        Bed frame w storage and headboard,          90x200 cm",https://www.ikea.com/sa/en/p/brimnes-bed-frame-w-storage-and-headboard-white-luroey-s49278341/,96.0,110.0,54.0,IKEA of Sweden/K Hagberg/M Hagberg
O1251,2023-08-11,2023-08-16,CUST666,Fatima Al Marzooqi,Middle East,Dubai,Lighting,Lamps,FADO Table Lamp,4.0,22,0.05,83.6,35.0,NetBanking,Second Class,No,Corporate,Omar Hassan,5.0,8.0,2023.0,2023-08-20,Excellent,OfficeHub,UAE,10.0,41.86,8.36,FADO,,,,,,,
O1252,2024-12-15,2024-12-20,CUST888,Lars Anderson,North America,Toronto,Textiles,Bedding,GULLKLOCKA Duvet,3.0,59.99,0.0,179.97,39.54,Credit Card,Standard Class,No,Consumer,Emily White,5.0,12.0,2024.0,2024-12-25,Positive,IKEA Industry,Canada,42.0,21.97,17.99,GULLKLOCKA,,,,,,,
O1253,2023-01-22,2023-01-27,CUST212,Maria Rodriguez,Europe,Madrid,Furniture,Chairs,ADDE Chair,10.0,11.2,0.0,112.0,48.3,PayPal,First Class,Yes,Home Office,Rohit Kumar,2.0,1.0,2023.0,2023-01-30,Neutral,Swedwood,Spain,5.92,43.12,11.2,ADDE,10219178.0,        Chair,https://www.ikea.com/sa/en/p/adde-chair-white-10219178/,39.0,77.0,47.0,Marcus Arvonen
O1254,2024-06-09,2024-06-14,CUST316,David Chen,Asia,Tokyo,Storage,Shelving Unit,BILLY Bookcase,7.0,271.04,0.1,1708.2,620.0,UPI,Same Day,No,Corporate,Anita Desai,4.0,6.0,2024.0,2024-06-14,Negative,Local Supplier JP,Japan,153.38,36.29,170.82,BILLY,263850.0,"        Bookcase,          80x28x202 cm",https://www.ikea.com/sa/en/p/billy-bookcase-white-00263850/,80.0,202.0,28.0,Gillis Lundgren
O1255,2023-04-16,2023-04-21,CUST552,Emily White,North America,New York,Lighting,Lamps,LERSTA Floor Lamp,5.0,5.99,0.0,29.95,12.83,NetBanking,Second Class,No,Consumer,Karan Mehta,5.0,4.0,2023.0,2023-04-25,Excellent,ABC Distributors,USA,3.35,42.84,2.99,LERSTA,,,,,,,
O1256,2024-08-29,2024-09-03,CUST980,John Smith,Europe,Berlin,Kitchen,Appliances,LAGAN Fridge,2.0,600,0.2,960.0,225.07,Credit Card,Standard Class,No,Home Office,Sofia Karlsson,5.0,8.0,2024.0,2024-09-08,Positive,FurniMart,Germany,350.0,23.44,96.0,LAGAN,,,,,,,
O1257,2023-10-01,2023-10-06,CUST880,Kenji Tanaka,Asia,Mumbai,Furniture,Sofas,GRÖNLID Sofa,1.0,650,0.0,650.0,209.68,PayPal,First Class,Yes,Corporate,Juan Garcia,3.0,10.0,2023.0,2023-10-09,Neutral,OfficeHub,India,350.0,32.26,65.0,GRÖNLID,29278101.0,        2-seat sofa-bed,https://www.ikea.com/sa/en/p/groenlid-2-seat-sofa-bed-ljungen-dark-red-s29278101/,196.0,104.0,98.0,IKEA of Sweden/Francis Cayouette/Ehlén Johansson
O1258,2024-04-22,2024-04-27,CUST559,Fatima Al Marzooqi,North America,Vancouver,Storage,Wardrobes,BRIMNES Wardrobe,7.0,321.05,0.0,2247.35,682.01,UPI,Same Day,No,Consumer,Aya Sato,5.0,4.0,2024.0,2024-04-27,Negative,IKEA Industry,Canada,205.1,30.35,224.74,BRIMNES,49278341.0,"        Bed frame w storage and headboard,          90x200 cm",https://www.ikea.com/sa/en/p/brimnes-bed-frame-w-storage-and-headboard-white-luroey-s49278341/,96.0,110.0,54.0,IKEA of Sweden/K Hagberg/M Hagberg
O1259,2023-08-22,2023-08-27,CUST180,Lars Anderson,Middle East,Dubai,Textiles,Rugs,STOENSE Rug,6.0,140.91,0.05,803.19,280.64,NetBanking,Second Class,No,Home Office,Omar Hassan,4.0,8.0,2023.0,2023-08-31,Excellent,Swedwood,UAE,93.24,36.88,80.32,STOENSE,,,,,,,
O1260,2024-12-04,2024-12-09,CUST840,Maria Rodriguez,Asia,Shanghai,Lighting,Lamps,HEKTAR Floor Lamp,5.0,930.56,0.0,4652.8,1655.43,Credit Card,Standard Class,No,Corporate,Emily White,5.0,12.0,2024.0,2024-12-14,Positive,Local Supplier JP,China,529.62,35.58,465.28,HEKTAR,,,,,,,
O1261,2023-02-18,2023-02-23,CUST463,David Chen,North America,Toronto,Kitchen,Dinnerware,FÄRGRIK Bowl,10.0,1.89,0.0,18.9,7.64,PayPal,First Class,Yes,Consumer,Rohit Kumar,3.0,2.0,2023.0,2023-02-26,Neutral,ABC Distributors,Canada,1.1,40.42,1.89,FÄRGRIK,,,,,,,
O1262,2024-07-01,2024-07-06,CUST790,Emily White,Europe,London,Furniture,Chairs,ODGER Chair,8.0,448.33,0.1,3227.98,1226.74,UPI,Same Day,No,Home Office,Anita Desai,5.0,7.0,2024.0,2024-07-06,Negative,FurniMart,UK,212.72,37.99,322.8,ODGER,70308685.0,        Swivel chair,https://www.ikea.com/sa/en/p/odger-swivel-chair-white-beige-70308685/,68.0,,68.0,J Löfgren/J Pettersson
O1263,2023-11-25,2023-11-30,CUST999,John Smith,Asia,Tokyo,Storage,Shelving Unit,BILLY Bookcase,7.0,271.04,0.0,1897.28,671.84,NetBanking,Second Class,No,Corporate,Karan Mehta,4.0,11.0,2023.0,2023-12-04,Excellent,OfficeHub,Japan,153.38,35.41,189.73,BILLY,263850.0,"        Bookcase,          80x28x202 cm",https://www.ikea.com/sa/en/p/billy-bookcase-white-00263850/,80.0,202.0,28.0,Gillis Lundgren
O1264,2024-03-20,2024-03-25,CUST754,Kenji Tanaka,North America,Chicago,Textiles,Bedding,FÄLTSKÄR Sheet Set,4.0,993.45,0.1,3576.42,1146.43,Credit Card,Standard Class,No,Consumer,Sofia Karlsson,5.0,3.0,2024.0,2024-03-30,Positive,IKEA Industry,USA,504.6,32.06,357.64,FÄLTSKÄR,,,,,,,
O1265,2023-07-13,2023-07-18,CUST617,Fatima Al Marzooqi,Europe,Madrid,Lighting,Lamps,FADO Table Lamp,4.0,22,0.0,88.0,38.35,PayPal,First Class,No,Home Office,Juan Garcia,3.0,7.0,2023.0,2023-07-21,Neutral,Swedwood,Spain,10.0,43.58,8.8,FADO,,,,,,,
O1266,2024-11-01,2024-11-06,CUST777,Lars Anderson,Asia,Mumbai,Kitchen,Appliances,LAGAN Fridge,2.0,600,0.0,1200.0,420.0,UPI,Same Day,No,Corporate,Aya Sato,5.0,11.0,2024.0,2024-11-06,Negative,Local Supplier JP,India,350.0,35.0,120.0,LAGAN,,,,,,,
O1267,2023-05-16,2023-05-21,CUST211,Maria Rodriguez,North America,Vancouver,Furniture,Sofas,KLIPPAN Loveseat,3.0,773.41,0.0,2320.23,748.16,NetBanking,Second Class,No,Consumer,Omar Hassan,4.0,5.0,2023.0,2023-05-25,Excellent,ABC Distributors,Canada,585.16,32.25,232.02,KLIPPAN,9251777.0,        2-seat sofa,https://www.ikea.com/sa/en/p/klippan-2-seat-sofa-kabusa-dark-grey-s09251777/,180.0,66.0,88.0,IKEA of Sweden
O1268,2024-09-09,2024-09-14,CUST445,David Chen,Oceania,Sydney,Storage,Wardrobes,PAX Wardrobe,1.0,737.91,0.1,664.12,226.78,Credit Card,Standard Class,Yes,Home Office,Emily White,5.0,9.0,2024.0,2024-09-19,Positive,FurniMart,Australia,432.22,34.15,66.41,PAX,29385672.0,"        Wardrobe combination,          150x58x201 cm",https://www.ikea.com/sa/en/p/pax-wardrobe-combination-white-s29385672/,150.0,201.0,58.0,IKEA of Sweden/Ehlén Johansson
O1269,2023-03-01,2023-03-06,CUST662,Emily White,Asia,Delhi,Textiles,Rugs,VINDUM Rug,6.0,250,0.0,1500.0,540.0,PayPal,First Class,No,Corporate,Rohit Kumar,3.0,3.0,2023.0,2023-03-09,Neutral,OfficeHub,India,180.0,36.0,150.0,VINDUM,,,,,,,
O1270,2024-07-28,2024-08-02,CUST550,John Smith,North America,New York,Lighting,Lamps,LERSTA Floor Lamp,8.0,5.99,0.0,47.92,20.6,UPI,Same Day,No,Consumer,Anita Desai,5.0,7.0,2024.0,2024-08-02,Negative,IKEA Industry,USA,3.35,43.0,4.79,LERSTA,,,,,,,
O1271,2023-11-14,2023-11-19,CUST180,Kenji Tanaka,Europe,Berlin,Furniture,Tables,LACK Side Table,15.0,25,0.0,375.0,185.06,NetBanking,Second Class,No,Home Office,Karan Mehta,4.0,11.0,2023.0,2023-11-23,Excellent,Swedwood,Germany,11.5,49.35,37.5,LACK,60282186.0,"        Wall shelf unit,          30x190 cm",https://www.ikea.com/sa/en/p/lack-wall-shelf-unit-white-60282186/,30.0,190.0,28.0,C Halskov/H Dalsgaard
O1272,2024-03-27,2024-04-01,CUST883,Fatima Al Marzooqi,Asia,Tokyo,Kitchen,Dinnerware,OFTAST Plate,10.0,1.49,0.05,14.16,4.6,Credit Card,Standard Class,No,Corporate,Sofia Karlsson,5.0,3.0,2024.0,2024-04-06,Positive,Local Supplier JP,Japan,0.85,32.51,1.42,OFTAST,,,,,,,
O1273,2023-08-03,2023-08-08,CUST521,Lars Anderson,North America,Los Angeles,Furniture,Tables,LINNMON/ADILS Desk,4.0,260.12,0.0,1040.48,423.85,NetBanking,First Class,No,Consumer,Juan Garcia,4.0,8.0,2023.0,2023-08-11,Positive,OfficeHub,USA,137.91,40.73,104.05,LINNMON/ADILS,,,,,,,
O1274,2024-12-25,2024-12-30,CUST914,Maria Rodriguez,Oceania,Sydney,Lighting,Lamps,HEKTAR Floor Lamp,5.0,930.56,0.0,4652.8,1655.43,UPI,Same Day,No,Home Office,Aya Sato,5.0,12.0,2024.0,2024-12-30,Excellent,IKEA Industry,Australia,529.62,35.58,465.28,HEKTAR,,,,,,,
O1275,2023-01-18,2023-01-23,CUST444,David Chen,North America,Toronto,Storage,Shelving Unit,KALLAX Shelf,10.0,49.99,0.0,499.9,199.96,NetBanking,Second Class,No,Corporate,Omar Hassan,4.0,1.0,2023.0,2023-01-27,Positive,Swedwood,Canada,30.0,40.0,49.99,KALLAX,20275814.0,"        Shelving unit,          77x77 cm",https://www.ikea.com/sa/en/p/kallax-shelving-unit-white-20275814/,77.0,77.0,39.0,Tord Björklund
O1276,2024-06-22,2024-06-27,CUST740,Emily White,Asia,Tokyo,Furniture,Sofas,KIVIK Sofa,1.0,799,0.1,719.1,232.09,Credit Card,Standard Class,No,Consumer,Emily White,5.0,6.0,2024.0,2024-07-02,Neutral,Local Supplier JP,Japan,450.0,32.27,71.91,KIVIK,79305512.0,        Chaise longue,https://www.ikea.com/sa/en/p/kivik-chaise-longue-skiftebo-dark-grey-s79305512/,90.0,83.0,163.0,Ola Wihlborg
O1277,2023-09-05,2023-09-10,CUST610,John Smith,Europe,London,Kitchen,Appliances,TILLREDA Portable Induction Hob,3.0,957.28,0.0,2871.84,934.34,PayPal,First Class,No,Home Office,Rohit Kumar,4.0,9.0,2023.0,2023-09-13,Negative,ABC Distributors,UK,507.99,32.53,287.18,TILLREDA,,,,,,,
O1278,2024-04-05,2024-04-10,CUST798,Kenji Tanaka,North America,New York,Textiles,Rugs,STOENSE Rug,7.0,140.91,0.05,938.83,360.85,UPI,Same Day,No,Corporate,Anita Desai,5.0,4.0,2024.0,2024-04-10,Excellent,FurniMart,USA,93.24,38.44,93.88,STOENSE,,,,,,,
O1279,2023-08-15,2023-08-20,CUST131,Fatima Al Marzooqi,Middle East,Dubai,Lighting,Lamps,FADO Table Lamp,12.0,22,0.0,264.0,115.06,NetBanking,Second Class,No,Consumer,Karan Mehta,3.0,8.0,2023.0,2023-08-24,Positive,OfficeHub,UAE,10.0,43.58,26.4,FADO,,,,,,,
O1280,2024-12-19,2024-12-24,CUST888,Lars Anderson,Asia,Mumbai,Furniture,Chairs,ADDE Chair,15.0,11.2,0.1,151.2,65.25,Credit Card,Standard Class,No,Home Office,Sofia Karlsson,5.0,12.0,2024.0,2024-12-29,Neutral,IKEA Industry,India,5.92,43.15,15.12,ADDE,10219178.0,        Chair,https://www.ikea.com/sa/en/p/adde-chair-white-10219178/,39.0,77.0,47.0,Marcus Arvonen
O1281,2023-05-25,2023-05-30,CUST212,Maria Rodriguez,Europe,Berlin,Storage,Shelving Unit,HEMNES Storage,8.0,86.99,0.0,695.92,277.57,PayPal,First Class,Yes,Corporate,Juan Garcia,4.0,5.0,2023.0,2023-06-02,Negative,Swedwood,Germany,50.04,39.88,69.59,HEMNES,89931560.0,"        Bed frame,          140x200 cm",https://www.ikea.com/sa/en/p/hemnes-bed-frame-white-stain-s89931560/,154.0,,,IKEA of Sweden/Carina Bengs
O1282,2024-09-12,2024-09-17,CUST333,David Chen,Oceania,Melbourne,Textiles,Bedding,GULLKLOCKA Duvet,7.0,59.99,0.0,419.93,70.92,UPI,Same Day,No,Consumer,Aya Sato,5.0,9.0,2024.0,2024-09-17,Excellent,Local Supplier JP,Australia,42.0,16.89,41.99,GULLKLOCKA,,,,,,,
O1283,2023-03-05,2023-03-10,CUST521,Emily White,North America,Vancouver,Kitchen,Dinnerware,OFTAST Plate,10.0,1.49,0.0,14.9,4.86,NetBanking,Second Class,No,Home Office,Omar Hassan,4.0,3.0,2023.0,2023-03-14,Positive,ABC Distributors,Canada,0.85,32.61,1.49,OFTAST,,,,,,,
O1284,2024-07-07,2024-07-12,CUST755,John Smith,Asia,Tokyo,Furniture,Tables,LINNMON/ADILS Desk,5.0,260.12,0.2,1040.48,423.85,Credit Card,Standard Class,No,Corporate,Emily White,3.0,7.0,2024.0,2024-07-17,Neutral,FurniMart,Japan,137.91,40.73,104.05,LINNMON/ADILS,,,,,,,
O1285,2023-11-28,2023-12-03,CUST991,Kenji Tanaka,Europe,Madrid,Lighting,Lamps,LERSTA Floor Lamp,8.0,5.99,0.0,47.92,20.6,PayPal,First Class,No,Consumer,Rohit Kumar,5.0,11.0,2023.0,2023-12-06,Negative,OfficeHub,Spain,3.35,43.0,4.79,LERSTA,,,,,,,
O1286,2024-04-15,2024-04-20,CUST401,Fatima Al Marzooqi,North America,Chicago,Storage,Wardrobes,PAX Wardrobe,2.0,737.91,0.0,1475.82,497.35,UPI,Same Day,No,Home Office,Anita Desai,4.0,4.0,2024.0,2024-04-20,Excellent,IKEA Industry,USA,432.22,33.7,147.58,PAX,29385672.0,"        Wardrobe combination,          150x58x201 cm",https://www.ikea.com/sa/en/p/pax-wardrobe-combination-white-s29385672/,150.0,201.0,58.0,IKEA of Sweden/Ehlén Johansson
O1287,2023-08-29,2023-09-03,CUST777,Lars Anderson,Asia,Mumbai,Textiles,Bedding,FÄLTSKÄR Sheet Set,3.0,993.45,0.05,2831.33,970.08,NetBanking,Second Class,No,Corporate,Karan Mehta,5.0,8.0,2023.0,2023-09-07,Positive,Swedwood,India,504.6,34.26,283.13,FÄLTSKÄR,,,,,,,
O1288,2024-12-08,2024-12-13,CUST617,Maria Rodriguez,Oceania,Sydney,Furniture,Sofas,GRÖNLID Sofa,1.0,650,0.0,650.0,209.68,Credit Card,Standard Class,Yes,Consumer,Sofia Karlsson,3.0,12.0,2024.0,2024-12-18,Neutral,Local Supplier JP,Australia,350.0,32.26,65.0,GRÖNLID,29278101.0,        2-seat sofa-bed,https://www.ikea.com/sa/en/p/groenlid-2-seat-sofa-bed-ljungen-dark-red-s29278101/,196.0,104.0,98.0,IKEA of Sweden/Francis Cayouette/Ehlén Johansson
O1289,2023-06-19,2023-06-24,CUST880,David Chen,Europe,Berlin,Kitchen,Appliances,LAGAN Fridge,2.0,600,0.1,1080.0,360.0,PayPal,First Class,No,Home Office,Juan Garcia,5.0,6.0,2023.0,2023-06-27,Negative,ABC Distributors,Germany,350.0,33.33,108.0,LAGAN,,,,,,,
O1290,2024-10-29,2024-11-03,CUST957,Emily White,North America,Toronto,Lighting,Lamps,FADO Table Lamp,4.0,22,0.0,88.0,38.35,UPI,Same Day,No,Corporate,Aya Sato,4.0,10.0,2024.0,2024-11-03,Excellent,FurniMart,Canada,10.0,43.58,8.8,FADO,,,,,,,
O1291,2023-02-28,2023-03-05,CUST711,John Smith,Asia,Tokyo,Storage,Shelving Unit,KALLAX Shelf,6.0,49.99,0.0,299.94,118.96,NetBanking,Second Class,No,Consumer,Omar Hassan,5.0,2.0,2023.0,2023-03-09,Positive,OfficeHub,Japan,30.0,39.66,29.99,KALLAX,20275814.0,"        Shelving unit,          77x77 cm",https://www.ikea.com/sa/en/p/kallax-shelving-unit-white-20275814/,77.0,77.0,39.0,Tord Björklund
O1292,2024-07-20,2024-07-25,CUST444,Kenji Tanaka,Europe,London,Textiles,Rugs,VINDUM Rug,3.0,250,0.2,600.0,210.0,Credit Card,Standard Class,No,Home Office,Emily White,3.0,7.0,2024.0,2024-07-30,Neutral,IKEA Industry,UK,180.0,35.0,60.0,VINDUM,,,,,,,
O1293,2023-11-08,2023-11-13,CUST754,Fatima Al Marzooqi,North America,Los Angeles,Furniture,Tables,INGATORP Dining Table,1.0,546.04,0.0,546.04,179.99,PayPal,First Class,No,Corporate,Rohit Kumar,4.0,11.0,2023.0,2023-11-16,Negative,Swedwood,USA,342.14,32.96,54.6,INGATORP,29917307.0,"        Table and 4 chairs,          155 cm",https://www.ikea.com/sa/en/p/ingatorp-ingolf-table-and-4-chairs-white-s29917307/,87.0,74.0,,Carina Bengs
O1294,2024-05-28,2024-06-02,CUST168,Lars Anderson,Asia,Mumbai,Lighting,Lamps,HEKTAR Floor Lamp,5.0,930.56,0.0,4652.8,1708.2,UPI,Same Day,Yes,Consumer,Anita Desai,5.0,5.0,2024.0,2024-06-02,Excellent,Local Supplier JP,India,529.62,36.71,465.28,HEKTAR,,,,,,,
O1295,2023-04-13,2023-04-18,CUST790,Maria Rodriguez,Europe,Madrid,Kitchen,Dinnerware,FÄRGRIK Bowl,10.0,1.89,0.05,17.96,7.26,NetBanking,Second Class,No,Home Office,Karan Mehta,4.0,4.0,2023.0,2023-04-22,Positive,ABC Distributors,Spain,1.1,40.42,1.8,FÄRGRIK,,,,,,,
O1296,2024-08-05,2024-08-10,CUST910,David Chen,North America,Vancouver,Storage,Shelving Unit,BILLY Bookcase,7.0,271.04,0.0,1897.28,680.0,Credit Card,Standard Class,No,Corporate,Sofia Karlsson,5.0,8.0,2024.0,2024-08-15,Neutral,FurniMart,Canada,153.38,35.84,189.73,BILLY,263850.0,"        Bookcase,          80x28x202 cm",https://www.ikea.com/sa/en/p/billy-bookcase-white-00263850/,80.0,202.0,28.0,Gillis Lundgren
O1297,2023-01-31,2023-02-05,CUST666,Emily White,Oceania,Sydney,Textiles,Bedding,GULLKLOCKA Duvet,3.0,59.99,0.0,179.97,39.54,PayPal,First Class,No,Consumer,Juan Garcia,3.0,1.0,2023.0,2023-02-08,Negative,OfficeHub,Australia,42.0,21.97,17.99,GULLKLOCKA,,,,,,,
O1298,2024-11-18,2024-11-23,CUST392,John Smith,Asia,Shanghai,Furniture,Chairs,MILLBERGET Swivel Chair,5.0,150,0.0,750.0,320.8,UPI,Same Day,No,Home Office,Aya Sato,5.0,11.0,2024.0,2024-11-23,Excellent,IKEA Industry,China,80.0,42.77,75.0,MILLBERGET,90339412.0,        Swivel chair,https://www.ikea.com/sa/en/p/millberget-swivel-chair-bomstad-black-90339412/,,,65.0,Ola Wihlborg
O1299,2023-06-07,2023-06-12,CUST240,Kenji Tanaka,Europe,Berlin,Lighting,Lamps,LERSTA Floor Lamp,8.0,5.99,0.1,43.13,18.0,NetBanking,Second Class,No,Corporate,Omar Hassan,4.0,6.0,2023.0,2023-06-16,Positive,Swedwood,Germany,3.35,41.73,4.31,LERSTA,,,,,,,
O1300,2024-10-09,2024-10-14,CUST463,Fatima Al Marzooqi,North America,Toronto,Kitchen,Appliances,LAGAN Fridge,2.0,600,0.0,1200.0,480.0,Credit Card,Standard Class,No,Consumer,Emily White,5.0,10.0,2024.0,2024-10-19,Neutral,Local Supplier JP,Canada,350.0,40.0,120.0,LAGAN,,,,,,,
O1301,2023-03-29,2023-04-03,CUST559,Lars Anderson,Asia,Mumbai,Storage,Wardrobes,PAX Wardrobe,1.0,737.91,0.0,737.91,250.84,PayPal,First Class,No,Home Office,Rohit Kumar,4.0,3.0,2023.0,2023-04-06,Negative,ABC Distributors,India,432.22,34.0,73.79,PAX,29385672.0,"        Wardrobe combination,          150x58x201 cm",https://www.ikea.com/sa/en/p/pax-wardrobe-combination-white-s29385672/,150.0,201.0,58.0,IKEA of Sweden/Ehlén Johansson
O1302,2024-08-21,2024-08-26,CUST130,Maria Rodriguez,Europe,Madrid,Furniture,Tables,LINNMON/ADILS Desk,3.0,260.12,0.0,780.36,317.73,UPI,Same Day,No,Corporate,Anita Desai,5.0,8.0,2024.0,2024-08-26,Excellent,FurniMart,Spain,137.91,40.72,78.04,LINNMON/ADILS,,,,,,,
O1303,2023-01-25,2023-01-30,CUST777,David Chen,North America,New York,Textiles,Rugs,STOENSE Rug,7.0,140.91,0.1,887.73,309.28,NetBanking,Second Class,Yes,Consumer,Karan Mehta,3.0,1.0,2023.0,2023-02-03,Positive,OfficeHub,USA,93.24,34.84,88.77,STOENSE,,,,,,,
O1304,2024-07-03,2024-07-08,CUST649,Emily White,Asia,Tokyo,Lighting,Lamps,FADO Table Lamp,4.0,22,0.0,88.0,38.35,Credit Card,Standard Class,No,Home Office,Sofia Karlsson,5.0,7.0,2024.0,2024-07-13,Neutral,IKEA Industry,Japan,10.0,43.58,8.8,FADO,,,,,,,
O1305,2023-11-01,2023-11-06,CUST740,John Smith,Oceania,Melbourne,Kitchen,Dinnerware,OFTAST Plate,15.0,1.49,0.0,22.35,8.89,PayPal,First Class,No,Corporate,Juan Garcia,4.0,11.0,2023.0,2023-11-09,Negative,Swedwood,Australia,0.85,39.77,2.23,OFTAST,,,,,,,
O1306,2024-05-13,2024-05-18,CUST316,Kenji Tanaka,North America,Toronto,Furniture,Sofas,KLIPPAN Loveseat,3.0,773.41,0.0,2320.23,748.16,UPI,Same Day,No,Consumer,Aya Sato,5.0,5.0,2024.0,2024-05-18,Excellent,Local Supplier JP,Canada,585.16,32.25,232.02,KLIPPAN,9251777.0,        2-seat sofa,https://www.ikea.com/sa/en/p/klippan-2-seat-sofa-kabusa-dark-grey-s09251777/,180.0,66.0,88.0,IKEA of Sweden
O1307,2023-09-24,2023-09-29,CUST550,Fatima Al Marzooqi,Europe,London,Storage,Shelving Unit,HEMNES Storage,8.0,86.99,0.1,626.34,230.15,NetBanking,Second Class,Yes,Home Office,Omar Hassan,3.0,9.0,2023.0,2023-10-03,Positive,ABC Distributors,UK,50.04,36.75,62.63,HEMNES,89931560.0,"        Bed frame,          140x200 cm",https://www.ikea.com/sa/en/p/hemnes-bed-frame-white-stain-s89931560/,154.0,,,IKEA of Sweden/Carina Bengs
O1308,2024-12-11,2024-12-16,CUST754,Lars Anderson,Asia,Shanghai,Textiles,Bedding,GULLKLOCKA Duvet,7.0,59.99,0.0,419.93,70.92,Credit Card,Standard Class,No,Corporate,Emily White,4.0,12.0,2024.0,2024-12-21,Neutral,FurniMart,China,42.0,16.89,41.99,GULLKLOCKA,,,,,,,
O1309,2023-06-28,2023-07-03,CUST840,Maria Rodriguez,North America,Vancouver,Lighting,Lamps,HEKTAR Floor Lamp,4.0,930.56,0.0,3722.24,1366.56,PayPal,First Class,No,Consumer,Rohit Kumar,5.0,6.0,2023.0,2023-07-06,Negative,OfficeHub,Canada,529.62,36.71,372.22,HEKTAR,,,,,,,
O1310,2024-10-17,2024-10-22,CUST662,David Chen,Europe,Madrid,Furniture,Chairs,ODGER Chair,6.0,448.33,0.0,2689.98,1024.18,UPI,Same Day,No,Home Office,Anita Desai,5.0,10.0,2024.0,2024-10-22,Excellent,IKEA Industry,Spain,212.72,38.08,268.99,ODGER,70308685.0,        Swivel chair,https://www.ikea.com/sa/en/p/odger-swivel-chair-white-beige-70308685/,68.0,,68.0,J Löfgren/J Pettersson
O1311,2023-02-15,2023-02-20,CUST101,Emily White,Asia,Tokyo,Storage,Wardrobes,BRIMNES Wardrobe,10.0,321.05,0.1,2889.45,871.3,NetBanking,Second Class,No,Corporate,Karan Mehta,4.0,2.0,2023.0,2023-02-24,Positive,Swedwood,Japan,205.1,30.15,288.94,BRIMNES,49278341.0,"        Bed frame w storage and headboard,          90x200 cm",https://www.ikea.com/sa/en/p/brimnes-bed-frame-w-storage-and-headboard-white-luroey-s49278341/,96.0,110.0,54.0,IKEA of Sweden/K Hagberg/M Hagberg
O1312,2024-07-16,2024-07-21,CUST914,John Smith,North America,Chicago,Kitchen,Appliances,LAGAN Fridge,2.0,600,0.0,1200.0,480.0,Credit Card,Standard Class,No,Consumer,Sofia Karlsson,3.0,7.0,2024.0,2024-07-26,Neutral,Local Supplier JP,USA,350.0,40.0,120.0,LAGAN,,,,,,,
O1313,2023-05-06,2023-05-11,CUST610,Kenji Tanaka,Europe,Berlin,Textiles,Rugs,VINDUM Rug,3.0,250,0.0,750.0,262.5,PayPal,First Class,No,Home Office,Juan Garcia,5.0,5.0,2023.0,2023-05-14,Negative,ABC Distributors,Germany,180.0,35.0,75.0,VINDUM,,,,,,,
O1314,2024-09-06,2024-09-11,CUST991,Fatima Al Marzooqi,Oceania,Melbourne,Lighting,Lamps,LERSTA Floor Lamp,5.0,5.99,0.0,29.95,12.83,UPI,Same Day,Yes,Corporate,Aya Sato,4.0,9.0,2024.0,2024-09-11,Excellent,FurniMart,Australia,3.35,42.84,2.99,LERSTA,,,,,,,
O1315,2023-03-17,2023-03-22,CUST333,Lars Anderson,North America,Toronto,Furniture,Tables,LACK Side Table,15.0,25,0.0,375.0,185.06,NetBanking,Second Class,No,Consumer,Omar Hassan,5.0,3.0,2023.0,2023-03-26,Positive,OfficeHub,Canada,11.5,49.35,37.5,LACK,60282186.0,"        Wall shelf unit,          30x190 cm",https://www.ikea.com/sa/en/p/lack-wall-shelf-unit-white-60282186/,30.0,190.0,28.0,C Halskov/H Dalsgaard
O1316,2024-11-25,2024-11-30,CUST521,Maria Rodriguez,Asia,Mumbai,Storage,Shelving Unit,KALLAX Shelf,6.0,49.99,0.1,269.94,107.45,Credit Card,Standard Class,No,Home Office,Emily White,3.0,11.0,2024.0,2024-12-05,Neutral,IKEA Industry,India,30.0,39.8,26.99,KALLAX,20275814.0,"        Shelving unit,          77x77 cm",https://www.ikea.com/sa/en/p/kallax-shelving-unit-white-20275814/,77.0,77.0,39.0,Tord Björklund
O1317,2023-05-20,2023-05-25,CUST798,David Chen,Europe,Madrid,Textiles,Bedding,FÄLTSKÄR Sheet Set,4.0,993.45,0.0,3973.8,1340.0,PayPal,First Class,No,Corporate,Rohit Kumar,5.0,5.0,2023.0,2023-05-28,Negative,Swedwood,Spain,504.6,33.72,397.38,FÄLTSKÄR,,,,,,,
O1318,2024-09-28,2024-10-03,CUST883,Emily White,North America,New York,Lighting,Lamps,HEKTAR Floor Lamp,5.0,930.56,0.0,4652.8,1708.2,UPI,Same Day,No,Consumer,Anita Desai,4.0,9.0,2024.0,2024-10-03,Excellent,Local Supplier JP,USA,529.62,36.71,465.28,HEKTAR,,,,,,,
O1319,2023-02-07,2023-02-12,CUST755,John Smith,Asia,Tokyo,Kitchen,Appliances,TILLREDA Portable Induction Hob,3.0,957.28,0.1,2584.66,845.0,NetBanking,Second Class,No,Home Office,Karan Mehta,5.0,2.0,2023.0,2023-02-16,Positive,ABC Distributors,Japan,507.99,32.69,258.47,TILLREDA,,,,,,,
O1320,2024-07-27,2024-08-01,CUST406,Kenji Tanaka,Europe,Berlin,Furniture,Sofas,KIVIK Sofa,1.0,799,0.0,799.0,258.11,Credit Card,Standard Class,Yes,Corporate,Sofia Karlsson,2.0,7.0,2024.0,2024-08-06,Neutral,FurniMart,Germany,450.0,32.3,79.9,KIVIK,79305512.0,        Chaise longue,https://www.ikea.com/sa/en/p/kivik-chaise-longue-skiftebo-dark-grey-s79305512/,90.0,83.0,163.0,Ola Wihlborg
O1321,2023-10-20,2023-10-25,CUST552,Fatima Al Marzooqi,Middle East,Dubai,Storage,Wardrobes,PAX Wardrobe,1.0,737.91,0.0,737.91,250.84,PayPal,First Class,No,Consumer,Juan Garcia,5.0,10.0,2023.0,2023-10-28,Negative,OfficeHub,UAE,432.22,34.0,73.79,PAX,29385672.0,"        Wardrobe combination,          150x58x201 cm",https://www.ikea.com/sa/en/p/pax-wardrobe-combination-white-s29385672/,150.0,201.0,58.0,IKEA of Sweden/Ehlén Johansson
O1322,2024-04-03,2024-04-08,CUST444,Lars Anderson,North America,Vancouver,Textiles,Rugs,STOENSE Rug,5.0,140.91,0.0,704.55,289.44,UPI,Same Day,No,Home Office,Aya Sato,4.0,4.0,2024.0,2024-04-08,Excellent,IKEA Industry,Canada,93.24,41.08,70.46,STOENSE,,,,,,,
O1323,2023-08-26,2023-08-31,CUST777,Maria Rodriguez,Asia,Mumbai,Lighting,Lamps,LERSTA Floor Lamp,11.0,5.99,0.05,62.59,27.0,NetBanking,Second Class,No,Corporate,Omar Hassan,5.0,8.0,2023.0,2023-09-04,Positive,Swedwood,India,3.35,43.14,6.26,LERSTA,,,,,,,
O1324,2024-12-22,2024-12-27,CUST180,David Chen,Europe,London,Furniture,Chairs,ADDE Chair,15.0,11.2,0.0,168.0,72.54,Credit Card,Standard Class,No,Consumer,Emily White,3.0,12.0,2024.0,2025-01-01,Neutral,Local Supplier JP,UK,5.92,43.18,16.8,ADDE,10219178.0,        Chair,https://www.ikea.com/sa/en/p/adde-chair-white-10219178/,39.0,77.0,47.0,Marcus Arvonen
O1325,2023-05-18,2023-05-23,CUST840,Emily White,North America,Toronto,Storage,Shelving Unit,HEMNES Storage,8.0,86.99,0.0,695.92,277.57,PayPal,First Class,No,Home Office,Rohit Kumar,5.0,5.0,2023.0,2023-05-26,Negative,ABC Distributors,Canada,50.04,39.88,69.59,HEMNES,89931560.0,"        Bed frame,          140x200 cm",https://www.ikea.com/sa/en/p/hemnes-bed-frame-white-stain-s89931560/,154.0,,,IKEA of Sweden/Carina Bengs
O1326,2024-10-01,2024-10-06,CUST212,John Smith,Asia,Tokyo,Kitchen,Dinnerware,FÄRGRIK Bowl,10.0,1.89,0.0,18.9,7.64,UPI,Same Day,No,Corporate,Anita Desai,4.0,10.0,2024.0,2024-10-06,Excellent,FurniMart,Japan,1.1,40.42,1.89,FÄRGRIK,,,,,,,
O1327,2023-02-23,2023-02-28,CUST406,Kenji Tanaka,Oceania,Sydney,Lighting,Lamps,HEKTAR Floor Lamp,4.0,930.56,0.0,3722.24,1366.56,NetBanking,Second Class,Yes,Consumer,Karan Mehta,5.0,2.0,2023.0,2023-03-05,Positive,OfficeHub,Australia,529.62,36.71,372.22,HEKTAR,,,,,,,
O1328,2024-07-29,2024-08-03,CUST666,Fatima Al Marzooqi,North America,Los Angeles,Furniture,Tables,LINNMON/ADILS Desk,5.0,260.12,0.1,1170.54,477.52,Credit Card,Standard Class,No,Home Office,Sofia Karlsson,3.0,7.0,2024.0,2024-08-08,Neutral,IKEA Industry,USA,137.91,40.8,117.05,LINNMON/ADILS,,,,,,,
O1329,2023-11-12,2023-11-17,CUST980,Lars Anderson,Europe,Madrid,Storage,Wardrobes,BRIMNES Wardrobe,6.0,321.05,0.0,1926.3,600.0,PayPal,First Class,No,Corporate,Juan Garcia,4.0,11.0,2023.0,2023-11-20,Negative,Swedwood,Spain,205.1,31.15,192.63,BRIMNES,49278341.0,"        Bed frame w storage and headboard,          90x200 cm",https://www.ikea.com/sa/en/p/brimnes-bed-frame-w-storage-and-headboard-white-luroey-s49278341/,96.0,110.0,54.0,IKEA of Sweden/K Hagberg/M Hagberg
O1330,2024-05-01,2024-05-06,CUST790,Maria Rodriguez,Asia,Mumbai,Textiles,Bedding,FÄLTSKÄR Sheet Set,3.0,993.45,0.0,2980.35,1005.0,UPI,Same Day,No,Consumer,Aya Sato,5.0,5.0,2024.0,2024-05-06,Excellent,Local Supplier JP,India,504.6,33.72,298.04,FÄLTSKÄR,,,,,,,
O1331,2023-08-18,2023-08-23,CUST711,David Chen,North America,Vancouver,Lighting,Lamps,FADO Table Lamp,4.0,22,0.0,88.0,38.35,NetBanking,Second Class,No,Home Office,Omar Hassan,5.0,8.0,2023.0,2023-08-27,Positive,ABC Distributors,Canada,10.0,43.58,8.8,FADO,,,,,,,
O1332,2024-12-06,2024-12-11,CUST649,Emily White,Europe,London,Kitchen,Appliances,TILLREDA Portable Induction Hob,3.0,957.28,0.0,2871.84,934.34,Credit Card,Standard Class,No,Corporate,Emily White,4.0,12.0,2024.0,2024-12-16,Neutral,FurniMart,UK,507.99,32.53,287.18,TILLREDA,,,,,,,
O1333,2023-03-14,2023-03-19,CUST740,John Smith,Asia,Tokyo,Furniture,Sofas,GRÖNLID Sofa,1.0,650,0.2,520.0,167.75,PayPal,First Class,Yes,Consumer,Rohit Kumar,3.0,3.0,2023.0,2023-03-22,Negative,OfficeHub,Japan,350.0,32.26,52.0,GRÖNLID,29278101.0,        2-seat sofa-bed,https://www.ikea.com/sa/en/p/groenlid-2-seat-sofa-bed-ljungen-dark-red-s29278101/,196.0,104.0,98.0,IKEA of Sweden/Francis Cayouette/Ehlén Johansson
O1334,2024-08-23,2024-08-28,CUST463,Kenji Tanaka,North America,Toronto,Storage,Shelving Unit,BILLY Bookcase,7.0,271.04,0.0,1897.28,680.0,UPI,Same Day,No,Home Office,Anita Desai,5.0,8.0,2024.0,2024-08-28,Excellent,IKEA Industry,Canada,153.38,35.84,189.73,BILLY,263850.0,"        Bookcase,          80x28x202 cm",https://www.ikea.com/sa/en/p/billy-bookcase-white-00263850/,80.0,202.0,28.0,Gillis Lundgren
O1335,2023-01-11,2023-01-16,CUST999,Fatima Al Marzooqi,Oceania,Melbourne,Textiles,Rugs,STOENSE Rug,5.0,140.91,0.0,704.55,289.44,NetBanking,Second Class,No,Corporate,Karan Mehta,4.0,1.0,2023.0,2023-01-20,Positive,Swedwood,Australia,93.24,41.08,70.46,STOENSE,,,,,,,
O1336,2024-06-29,2024-07-04,CUST392,Lars Anderson,Europe,Madrid,Lighting,Lamps,HEKTAR Floor Lamp,4.0,930.56,0.1,3350.02,1083.47,Credit Card,Standard Class,No,Consumer,Sofia Karlsson,5.0,6.0,2024.0,2024-07-09,Neutral,Local Supplier JP,Spain,529.62,32.34,335.0,HEKTAR,,,,,,,
O1337,2023-04-20,2023-04-25,CUST754,Maria Rodriguez,North America,New York,Kitchen,Dinnerware,OFTAST Plate,15.0,1.49,0.0,22.35,8.89,PayPal,First Class,No,Home Office,Juan Garcia,3.0,4.0,2023.0,2023-04-28,Negative,ABC Distributors,USA,0.85,39.77,2.23,OFTAST,,,,,,,
O1338,2024-11-09,2024-11-14,CUST130,David Chen,Asia,Shanghai,Furniture,Chairs,ADDE Chair,15.0,11.2,0.05,159.6,69.25,UPI,Same Day,No,Corporate,Aya Sato,5.0,11.0,2024.0,2024-11-14,Excellent,FurniMart,China,5.92,43.3,15.96,ADDE,10219178.0,        Chair,https://www.ikea.com/sa/en/p/adde-chair-white-10219178/,39.0,77.0,47.0,Marcus Arvonen
O1339,2023-06-15,2023-06-20,CUST790,Emily White,Europe,London,Storage,Shelving Unit,KALLAX Shelf,6.0,49.99,0.0,299.94,118.96,NetBanking,Second Class,No,Consumer,Omar Hassan,4.0,6.0,2023.0,2023-06-24,Positive,OfficeHub,UK,30.0,39.66,29.99,KALLAX,20275814.0,"        Shelving unit,          77x77 cm",https://www.ikea.com/sa/en/p/kallax-shelving-unit-white-20275814/,77.0,77.0,39.0,Tord Björklund
O1340,2024-10-05,2024-10-10,CUST550,John Smith,North America,Toronto,Textiles,Bedding,GULLKLOCKA Duvet,3.0,59.99,0.0,179.97,39.54,Credit Card,Standard Class,Yes,Home Office,Emily White,5.0,10.0,2024.0,2024-10-15,Neutral,IKEA Industry,Canada,42.0,21.97,17.99,GULLKLOCKA,,,,,,,
O1341,2023-02-10,2023-02-15,CUST559,Kenji Tanaka,Asia,Mumbai,Lighting,Lamps,LERSTA Floor Lamp,11.0,5.99,0.0,65.89,28.32,PayPal,First Class,No,Corporate,Rohit Kumar,4.0,2.0,2023.0,2023-02-18,Negative,Swedwood,India,3.35,43.0,6.59,LERSTA,,,,,,,
O1342,2024-07-25,2024-07-30,CUST914,Fatima Al Marzooqi,Oceania,Sydney,Furniture,Sofas,KLIPPAN Loveseat,3.0,773.41,0.1,2088.21,674.34,UPI,Same Day,No,Consumer,Anita Desai,5.0,7.0,2024.0,2024-07-30,Excellent,Local Supplier JP,Australia,585.16,32.29,208.82,KLIPPAN,9251777.0,        2-seat sofa,https://www.ikea.com/sa/en/p/klippan-2-seat-sofa-kabusa-dark-grey-s09251777/,180.0,66.0,88.0,IKEA of Sweden
O1343,2023-11-23,2023-11-28,CUST617,Lars Anderson,Europe,Madrid,Kitchen,Dinnerware,FÄRGRIK Bowl,10.0,1.89,0.0,18.9,7.64,NetBanking,Second Class,No,Home Office,Karan Mehta,4.0,11.0,2023.0,2023-12-02,Positive,ABC Distributors,Spain,1.1,40.42,1.89,FÄRGRIK,,,,,,,
O1344,2024-08-08,2024-08-13,CUST991,Maria Rodriguez,North America,Vancouver,Storage,Wardrobes,PAX Wardrobe,1.0,737.91,0.05,701.01,239.0,Credit Card,Standard Class,No,Corporate,Sofia Karlsson,5.0,8.0,2024.0,2024-08-18,Neutral,FurniMart,Canada,432.22,34.09,70.1,PAX,29385672.0,"        Wardrobe combination,          150x58x201 cm",https://www.ikea.com/sa/en/p/pax-wardrobe-combination-white-s29385672/,150.0,201.0,58.0,IKEA of Sweden/Ehlén Johansson
O1345,2023-01-08,2023-01-13,CUST880,David Chen,Asia,Tokyo,Textiles,Rugs,VINDUM Rug,6.0,250,0.0,1500.0,540.0,PayPal,First Class,No,Consumer,Juan Garcia,4.0,1.0,2023.0,2023-01-16,Negative,OfficeHub,Japan,180.0,36.0,150.0,VINDUM,,,,,,,
O1346,2024-12-17,2024-12-22,CUST755,Emily White,North America,New York,Lighting,Lamps,LERSTA Floor Lamp,5.0,5.99,0.1,26.96,11.55,UPI,Same Day,Yes,Home Office,Aya Sato,3.0,12.0,2024.0,2024-12-22,Excellent,IKEA Industry,USA,3.35,42.84,2.7,LERSTA,,,,,,,
O1347,2023-05-11,2023-05-16,CUST130,John Smith,Europe,London,Furniture,Tables,LINNMON/ADILS Desk,4.0,260.12,0.0,1040.48,423.85,NetBanking,Second Class,No,Corporate,Omar Hassan,5.0,5.0,2023.0,2023-05-20,Positive,Swedwood,UK,137.91,40.73,104.05,LINNMON/ADILS,,,,,,,
O1348,2024-09-01,2024-09-06,CUST777,Kenji Tanaka,Asia,Mumbai,Kitchen,Appliances,LAGAN Fridge,2.0,600,0.0,1200.0,480.0,Credit Card,Standard Class,No,Consumer,Emily White,4.0,9.0,2024.0,2024-09-11,Neutral,Local Supplier JP,India,350.0,40.0,120.0,LAGAN,,,,,,,
O1349,2023-03-03,2023-03-08,CUST401,Fatima Al Marzooqi,Oceania,Melbourne,Storage,Shelving Unit,HEMNES Storage,8.0,86.99,0.2,556.74,222.06,PayPal,First Class,No,Home Office,Rohit Kumar,5.0,3.0,2023.0,2023-03-11,Negative,ABC Distributors,Australia,50.04,39.88,55.67,HEMNES,89931560.0,"        Bed frame,          140x200 cm",https://www.ikea.com/sa/en/p/hemnes-bed-frame-white-stain-s89931560/,154.0,,,IKEA of Sweden/Carina Bengs
O1350,2024-08-15,2024-08-20,CUST798,Lars Anderson,North America,Toronto,Textiles,Bedding,FÄLTSKÄR Sheet Set,3.0,993.45,0.0,2980.35,1005.0,UPI,Same Day,No,Corporate,Anita Desai,4.0,8.0,2024.0,2024-08-20,Excellent,FurniMart,Canada,504.6,33.72,298.04,FÄLTSKÄR,,,,,,,
O1351,2023-01-29,2023-02-03,CUST211,Maria Rodriguez,Europe,Berlin,Lighting,Lamps,FADO Table Lamp,4.0,22,0.0,88.0,38.35,NetBanking,Second Class,Yes,Consumer,Karan Mehta,3.0,1.0,2023.0,2023-02-07,Positive,OfficeHub,Germany,10.0,43.58,8.8,FADO,,,,,,,
O1352,2024-10-13,2024-10-18,CUST333,David Chen,Asia,Tokyo,Furniture,Sofas,KIVIK Sofa,1.0,799,0.0,799.0,258.11,Credit Card,Standard Class,No,Home Office,Sofia Karlsson,5.0,10.0,2024.0,2024-10-23,Neutral,IKEA Industry,Japan,450.0,32.3,79.9,KIVIK,79305512.0,        Chaise longue,https://www.ikea.com/sa/en/p/kivik-chaise-longue-skiftebo-dark-grey-s79305512/,90.0,83.0,163.0,Ola Wihlborg
O1353,2023-06-22,2023-06-27,CUST521,Emily White,North America,Vancouver,Kitchen,Appliances,TILLREDA Portable Induction Hob,3.0,957.28,0.0,2871.84,934.34,PayPal,First Class,No,Corporate,Juan Garcia,4.0,6.0,2023.0,2023-06-30,Negative,Swedwood,Canada,507.99,32.53,287.18,TILLREDA,,,,,,,
O1354,2024-11-04,2024-11-09,CUST740,John Smith,Oceania,Sydney,Storage,Wardrobes,PAX Wardrobe,1.0,737.91,0.0,737.91,250.84,UPI,Same Day,No,Consumer,Aya Sato,5.0,11.0,2024.0,2024-11-09,Excellent,Local Supplier JP,Australia,432.22,34.0,73.79,PAX,29385672.0,"        Wardrobe combination,          150x58x201 cm",https://www.ikea.com/sa/en/p/pax-wardrobe-combination-white-s29385672/,150.0,201.0,58.0,IKEA of Sweden/Ehlén Johansson
O1355,2023-03-26,2023-03-31,CUST610,Kenji Tanaka,Europe,Madrid,Textiles,Rugs,STOENSE Rug,5.0,140.91,0.05,670.73,275.5,NetBanking,Second Class,No,Home Office,Omar Hassan,4.0,3.0,2023.0,2023-04-04,Positive,ABC Distributors,Spain,93.24,41.08,67.07,STOENSE,,,,,,,
O1356,2024-07-09,2024-07-14,CUST777,Fatima Al Marzooqi,North America,Chicago,Lighting,Lamps,LERSTA Floor Lamp,8.0,5.99,0.0,47.92,20.6,Credit Card,Standard Class,Yes,Corporate,Emily White,3.0,7.0,2024.0,2024-07-19,Neutral,FurniMart,USA,3.35,43.0,4.79,LERSTA,,,,,,,
O1357,2023-11-05,2023-11-10,CUST957,Lars Anderson,Asia,Mumbai,Furniture,Chairs,MILLBERGET Swivel Chair,5.0,150,0.0,750.0,320.8,PayPal,First Class,No,Consumer,Rohit Kumar,5.0,11.0,2023.0,2023-11-13,Negative,OfficeHub,India,80.0,42.77,75.0,MILLBERGET,90339412.0,        Swivel chair,https://www.ikea.com/sa/en/p/millberget-swivel-chair-bomstad-black-90339412/,,,65.0,Ola Wihlborg
O1358,2024-04-18,2024-04-23,CUST444,Maria Rodriguez,Europe,Berlin,Storage,Shelving Unit,BILLY Bookcase,7.0,271.04,0.1,1708.2,643.0,UPI,Same Day,No,Home Office,Anita Desai,4.0,4.0,2024.0,2024-04-23,Excellent,IKEA Industry,Germany,153.38,37.64,170.82,BILLY,263850.0,"        Bookcase,          80x28x202 cm",https://www.ikea.com/sa/en/p/billy-bookcase-white-00263850/,80.0,202.0,28.0,Gillis Lundgren
O1359,2023-08-30,2023-09-04,CUST883,David Chen,North America,Toronto,Kitchen,Dinnerware,OFTAST Plate,10.0,1.49,0.0,14.9,4.86,NetBanking,Second Class,No,Corporate,Karan Mehta,5.0,8.0,2023.0,2023-09-08,Positive,Swedwood,Canada,0.85,32.61,1.49,OFTAST,,,,,,,
O1360,2024-12-03,2024-12-08,CUST180,Emily White,Asia,Tokyo,Textiles,Bedding,GULLKLOCKA Duvet,3.0,59.99,0.0,179.97,39.54,Credit Card,Standard Class,No,Consumer,Sofia Karlsson,3.0,12.0,2024.0,2024-12-13,Neutral,Local Supplier JP,Japan,42.0,21.97,17.99,GULLKLOCKA,,,,,,,
O1361,2023-05-24,2023-05-29,CUST406,John Smith,Europe,London,Furniture,Tables,INGATORP Dining Table,1.0,546.04,0.0,546.04,179.99,PayPal,First Class,Yes,Home Office,Juan Garcia,4.0,5.0,2023.0,2023-06-01,Negative,ABC Distributors,UK,342.14,32.96,54.6,INGATORP,29917307.0,"        Table and 4 chairs,          155 cm",https://www.ikea.com/sa/en/p/ingatorp-ingolf-table-and-4-chairs-white-s29917307/,87.0,74.0,,Carina Bengs
O1362,2024-09-17,2024-09-22,CUST552,Kenji Tanaka,North America,New York,Lighting,Lamps,FADO Table Lamp,4.0,22,0.05,83.6,35.0,UPI,Same Day,No,Corporate,Aya Sato,5.0,9.0,2024.0,2024-09-22,Excellent,FurniMart,USA,10.0,41.86,8.36,FADO,,,,,,,
O1363,2023-03-08,2023-03-13,CUST798,Fatima Al Marzooqi,Asia,Mumbai,Storage,Wardrobes,PAX Wardrobe,1.0,737.91,0.0,737.91,250.84,NetBanking,Second Class,No,Consumer,Omar Hassan,4.0,3.0,2023.0,2023-03-17,Positive,OfficeHub,India,432.22,34.0,73.79,PAX,29385672.0,"        Wardrobe combination,          150x58x201 cm",https://www.ikea.com/sa/en/p/pax-wardrobe-combination-white-s29385672/,150.0,201.0,58.0,IKEA of Sweden/Ehlén Johansson
O1364,2024-08-02,2024-08-07,CUST755,Lars Anderson,Europe,Madrid,Kitchen,Appliances,LAGAN Fridge,2.0,600,0.1,1080.0,360.0,Credit Card,Standard Class,No,Home Office,Emily White,5.0,8.0,2024.0,2024-08-12,Neutral,IKEA Industry,Spain,350.0,33.33,108.0,LAGAN,,,,,,,
O1365,2023-01-04,2023-01-09,CUST910,Maria Rodriguez,North America,Vancouver,Furniture,Chairs,ADDE Chair,10.0,11.2,0.0,112.0,48.3,PayPal,First Class,No,Corporate,Rohit Kumar,3.0,1.0,2023.0,2023-01-12,Negative,Swedwood,Canada,5.92,43.12,11.2,ADDE,10219178.0,        Chair,https://www.ikea.com/sa/en/p/adde-chair-white-10219178/,39.0,77.0,47.0,Marcus Arvonen
O1366,2024-12-28,2025-01-02,CUST666,David Chen,Asia,Tokyo,Textiles,Rugs,STOENSE Rug,5.0,140.91,0.0,704.55,289.44,UPI,Same Day,No,Consumer,Anita Desai,5.0,12.0,2024.0,2025-01-02,Excellent,Local Supplier JP,Japan,93.24,41.08,70.46,STOENSE,,,,,,,
O1367,2023-05-07,2023-05-12,CUST240,Emily White,Oceania,Melbourne,Lighting,Lamps,HEKTAR Floor Lamp,4.0,930.56,0.2,2977.79,967.87,NetBanking,Second Class,No,Home Office,Karan Mehta,4.0,5.0,2023.0,2023-05-16,Positive,ABC Distributors,Australia,529.62,32.5,297.78,HEKTAR,,,,,,,
O1368,2024-09-24,2024-09-29,CUST316,John Smith,Europe,London,Storage,Shelving Unit,HEMNES Storage,8.0,86.99,0.0,695.92,277.57,Credit Card,Standard Class,No,Corporate,Sofia Karlsson,5.0,9.0,2024.0,2024-10-04,Neutral,FurniMart,UK,50.04,39.88,69.59,HEMNES,89931560.0,"        Bed frame,          140x200 cm",https://www.ikea.com/sa/en/p/hemnes-bed-frame-white-stain-s89931560/,154.0,,,IKEA of Sweden/Carina Bengs
O1369,2023-03-22,2023-03-27,CUST840,Kenji Tanaka,North America,Chicago,Kitchen,Dinnerware,FÄRGRIK Bowl,10.0,1.89,0.1,17.01,6.88,PayPal,First Class,Yes,Consumer,Juan Garcia,3.0,3.0,2023.0,2023-03-30,Negative,OfficeHub,USA,1.1,40.42,1.7,FÄRGRIK,,,,,,,
O1370,2024-11-29,2024-12-04,CUST711,Fatima Al Marzooqi,Asia,Shanghai,Furniture,Tables,LACK Side Table,15.0,25,0.0,375.0,185.06,UPI,Same Day,No,Home Office,Aya Sato,4.0,11.0,2024.0,2024-12-04,Excellent,IKEA Industry,China,11.5,49.35,37.5,LACK,60282186.0,"        Wall shelf unit,          30x190 cm",https://www.ikea.com/sa/en/p/lack-wall-shelf-unit-white-60282186/,30.0,190.0,28.0,C Halskov/H Dalsgaard
O1371,2023-08-07,2023-08-12,CUST914,Lars Anderson,Europe,Berlin,Textiles,Bedding,FÄLTSKÄR Sheet Set,4.0,993.45,0.0,3973.8,1340.0,NetBanking,Second Class,No,Corporate,Omar Hassan,5.0,8.0,2023.0,2023-08-16,Positive,Swedwood,Germany,504.6,33.72,397.38,FÄLTSKÄR,,,,,,,
O1372,2024-12-14,2024-12-19,CUST999,Maria Rodriguez,North America,Toronto,Lighting,Lamps,FADO Table Lamp,4.0,22,0.0,88.0,38.35,Credit Card,Standard Class,No,Consumer,Emily White,4.0,12.0,2024.0,2024-12-24,Neutral,Local Supplier JP,Canada,10.0,43.58,8.8,FADO,,,,,,,
O1373,2023-05-04,2023-05-09,CUST610,David Chen,Asia,Tokyo,Kitchen,Appliances,LAGAN Fridge,2.0,600,0.1,1080.0,360.0,PayPal,First Class,No,Home Office,Rohit Kumar,5.0,5.0,2023.0,2023-05-12,Negative,ABC Distributors,Japan,350.0,33.33,108.0,LAGAN,,,,,,,
O1374,2024-09-08,2024-09-13,CUST777,Emily White,Oceania,Melbourne,Storage,Shelving Unit,KALLAX Shelf,6.0,49.99,0.0,299.94,118.96,UPI,Same Day,No,Corporate,Anita Desai,4.0,9.0,2024.0,2024-09-13,Excellent,FurniMart,Australia,30.0,39.66,29.99,KALLAX,20275814.0,"        Shelving unit,          77x77 cm",https://www.ikea.com/sa/en/p/kallax-shelving-unit-white-20275814/,77.0,77.0,39.0,Tord Björklund
O1375,2023-03-30,2023-04-04,CUST392,John Smith,North America,New York,Furniture,Sofas,KIVIK Sofa,1.0,799,0.0,799.0,258.11,NetBanking,Second Class,Yes,Consumer,Karan Mehta,5.0,3.0,2023.0,2023-04-08,Positive,OfficeHub,USA,450.0,32.3,79.9,KIVIK,79305512.0,        Chaise longue,https://www.ikea.com/sa/en/p/kivik-chaise-longue-skiftebo-dark-grey-s79305512/,90.0,83.0,163.0,Ola Wihlborg
O1376,2024-07-20,2024-07-25,CUST754,Kenji Tanaka,Europe,Berlin,Textiles,Rugs,VINDUM Rug,3.0,250,0.0,750.0,262.5,Credit Card,Standard Class,No,Home Office,Sofia Karlsson,4.0,7.0,2024.0,2024-07-30,Neutral,IKEA Industry,Germany,180.0,35.0,75.0,VINDUM,,,,,,,
O1377,2023-11-17,2023-11-22,CUST406,Fatima Al Marzooqi,Asia,Mumbai,Lighting,Lamps,LERSTA Floor Lamp,8.0,5.99,0.0,47.92,20.6,PayPal,First Class,No,Corporate,Juan Garcia,5.0,11.0,2023.0,2023-11-25,Negative,Swedwood,India,3.35,43.0,4.79,LERSTA,,,,,,,
O1378,2024-04-26,2024-05-01,CUST662,Lars Anderson,North America,Toronto,Kitchen,Dinnerware,OFTAST Plate,10.0,1.49,0.0,14.9,4.86,UPI,Same Day,No,Consumer,Aya Sato,4.0,4.0,2024.0,2024-05-01,Excellent,Local Supplier JP,Canada,0.85,32.61,1.49,OFTAST,,,,,,,
O1379,2023-08-05,2023-08-10,CUST550,Maria Rodriguez,Europe,Madrid,Furniture,Chairs,MILLBERGET Swivel Chair,5.0,150,0.1,675.0,288.72,NetBanking,Second Class,No,Home Office,Omar Hassan,5.0,8.0,2023.0,2023-08-14,Positive,ABC Distributors,Spain,80.0,42.77,67.5,MILLBERGET,90339412.0,        Swivel chair,https://www.ikea.com/sa/en/p/millberget-swivel-chair-bomstad-black-90339412/,,,65.0,Ola Wihlborg
O1380,2024-12-21,2024-12-26,CUST212,David Chen,Asia,Tokyo,Storage,Shelving Unit,BILLY Bookcase,7.0,271.04,0.0,1897.28,680.0,Credit Card,Standard Class,No,Corporate,Emily White,3.0,12.0,2024.0,2024-12-31,Neutral,FurniMart,Japan,153.38,35.84,189.73,BILLY,263850.0,"        Bookcase,          80x28x202 cm",https://www.ikea.com/sa/en/p/billy-bookcase-white-00263850/,80.0,202.0,28.0,Gillis Lundgren
O1381,2023-05-02,2023-05-07,CUST521,Emily White,North America,Vancouver,Lighting,Lamps,HEKTAR Floor Lamp,4.0,930.56,0.05,3535.93,1284.0,PayPal,First Class,No,Consumer,Rohit Kumar,4.0,5.0,2023.0,2023-05-10,Negative,OfficeHub,Canada,529.62,36.31,353.59,HEKTAR,,,,,,,
O1382,2024-09-11,2024-09-16,CUST980,John Smith,Oceania,Sydney,Kitchen,Appliances,LAGAN Fridge,2.0,600,0.0,1200.0,480.0,UPI,Same Day,No,Home Office,Anita Desai,5.0,9.0,2024.0,2024-09-16,Excellent,IKEA Industry,Australia,350.0,40.0,120.0,LAGAN,,,,,,,
O1383,2023-03-09,2023-03-14,CUST880,Kenji Tanaka,Asia,Mumbai,Furniture,Tables,LINNMON/ADILS Desk,5.0,260.12,0.0,1300.6,529.58,NetBanking,Second Class,Yes,Corporate,Karan Mehta,4.0,3.0,2023.0,2023-03-18,Positive,Swedwood,India,137.91,40.72,130.06,LINNMON/ADILS,,,,,,,
O1384,2024-07-31,2024-08-05,CUST777,Fatima Al Marzooqi,Europe,London,Storage,Wardrobes,BRIMNES Wardrobe,7.0,321.05,0.0,2247.35,682.01,Credit Card,Standard Class,No,Consumer,Sofia Karlsson,5.0,7.0,2024.0,2024-08-10,Neutral,Local Supplier JP,UK,205.1,30.35,224.74,BRIMNES,49278341.0,"        Bed frame w storage and headboard,          90x200 cm",https://www.ikea.com/sa/en/p/brimnes-bed-frame-w-storage-and-headboard-white-luroey-s49278341/,96.0,110.0,54.0,IKEA of Sweden/K Hagberg/M Hagberg
O1385,2023-11-03,2023-11-08,CUST617,Lars Anderson,North America,Chicago,Textiles,Bedding,GULLKLOCKA Duvet,3.0,59.99,0.0,179.97,39.54,PayPal,First Class,No,Home Office,Juan Garcia,3.0,11.0,2023.0,2023-11-11,Negative,ABC Distributors,USA,42.0,21.97,17.99,GULLKLOCKA,,,,,,,
O1386,2024-04-09,2024-04-14,CUST401,Maria Rodriguez,North America,New York,Furniture,Tables,LACK Side Table,15.0,25,0.1,337.5,165.75,Credit Card,Standard Class,No,Corporate,Aya Sato,5.0,4.0,2024.0,2024-04-19,Excellent,FurniMart,USA,11.5,49.11,33.75,LACK,60282186.0,"        Wall shelf unit,          30x190 cm",https://www.ikea.com/sa/en/p/lack-wall-shelf-unit-white-60282186/,30.0,190.0,28.0,C Halskov/H Dalsgaard
O1387,2023-08-20,2023-08-25,CUST798,David Chen,Asia,Tokyo,Storage,Shelving Unit,KALLAX Shelf,6.0,49.99,0.0,299.94,118.96,PayPal,First Class,No,Home Office,Omar Hassan,4.0,8.0,2023.0,2023-08-28,Positive,OfficeHub,Japan,30.0,39.66,29.99,KALLAX,20275814.0,"        Shelving unit,          77x77 cm",https://www.ikea.com/sa/en/p/kallax-shelving-unit-white-20275814/,77.0,77.0,39.0,Tord Björklund
O1388,2024-12-07,2024-12-12,CUST550,Emily White,Europe,London,Lighting,Lamps,HEKTAR Floor Lamp,5.0,930.56,0.0,4652.8,1708.2,UPI,Same Day,No,Consumer,Emily White,5.0,12.0,2024.0,2024-12-12,Neutral,IKEA Industry,UK,529.62,36.71,465.28,HEKTAR,,,,,,,
O1389,2023-03-12,2023-03-17,CUST755,John Smith,North America,Los Angeles,Kitchen,Appliances,TILLREDA Portable Induction Hob,3.0,957.28,0.0,2871.84,934.34,NetBanking,Second Class,No,Corporate,Rohit Kumar,3.0,3.0,2023.0,2023-03-21,Negative,Swedwood,USA,507.99,32.53,287.18,TILLREDA,,,,,,,
O1390,2024-10-04,2024-10-09,CUST957,Kenji Tanaka,Oceania,Melbourne,Furniture,Sofas,GRÖNLID Sofa,1.0,650,0.05,617.5,199.13,Credit Card,Standard Class,No,Home Office,Anita Desai,4.0,10.0,2024.0,2024-10-14,Excellent,Local Supplier JP,Australia,350.0,32.25,61.75,GRÖNLID,29278101.0,        2-seat sofa-bed,https://www.ikea.com/sa/en/p/groenlid-2-seat-sofa-bed-ljungen-dark-red-s29278101/,196.0,104.0,98.0,IKEA of Sweden/Francis Cayouette/Ehlén Johansson
O1391,2023-06-05,2023-06-10,CUST559,Fatima Al Marzooqi,Asia,Mumbai,Textiles,Rugs,STOENSE Rug,7.0,140.91,0.0,986.37,405.27,PayPal,First Class,Yes,Consumer,Karan Mehta,5.0,6.0,2023.0,2023-06-13,Positive,ABC Distributors,India,93.24,41.09,98.64,STOENSE,,,,,,,
O1392,2024-11-20,2024-11-25,CUST316,Lars Anderson,Europe,Madrid,Storage,Wardrobes,PAX Wardrobe,2.0,737.91,0.0,1475.82,497.35,UPI,Same Day,No,Corporate,Sofia Karlsson,4.0,11.0,2024.0,2024-11-25,Neutral,FurniMart,Spain,432.22,33.7,147.58,PAX,29385672.0,"        Wardrobe combination,          150x58x201 cm",https://www.ikea.com/sa/en/p/pax-wardrobe-combination-white-s29385672/,150.0,201.0,58.0,IKEA of Sweden/Ehlén Johansson
O1393,2023-01-22,2023-01-27,CUST790,Maria Rodriguez,North America,Toronto,Lighting,Lamps,LERSTA Floor Lamp,11.0,5.99,0.0,65.89,28.32,NetBanking,Second Class,No,Home Office,Juan Garcia,5.0,1.0,2023.0,2023-01-31,Negative,OfficeHub,Canada,3.35,43.0,6.59,LERSTA,,,,,,,
O1394,2024-07-28,2024-08-02,CUST711,David Chen,Asia,Shanghai,Furniture,Tables,LINNMON/ADILS Desk,5.0,260.12,0.0,1300.6,529.58,Credit Card,Standard Class,No,Consumer,Aya Sato,3.0,7.0,2024.0,2024-08-07,Excellent,IKEA Industry,China,137.91,40.72,130.06,LINNMON/ADILS,,,,,,,
O1395,2023-11-14,2023-11-19,CUST777,Emily White,Europe,Berlin,Kitchen,Dinnerware,OFTAST Plate,15.0,1.49,0.0,22.35,8.89,PayPal,First Class,No,Corporate,Omar Hassan,4.0,11.0,2023.0,2023-11-22,Positive,Swedwood,Germany,0.85,39.77,2.23,OFTAST,,,,,,,
O1396,2024-05-15,2024-05-20,CUST991,John Smith,North America,Vancouver,Textiles,Bedding,FÄLTSKÄR Sheet Set,3.0,993.45,0.1,2682.32,895.83,UPI,Same Day,No,Home Office,Emily White,5.0,5.0,2024.0,2024-05-20,Neutral,Local Supplier JP,Canada,504.6,33.47,268.23,FÄLTSKÄR,,,,,,,
O1397,2023-09-02,2023-09-07,CUST880,Kenji Tanaka,Oceania,Sydney,Lighting,Lamps,FADO Table Lamp,4.0,22,0.0,88.0,38.35,NetBanking,Second Class,Yes,Consumer,Rohit Kumar,4.0,9.0,2023.0,2023-09-11,Negative,ABC Distributors,Australia,10.0,43.58,8.8,FADO,,,,,,,
O1398,2024-10-25,2024-10-30,CUST740,Fatima Al Marzooqi,Asia,Mumbai,Furniture,Chairs,ADDE Chair,15.0,11.2,0.0,168.0,72.54,Credit Card,Standard Class,No,Corporate,Anita Desai,5.0,10.0,2024.0,2024-11-04,Excellent,FurniMart,India,5.92,43.18,16.8,ADDE,10219178.0,        Chair,https://www.ikea.com/sa/en/p/adde-chair-white-10219178/,39.0,77.0,47.0,Marcus Arvonen
O1399,2023-04-10,2023-04-15,CUST617,Lars Anderson,Europe,Madrid,Storage,Shelving Unit,HEMNES Storage,8.0,86.99,0.0,695.92,277.57,PayPal,First Class,No,Home Office,Karan Mehta,3.0,4.0,2023.0,2023-04-18,Positive,OfficeHub,Spain,50.04,39.88,69.59,HEMNES,89931560.0,"        Bed frame,          140x200 cm",https://www.ikea.com/sa/en/p/hemnes-bed-frame-white-stain-s89931560/,154.0,,,IKEA of Sweden/Carina Bengs
O1400,2024-12-16,2024-12-21,CUST914,Maria Rodriguez,North America,New York,Kitchen,Appliances,LAGAN Fridge,2.0,600,0.0,1200.0,480.0,UPI,Same Day,No,Consumer,Sofia Karlsson,4.0,12.0,2024.0,2024-12-21,Neutral,IKEA Industry,USA,350.0,40.0,120.0,LAGAN,,,,,,,
O1401,2023-08-11,2023-08-16,CUST754,David Chen,Asia,Tokyo,Textiles,Bedding,GULLKLOCKA Duvet,7.0,59.99,0.05,401.95,65.55,NetBanking,Second Class,No,Home Office,Juan Garcia,5.0,8.0,2023.0,2023-08-20,Negative,Swedwood,Japan,42.0,16.31,40.2,GULLKLOCKA,,,,,,,
O1402,2024-06-03,2024-06-08,CUST463,Emily White,Europe,London,Lighting,Lamps,LERSTA Floor Lamp,5.0,5.99,0.0,29.95,12.83,Credit Card,Standard Class,No,Corporate,Aya Sato,4.0,6.0,2024.0,2024-06-13,Excellent,Local Supplier JP,UK,3.35,42.84,2.99,LERSTA,,,,,,,
O1403,2023-02-04,2023-02-09,CUST130,John Smith,Oceania,Melbourne,Furniture,Sofas,KIVIK Sofa,1.0,799,0.0,799.0,258.11,PayPal,First Class,Yes,Consumer,Omar Hassan,3.0,2.0,2023.0,2023-02-12,Positive,ABC Distributors,Australia,450.0,32.3,79.9,KIVIK,79305512.0,        Chaise longue,https://www.ikea.com/sa/en/p/kivik-chaise-longue-skiftebo-dark-grey-s79305512/,90.0,83.0,163.0,Ola Wihlborg
O1404,2024-11-01,2024-11-06,CUST999,Kenji Tanaka,North America,Toronto,Storage,Shelving Unit,BILLY Bookcase,7.0,271.04,0.0,1897.28,680.0,UPI,Same Day,No,Home Office,Emily White,5.0,11.0,2024.0,2024-11-06,Neutral,FurniMart,Canada,153.38,35.84,189.73,BILLY,263850.0,"        Bookcase,          80x28x202 cm",https://www.ikea.com/sa/en/p/billy-bookcase-white-00263850/,80.0,202.0,28.0,Gillis Lundgren
O1405,2023-04-28,2023-05-03,CUST666,Fatima Al Marzooqi,Asia,Shanghai,Kitchen,Dinnerware,FÄRGRIK Bowl,10.0,1.89,0.0,18.9,7.64,NetBanking,Second Class,No,Corporate,Rohit Kumar,4.0,4.0,2023.0,2023-05-07,Negative,OfficeHub,China,1.1,40.42,1.89,FÄRGRIK,,,,,,,
O1406,2024-08-28,2024-09-02,CUST798,Lars Anderson,Europe,Madrid,Textiles,Rugs,VINDUM Rug,3.0,250,0.0,750.0,262.5,Credit Card,Standard Class,No,Consumer,Anita Desai,5.0,8.0,2024.0,2024-09-07,Excellent,IKEA Industry,Spain,180.0,35.0,75.0,VINDUM,,,,,,,
O1407,2023-02-20,2023-02-25,CUST240,Maria Rodriguez,North America,Chicago,Furniture,Tables,INGATORP Dining Table,1.0,546.04,0.0,546.04,179.99,PayPal,First Class,No,Home Office,Karan Mehta,4.0,2.0,2023.0,2023-02-28,Positive,Swedwood,USA,342.14,32.96,54.6,INGATORP,29917307.0,"        Table and 4 chairs,          155 cm",https://www.ikea.com/sa/en/p/ingatorp-ingolf-table-and-4-chairs-white-s29917307/,87.0,74.0,,Carina Bengs
O1408,2024-07-06,2024-07-11,CUST883,David Chen,Asia,Mumbai,Lighting,Lamps,HEKTAR Floor Lamp,5.0,930.56,0.1,4187.52,1341.01,UPI,Same Day,No,Corporate,Sofia Karlsson,5.0,7.0,2024.0,2024-07-11,Neutral,Local Supplier JP,India,529.62,32.03,418.75,HEKTAR,,,,,,,
O1409,2023-11-26,2023-12-01,CUST755,Emily White,Oceania,Sydney,Storage,Wardrobes,BRIMNES Wardrobe,6.0,321.05,0.0,1926.3,600.0,NetBanking,Second Class,No,Consumer,Juan Garcia,3.0,11.0,2023.0,2023-12-05,Negative,ABC Distributors,Australia,205.1,31.15,192.63,BRIMNES,49278341.0,"        Bed frame w storage and headboard,          90x200 cm",https://www.ikea.com/sa/en/p/brimnes-bed-frame-w-storage-and-headboard-white-luroey-s49278341/,96.0,110.0,54.0,IKEA of Sweden/K Hagberg/M Hagberg
O1410,2024-05-08,2024-05-13,CUST406,John Smith,North America,Toronto,Textiles,Bedding,GULLKLOCKA Duvet,3.0,59.99,0.0,179.97,39.54,Credit Card,Standard Class,No,Home Office,Aya Sato,5.0,5.0,2024.0,2024-05-18,Excellent,FurniMart,Canada,42.0,21.97,17.99,GULLKLOCKA,,,,,,,
O1411,2023-09-19,2023-09-24,CUST666,Kenji Tanaka,Europe,London,Furniture,Chairs,ODGER Chair,6.0,448.33,0.0,2689.98,1024.18,PayPal,First Class,No,Corporate,Omar Hassan,4.0,9.0,2023.0,2023-09-27,Positive,OfficeHub,UK,212.72,38.08,268.99,ODGER,70308685.0,        Swivel chair,https://www.ikea.com/sa/en/p/odger-swivel-chair-white-beige-70308685/,68.0,,68.0,J Löfgren/J Pettersson
O1412,2024-12-24,2024-12-29,CUST552,Fatima Al Marzooqi,Asia,Tokyo,Kitchen,Appliances,LAGAN Fridge,2.0,600,0.1,1080.0,360.0,UPI,Same Day,No,Consumer,Emily White,5.0,12.0,2024.0,2024-12-29,Neutral,IKEA Industry,Japan,350.0,33.33,108.0,LAGAN,,,,,,,
O1413,2023-03-24,2023-03-29,CUST740,Lars Anderson,North America,New York,Storage,Shelving Unit,KALLAX Shelf,10.0,49.99,0.0,499.9,199.96,NetBanking,Second Class,Yes,Home Office,Rohit Kumar,3.0,3.0,2023.0,2023-04-02,Negative,Swedwood,USA,30.0,40.0,49.99,KALLAX,20275814.0,"        Shelving unit,          77x77 cm",https://www.ikea.com/sa/en/p/kallax-shelving-unit-white-20275814/,77.0,77.0,39.0,Tord Björklund
O1414,2024-08-04,2024-08-09,CUST755,Maria Rodriguez,Oceania,Sydney,Textiles,Rugs,STOENSE Rug,5.0,140.91,0.0,704.55,289.44,Credit Card,Standard Class,No,Corporate,Anita Desai,4.0,8.0,2024.0,2024-08-14,Excellent,Local Supplier JP,Australia,93.24,41.08,70.46,STOENSE,,,,,,,
O1415,2023-01-01,2023-01-06,CUST980,David Chen,Asia,Mumbai,Lighting,Lamps,HEKTAR Floor Lamp,4.0,930.56,0.0,3722.24,1366.56,PayPal,First Class,No,Consumer,Karan Mehta,5.0,1.0,2023.0,2023-01-09,Positive,ABC Distributors,India,529.62,36.71,372.22,HEKTAR,,,,,,,
O1416,2024-11-16,2024-11-21,CUST101,Emily White,Europe,Madrid,Furniture,Tables,LACK Side Table,15.0,25,0.05,356.25,175.75,UPI,Same Day,No,Home Office,Sofia Karlsson,4.0,11.0,2024.0,2024-11-21,Neutral,FurniMart,Spain,11.5,49.33,35.62,LACK,60282186.0,"        Wall shelf unit,          30x190 cm",https://www.ikea.com/sa/en/p/lack-wall-shelf-unit-white-60282186/,30.0,190.0,28.0,C Halskov/H Dalsgaard
O1417,2023-05-16,2023-05-21,CUST521,John Smith,North America,Vancouver,Kitchen,Dinnerware,OFTAST Plate,10.0,1.49,0.0,14.9,4.86,NetBanking,Second Class,No,Corporate,Juan Garcia,5.0,5.0,2023.0,2023-05-25,Negative,OfficeHub,Canada,0.85,32.61,1.49,OFTAST,,,,,,,
O1418,2024-07-22,2024-07-27,CUST333,Kenji Tanaka,Asia,Tokyo,Textiles,Bedding,FÄLTSKÄR Sheet Set,3.0,993.45,0.0,2980.35,1005.0,Credit Card,Standard Class,No,Consumer,Aya Sato,3.0,7.0,2024.0,2024-08-01,Excellent,IKEA Industry,Japan,504.6,33.72,298.04,FÄLTSKÄR,,,,,,,
O1419,2023-11-08,2023-11-13,CUST914,Fatima Al Marzooqi,Europe,Berlin,Storage,Wardrobes,PAX Wardrobe,1.0,737.91,0.0,737.91,250.84,PayPal,First Class,Yes,Home Office,Omar Hassan,4.0,11.0,2023.0,2023-11-16,Positive,Swedwood,Germany,432.22,34.0,73.79,PAX,29385672.0,"        Wardrobe combination,          150x58x201 cm",https://www.ikea.com/sa/en/p/pax-wardrobe-combination-white-s29385672/,150.0,201.0,58.0,IKEA of Sweden/Ehlén Johansson
O1420,2024-05-30,2024-06-04,CUST777,Lars Anderson,Oceania,Melbourne,Lighting,Lamps,FADO Table Lamp,4.0,22,0.0,88.0,38.35,UPI,Same Day,No,Corporate,Emily White,5.0,5.0,2024.0,2024-06-04,Neutral,Local Supplier JP,Australia,10.0,43.58,8.8,FADO,,,,,,,
O1421,2023-09-25,2023-09-30,CUST883,Maria Rodriguez,North America,Toronto,Furniture,Sofas,KLIPPAN Loveseat,3.0,773.41,0.0,2320.23,748.16,NetBanking,Second Class,No,Consumer,Rohit Kumar,4.0,9.0,2023.0,2023-10-04,Negative,ABC Distributors,Canada,585.16,32.25,232.02,KLIPPAN,9251777.0,        2-seat sofa,https://www.ikea.com/sa/en/p/klippan-2-seat-sofa-kabusa-dark-grey-s09251777/,180.0,66.0,88.0,IKEA of Sweden
O1422,2024-12-01,2024-12-06,CUST754,David Chen,Asia,Mumbai,Kitchen,Appliances,TILLREDA Portable Induction Hob,3.0,957.28,0.0,2871.84,934.34,Credit Card,Standard Class,No,Home Office,Anita Desai,5.0,12.0,2024.0,2024-12-11,Excellent,FurniMart,India,507.99,32.53,287.18,TILLREDA,,,,,,,
O1423,2023-02-08,2023-02-13,CUST463,Emily White,Europe,Madrid,Textiles,Rugs,STOENSE Rug,7.0,140.91,0.0,986.37,405.27,PayPal,First Class,No,Corporate,Karan Mehta,3.0,2.0,2023.0,2023-02-16,Positive,OfficeHub,Spain,93.24,41.09,98.64,STOENSE,,,,,,,
O1424,2024-07-14,2024-07-19,CUST130,John Smith,North America,Chicago,Lighting,Lamps,LERSTA Floor Lamp,5.0,5.99,0.1,26.96,11.55,UPI,Same Day,No,Consumer,Sofia Karlsson,5.0,7.0,2024.0,2024-07-19,Neutral,IKEA Industry,USA,3.35,42.84,2.7,LERSTA,,,,,,,
O1425,2023-06-12,2023-06-17,CUST999,Kenji Tanaka,Asia,Tokyo,Furniture,Tables,LINNMON/ADILS Desk,4.0,260.12,0.0,1040.48,423.85,NetBanking,Second Class,No,Home Office,Juan Garcia,4.0,6.0,2023.0,2023-06-21,Negative,Swedwood,Japan,137.91,40.73,104.05,LINNMON/ADILS,,,,,,,
O1426,2024-09-10,2024-09-15,CUST666,Fatima Al Marzooqi,Oceania,Sydney,Storage,Shelving Unit,HEMNES Storage,8.0,86.99,0.0,695.92,277.57,Credit Card,Standard Class,Yes,Corporate,Aya Sato,5.0,9.0,2024.0,2024-09-20,Excellent,Local Supplier JP,Australia,50.04,39.88,69.59,HEMNES,89931560.0,"        Bed frame,          140x200 cm",https://www.ikea.com/sa/en/p/hemnes-bed-frame-white-stain-s89931560/,154.0,,,IKEA of Sweden/Carina Bengs
O1427,2023-01-15,2023-01-20,CUST550,Lars Anderson,North America,New York,Textiles,Bedding,GULLKLOCKA Duvet,3.0,59.99,0.0,179.97,39.54,PayPal,First Class,No,Consumer,Omar Hassan,3.0,1.0,2023.0,2023-01-23,Positive,ABC Distributors,USA,42.0,21.97,17.99,GULLKLOCKA,,,,,,,
O1428,2024-11-27,2024-12-02,CUST777,Maria Rodriguez,Europe,London,Kitchen,Dinnerware,OFTAST Plate,10.0,1.49,0.0,14.9,4.86,UPI,Same Day,No,Home Office,Emily White,4.0,11.0,2024.0,2024-12-02,Neutral,FurniMart,UK,0.85,32.61,1.49,OFTAST,,,,,,,
O1429,2023-05-01,2023-05-06,CUST754,David Chen,Asia,Mumbai,Furniture,Chairs,ADDE Chair,15.0,11.2,0.0,168.0,72.54,NetBanking,Second Class,No,Corporate,Rohit Kumar,5.0,5.0,2023.0,2023-05-10,Negative,OfficeHub,India,5.92,43.18,16.8,ADDE,10219178.0,        Chair,https://www.ikea.com/sa/en/p/adde-chair-white-10219178/,39.0,77.0,47.0,Marcus Arvonen
O1430,2024-09-05,2024-09-10,CUST610,Emily White,North America,Vancouver,Lighting,Lamps,HEKTAR Floor Lamp,4.0,930.56,0.0,3722.24,1366.56,Credit Card,Standard Class,No,Consumer,Anita Desai,4.0,9.0,2024.0,2024-09-15,Excellent,IKEA Industry,Canada,529.62,36.71,372.22,HEKTAR,,,,,,,
O1431,2023-03-01,2023-03-06,CUST798,John Smith,Oceania,Melbourne,Storage,Wardrobes,PAX Wardrobe,2.0,737.91,0.1,1328.24,450.7,PayPal,First Class,No,Home Office,Karan Mehta,5.0,3.0,2023.0,2023-03-09,Positive,Swedwood,Australia,432.22,33.93,132.82,PAX,29385672.0,"        Wardrobe combination,          150x58x201 cm",https://www.ikea.com/sa/en/p/pax-wardrobe-combination-white-s29385672/,150.0,201.0,58.0,IKEA of Sweden/Ehlén Johansson
O1432,2024-11-03,2024-11-08,CUST880,Kenji Tanaka,Europe,Berlin,Textiles,Rugs,STOENSE Rug,7.0,140.91,0.0,986.37,405.27,UPI,Same Day,No,Corporate,Sofia Karlsson,3.0,11.0,2024.0,2024-11-08,Neutral,Local Supplier JP,Germany,93.24,41.09,98.64,STOENSE,,,,,,,
O1433,2023-06-25,2023-06-30,CUST401,Fatima Al Marzooqi,Asia,Tokyo,Kitchen,Appliances,TILLREDA Portable Induction Hob,3.0,957.28,0.0,2871.84,934.34,NetBanking,Second Class,Yes,Consumer,Juan Garcia,4.0,6.0,2023.0,2023-07-04,Negative,ABC Distributors,Japan,507.99,32.53,287.18,TILLREDA,,,,,,,
O1434,2024-12-08,2024-12-13,CUST957,Lars Anderson,North America,Toronto,Furniture,Sofas,KIVIK Sofa,1.0,799,0.0,799.0,258.11,Credit Card,Standard Class,No,Home Office,Aya Sato,5.0,12.0,2024.0,2024-12-18,Excellent,FurniMart,Canada,450.0,32.3,79.9,KIVIK,79305512.0,        Chaise longue,https://www.ikea.com/sa/en/p/kivik-chaise-longue-skiftebo-dark-grey-s79305512/,90.0,83.0,163.0,Ola Wihlborg
O1435,2023-01-18,2023-01-23,CUST316,Maria Rodriguez,Oceania,Melbourne,Lighting,Lamps,LERSTA Floor Lamp,5.0,5.99,0.0,29.95,12.83,PayPal,First Class,No,Corporate,Omar Hassan,4.0,1.0,2023.0,2023-01-26,Positive,OfficeHub,Australia,3.35,42.84,2.99,LERSTA,,,,,,,
O1436,2024-07-29,2024-08-03,CUST711,David Chen,North America,New York,Textiles,Bedding,FÄLTSKÄR Sheet Set,3.0,993.45,0.05,2831.33,970.08,UPI,Same Day,No,Consumer,Emily White,5.0,7.0,2024.0,2024-08-03,Neutral,IKEA Industry,USA,504.6,34.26,283.13,FÄLTSKÄR,,,,,,,
O1437,2023-11-20,2023-11-25,CUST777,Emily White,Asia,Mumbai,Storage,Shelving Unit,HEMNES Storage,8.0,86.99,0.0,695.92,277.57,NetBanking,Second Class,No,Home Office,Rohit Kumar,3.0,11.0,2023.0,2023-11-29,Negative,Swedwood,India,50.04,39.88,69.59,HEMNES,89931560.0,"        Bed frame,          140x200 cm",https://www.ikea.com/sa/en/p/hemnes-bed-frame-white-stain-s89931560/,154.0,,,IKEA of Sweden/Carina Bengs
O1438,2024-05-18,2024-05-23,CUST649,John Smith,Europe,Madrid,Furniture,Tables,LINNMON/ADILS Desk,4.0,260.12,0.0,1040.48,423.85,Credit Card,Standard Class,No,Corporate,Anita Desai,4.0,5.0,2024.0,2024-05-28,Excellent,Local Supplier JP,Spain,137.91,40.73,104.05,LINNMON/ADILS,,,,,,,
O1439,2023-09-09,2023-09-14,CUST740,Kenji Tanaka,North America,Toronto,Kitchen,Dinnerware,FÄRGRIK Bowl,10.0,1.89,0.0,18.9,7.64,PayPal,First Class,No,Consumer,Karan Mehta,5.0,9.0,2023.0,2023-09-17,Positive,ABC Distributors,Canada,1.1,40.42,1.89,FÄRGRIK,,,,,,,
O1440,2024-12-10,2024-12-15,CUST559,Fatima Al Marzooqi,Oceania,Sydney,Lighting,Lamps,HEKTAR Floor Lamp,5.0,930.56,0.05,4417.06,1618.36,UPI,Same Day,No,Home Office,Sofia Karlsson,4.0,12.0,2024.0,2024-12-15,Neutral,FurniMart,Australia,529.62,36.64,441.71,HEKTAR,,,,,,,
O1441,2023-03-05,2023-03-10,CUST131,Lars Anderson,Asia,Tokyo,Textiles,Rugs,VINDUM Rug,3.0,250,0.0,750.0,262.5,NetBanking,Second Class,No,Corporate,Juan Garcia,3.0,3.0,2023.0,2023-03-14,Negative,OfficeHub,Japan,180.0,35.0,75.0,VINDUM,,,,,,,
O1442,2024-08-16,2024-08-21,CUST617,Maria Rodriguez,North America,Chicago,Furniture,Sofas,GRÖNLID Sofa,1.0,650,0.0,650.0,209.68,Credit Card,Standard Class,Yes,Consumer,Aya Sato,5.0,8.0,2024.0,2024-08-26,Excellent,IKEA Industry,USA,350.0,32.26,65.0,GRÖNLID,29278101.0,        2-seat sofa-bed,https://www.ikea.com/sa/en/p/groenlid-2-seat-sofa-bed-ljungen-dark-red-s29278101/,196.0,104.0,98.0,IKEA of Sweden/Francis Cayouette/Ehlén Johansson
O1443,2023-01-25,2023-01-30,CUST914,David Chen,Europe,London,Storage,Shelving Unit,BILLY Bookcase,7.0,271.04,0.0,1897.28,680.0,PayPal,First Class,No,Home Office,Omar Hassan,4.0,1.0,2023.0,2023-02-02,Positive,Swedwood,UK,153.38,35.84,189.73,BILLY,263850.0,"        Bookcase,          80x28x202 cm",https://www.ikea.com/sa/en/p/billy-bookcase-white-00263850/,80.0,202.0,28.0,Gillis Lundgren
O1444,2024-11-13,2024-11-18,CUST790,Emily White,Asia,Mumbai,Kitchen,Appliances,LAGAN Fridge,2.0,600,0.0,1200.0,480.0,UPI,Same Day,No,Corporate,Emily White,5.0,11.0,2024.0,2024-11-18,Neutral,Local Supplier JP,India,350.0,40.0,120.0,LAGAN,,,,,,,
O1445,2023-06-08,2023-06-13,CUST711,John Smith,North America,Vancouver,Lighting,Lamps,FADO Table Lamp,4.0,22,0.0,88.0,38.35,NetBanking,Second Class,No,Consumer,Rohit Kumar,4.0,6.0,2023.0,2023-06-17,Negative,ABC Distributors,Canada,10.0,43.58,8.8,FADO,,,,,,,
O1446,2024-10-02,2024-10-07,CUST444,Kenji Tanaka,Europe,Madrid,Furniture,Chairs,ADDE Chair,15.0,11.2,0.1,151.2,65.25,Credit Card,Standard Class,No,Home Office,Anita Desai,3.0,10.0,2024.0,2024-10-12,Excellent,FurniMart,Spain,5.92,43.15,15.12,ADDE,10219178.0,        Chair,https://www.ikea.com/sa/en/p/adde-chair-white-10219178/,39.0,77.0,47.0,Marcus Arvonen
O1447,2023-02-14,2023-02-19,CUST755,Fatima Al Marzooqi,Oceania,Sydney,Textiles,Bedding,FÄLTSKÄR Sheet Set,3.0,993.45,0.0,2980.35,1005.0,PayPal,First Class,No,Corporate,Karan Mehta,5.0,2.0,2023.0,2023-02-22,Positive,OfficeHub,Australia,504.6,33.72,298.04,FÄLTSKÄR,,,,,,,
O1448,2024-07-27,2024-08-01,CUST666,Lars Anderson,North America,New York,Storage,Wardrobes,BRIMNES Wardrobe,10.0,321.05,0.0,3210.5,1000.0,UPI,Same Day,Yes,Consumer,Sofia Karlsson,4.0,7.0,2024.0,2024-08-01,Neutral,IKEA Industry,USA,205.1,31.15,321.05,BRIMNES,49278341.0,"        Bed frame w storage and headboard,          90x200 cm",https://www.ikea.com/sa/en/p/brimnes-bed-frame-w-storage-and-headboard-white-luroey-s49278341/,96.0,110.0,54.0,IKEA of Sweden/K Hagberg/M Hagberg
O1449,2023-11-10,2023-11-15,CUST740,Maria Rodriguez,Asia,Tokyo,Lighting,Lamps,FADO Table Lamp,4.0,22,0.05,83.6,35.0,NetBanking,Second Class,No,Home Office,Juan Garcia,5.0,11.0,2023.0,2023-11-19,Negative,Swedwood,Japan,10.0,41.86,8.36,FADO,,,,,,,
O1450,2024-05-22,2024-05-27,CUST777,David Chen,Europe,Berlin,Furniture,Tables,LINNMON/ADILS Desk,5.0,260.12,0.0,1300.6,529.58,Credit Card,Standard Class,No,Corporate,Aya Sato,3.0,5.0,2024.0,2024-06-01,Excellent,Local Supplier JP,Germany,137.91,40.72,130.06,LINNMON/ADILS,,,,,,,
O1451,2023-09-17,2023-09-22,CUST754,Emily White,North America,Toronto,Kitchen,Appliances,LAGAN Fridge,2.0,600,0.0,1200.0,480.0,PayPal,First Class,No,Consumer,Omar Hassan,4.0,9.0,2023.0,2023-09-25,Positive,ABC Distributors,Canada,350.0,40.0,120.0,LAGAN,,,,,,,
O1452,2024-12-05,2024-12-10,CUST883,John Smith,Asia,Mumbai,Textiles,Rugs,STOENSE Rug,7.0,140.91,0.1,887.73,309.28,UPI,Same Day,No,Home Office,Emily White,5.0,12.0,2024.0,2024-12-10,Neutral,FurniMart,India,93.24,34.84,88.77,STOENSE,,,,,,,
O1453,2023-03-19,2023-03-24,CUST610,Kenji Tanaka,Oceania,Melbourne,Lighting,Lamps,LERSTA Floor Lamp,11.0,5.99,0.0,65.89,28.32,NetBanking,Second Class,No,Corporate,Rohit Kumar,4.0,3.0,2023.0,2023-03-28,Negative,OfficeHub,Australia,3.35,43.0,6.59,LERSTA,,,,,,,
O1454,2024-08-09,2024-08-14,CUST406,Fatima Al Marzooqi,North America,Vancouver,Furniture,Chairs,MILLBERGET Swivel Chair,5.0,150,0.0,750.0,320.8,Credit Card,Standard Class,No,Consumer,Anita Desai,5.0,8.0,2024.0,2024-08-19,Excellent,IKEA Industry,Canada,80.0,42.77,75.0,MILLBERGET,90339412.0,        Swivel chair,https://www.ikea.com/sa/en/p/millberget-swivel-chair-bomstad-black-90339412/,,,65.0,Ola Wihlborg
O1455,2023-01-09,2023-01-14,CUST401,Lars Anderson,Europe,Madrid,Storage,Shelving Unit,KALLAX Shelf,6.0,49.99,0.0,299.94,118.96,PayPal,First Class,Yes,Home Office,Karan Mehta,3.0,1.0,2023.0,2023-01-17,Positive,Swedwood,Spain,30.0,39.66,29.99,KALLAX,20275814.0,"        Shelving unit,          77x77 cm",https://www.ikea.com/sa/en/p/kallax-shelving-unit-white-20275814/,77.0,77.0,39.0,Tord Björklund
O1456,2024-11-23,2024-11-28,CUST521,Maria Rodriguez,Asia,Tokyo,Kitchen,Appliances,TILLREDA Portable Induction Hob,3.0,957.28,0.1,2584.66,845.0,UPI,Same Day,No,Corporate,Sofia Karlsson,4.0,11.0,2024.0,2024-11-28,Neutral,Local Supplier JP,Japan,507.99,32.69,258.47,TILLREDA,,,,,,,
O1457,2023-05-09,2023-05-14,CUST880,David Chen,North America,New York,Textiles,Bedding,GULLKLOCKA Duvet,3.0,59.99,0.0,179.97,39.54,NetBanking,Second Class,No,Consumer,Juan Garcia,5.0,5.0,2023.0,2023-05-18,Negative,ABC Distributors,USA,42.0,21.97,17.99,GULLKLOCKA,,,,,,,
O1458,2024-09-29,2024-10-04,CUST130,Emily White,Oceania,Sydney,Lighting,Lamps,FADO Table Lamp,4.0,22,0.0,88.0,38.35,Credit Card,Standard Class,No,Home Office,Aya Sato,4.0,9.0,2024.0,2024-10-09,Excellent,FurniMart,Australia,10.0,43.58,8.8,FADO,,,,,,,
O1459,2023-03-29,2023-04-03,CUST914,John Smith,Asia,Mumbai,Furniture,Tables,INGATORP Dining Table,1.0,546.04,0.0,546.04,179.99,PayPal,First Class,No,Corporate,Omar Hassan,5.0,3.0,2023.0,2023-04-06,Positive,OfficeHub,India,342.14,32.96,54.6,INGATORP,29917307.0,"        Table and 4 chairs,          155 cm",https://www.ikea.com/sa/en/p/ingatorp-ingolf-table-and-4-chairs-white-s29917307/,87.0,74.0,,Carina Bengs
O1460,2024-07-03,2024-07-08,CUST999,Kenji Tanaka,North America,Toronto,Storage,Wardrobes,PAX Wardrobe,1.0,737.91,0.0,737.91,250.84,UPI,Same Day,No,Consumer,Emily White,3.0,7.0,2024.0,2024-07-08,Neutral,IKEA Industry,Canada,432.22,34.0,73.79,PAX,29385672.0,"        Wardrobe combination,          150x58x201 cm",https://www.ikea.com/sa/en/p/pax-wardrobe-combination-white-s29385672/,150.0,201.0,58.0,IKEA of Sweden/Ehlén Johansson
O1461,2023-11-01,2023-11-06,CUST666,Fatima Al Marzooqi,Europe,London,Textiles,Rugs,VINDUM Rug,3.0,250,0.0,750.0,262.5,NetBanking,Second Class,Yes,Home Office,Rohit Kumar,5.0,11.0,2023.0,2023-11-10,Negative,Swedwood,UK,180.0,35.0,75.0,VINDUM,,,,,,,
O1462,2024-05-13,2024-05-18,CUST798,Lars Anderson,Asia,Shanghai,Lighting,Lamps,LERSTA Floor Lamp,5.0,5.99,0.0,29.95,12.83,Credit Card,Standard Class,No,Corporate,Anita Desai,4.0,5.0,2024.0,2024-05-23,Excellent,Local Supplier JP,China,3.35,42.84,2.99,LERSTA,,,,,,,
O1463,2023-09-24,2023-09-29,CUST755,Maria Rodriguez,North America,Chicago,Kitchen,Dinnerware,OFTAST Plate,15.0,1.49,0.0,22.35,8.89,PayPal,First Class,No,Consumer,Karan Mehta,5.0,9.0,2023.0,2023-10-02,Positive,ABC Distributors,USA,0.85,39.77,2.23,OFTAST,,,,,,,
O1464,2024-12-12,2024-12-17,CUST406,David Chen,Oceania,Melbourne,Furniture,Sofas,KLIPPAN Loveseat,3.0,773.41,0.05,2204.01,711.9,UPI,Same Day,No,Home Office,Sofia Karlsson,4.0,12.0,2024.0,2024-12-17,Neutral,FurniMart,Australia,585.16,32.29,220.4,KLIPPAN,9251777.0,        2-seat sofa,https://www.ikea.com/sa/en/p/klippan-2-seat-sofa-kabusa-dark-grey-s09251777/,180.0,66.0,88.0,IKEA of Sweden
O1465,2023-02-05,2023-02-10,CUST552,Emily White,Europe,Madrid,Textiles,Bedding,FÄLTSKÄR Sheet Set,4.0,993.45,0.1,3576.42,1206.4,NetBanking,Second Class,No,Corporate,Juan Garcia,3.0,2.0,2023.0,2023-02-14,Negative,OfficeHub,Spain,504.6,33.74,357.64,FÄLTSKÄR,,,,,,,
O1466,2024-07-25,2024-07-30,CUST980,John Smith,Asia,Mumbai,Lighting,Lamps,HEKTAR Floor Lamp,5.0,930.56,0.0,4652.8,1708.2,Credit Card,Standard Class,No,Consumer,Aya Sato,5.0,7.0,2024.0,2024-08-04,Excellent,IKEA Industry,India,529.62,36.71,465.28,HEKTAR,,,,,,,
O1467,2023-11-28,2023-12-03,CUST991,Kenji Tanaka,North America,Toronto,Storage,Shelving Unit,BILLY Bookcase,7.0,271.04,0.0,1897.28,680.0,PayPal,First Class,No,Home Office,Omar Hassan,4.0,11.0,2023.0,2023-12-06,Positive,Swedwood,Canada,153.38,35.84,189.73,BILLY,263850.0,"        Bookcase,          80x28x202 cm",https://www.ikea.com/sa/en/p/billy-bookcase-white-00263850/,80.0,202.0,28.0,Gillis Lundgren
O1468,2024-05-16,2024-05-21,CUST444,Fatima Al Marzooqi,Oceania,Sydney,Kitchen,Appliances,LAGAN Fridge,2.0,600,0.0,1200.0,480.0,UPI,Same Day,No,Corporate,Emily White,5.0,5.0,2024.0,2024-05-21,Neutral,Local Supplier JP,Australia,350.0,40.0,120.0,LAGAN,,,,,,,
O1469,2023-09-07,2023-09-12,CUST711,Lars Anderson,Europe,Berlin,Furniture,Tables,LACK Side Table,15.0,25,0.0,375.0,185.06,NetBanking,Second Class,No,Consumer,Rohit Kumar,4.0,9.0,2023.0,2023-09-16,Negative,ABC Distributors,Germany,11.5,49.35,37.5,LACK,60282186.0,"        Wall shelf unit,          30x190 cm",https://www.ikea.com/sa/en/p/lack-wall-shelf-unit-white-60282186/,30.0,190.0,28.0,C Halskov/H Dalsgaard
O1470,2024-12-03,2024-12-08,CUST790,Maria Rodriguez,Asia,Tokyo,Textiles,Rugs,STOENSE Rug,5.0,140.91,0.0,704.55,289.44,Credit Card,Standard Class,Yes,Home Office,Anita Desai,3.0,12.0,2024.0,2024-12-13,Excellent,FurniMart,Japan,93.24,41.08,70.46,STOENSE,,,,,,,
O1471,2023-01-29,2023-02-03,CUST610,David Chen,North America,New York,Lighting,Lamps,FADO Table Lamp,4.0,22,0.0,88.0,38.35,PayPal,First Class,No,Corporate,Karan Mehta,5.0,1.0,2023.0,2023-02-06,Positive,OfficeHub,USA,10.0,43.58,8.8,FADO,,,,,,,
O1472,2024-07-09,2024-07-14,CUST880,Emily White,Oceania,Melbourne,Storage,Shelving Unit,HEMNES Storage,8.0,86.99,0.05,661.12,263.26,UPI,Same Day,No,Consumer,Sofia Karlsson,4.0,7.0,2024.0,2024-07-14,Neutral,IKEA Industry,Australia,50.04,39.82,66.11,HEMNES,89931560.0,"        Bed frame,          140x200 cm",https://www.ikea.com/sa/en/p/hemnes-bed-frame-white-stain-s89931560/,154.0,,,IKEA of Sweden/Carina Bengs
O1473,2023-11-15,2023-11-20,CUST550,John Smith,Asia,Mumbai,Furniture,Chairs,ADDE Chair,15.0,11.2,0.0,168.0,72.54,NetBanking,Second Class,No,Home Office,Juan Garcia,5.0,11.0,2023.0,2023-11-24,Negative,Swedwood,India,5.92,43.18,16.8,ADDE,10219178.0,        Chair,https://www.ikea.com/sa/en/p/adde-chair-white-10219178/,39.0,77.0,47.0,Marcus Arvonen
O1474,2024-05-25,2024-05-30,CUST463,Kenji Tanaka,Europe,London,Textiles,Bedding,GULLKLOCKA Duvet,3.0,59.99,0.0,179.97,39.54,Credit Card,Standard Class,No,Corporate,Aya Sato,4.0,5.0,2024.0,2024-06-04,Excellent,Local Supplier JP,UK,42.0,21.97,17.99,GULLKLOCKA,,,,,,,
O1475,2023-09-30,2023-10-05,CUST130,Fatima Al Marzooqi,North America,Vancouver,Lighting,Lamps,HEKTAR Floor Lamp,4.0,930.56,0.0,3722.24,1366.56,PayPal,First Class,No,Consumer,Omar Hassan,5.0,9.0,2023.0,2023-10-08,Positive,ABC Distributors,Canada,529.62,36.71,372.22,HEKTAR,,,,,,,
O1476,2024-12-19,2024-12-24,CUST957,Lars Anderson,Asia,Tokyo,Kitchen,Appliances,LAGAN Fridge,2.0,600,0.0,1200.0,480.0,UPI,Same Day,No,Home Office,Emily White,3.0,12.0,2024.0,2024-12-24,Neutral,FurniMart,Japan,350.0,40.0,120.0,LAGAN,,,,,,,
O1477,2023-03-03,2023-03-08,CUST755,Maria Rodriguez,Oceania,Sydney,Storage,Wardrobes,PAX Wardrobe,1.0,737.91,0.0,737.91,250.84,NetBanking,Second Class,No,Corporate,Rohit Kumar,5.0,3.0,2023.0,2023-03-12,Negative,OfficeHub,Australia,432.22,34.0,73.79,PAX,29385672.0,"        Wardrobe combination,          150x58x201 cm",https://www.ikea.com/sa/en/p/pax-wardrobe-combination-white-s29385672/,150.0,201.0,58.0,IKEA of Sweden/Ehlén Johansson
O1478,2024-08-11,2024-08-16,CUST754,David Chen,North America,New York,Furniture,Sofas,KIVIK Sofa,1.0,799,0.1,719.1,232.09,Credit Card,Standard Class,Yes,Consumer,Anita Desai,4.0,8.0,2024.0,2024-08-21,Excellent,IKEA Industry,USA,450.0,32.27,71.91,KIVIK,79305512.0,        Chaise longue,https://www.ikea.com/sa/en/p/kivik-chaise-longue-skiftebo-dark-grey-s79305512/,90.0,83.0,163.0,Ola Wihlborg
O1479,2023-01-05,2023-01-10,CUST980,Emily White,Europe,Madrid,Textiles,Rugs,VINDUM Rug,3.0,250,0.0,750.0,262.5,PayPal,First Class,No,Home Office,Karan Mehta,5.0,1.0,2023.0,2023-01-13,Positive,Swedwood,Spain,180.0,35.0,75.0,VINDUM,,,,,,,
O1480,2024-11-20,2024-11-25,CUST316,John Smith,Asia,Mumbai,Lighting,Lamps,LERSTA Floor Lamp,5.0,5.99,0.0,29.95,12.83,UPI,Same Day,No,Corporate,Sofia Karlsson,4.0,11.0,2024.0,2024-11-25,Neutral,Local Supplier JP,India,3.35,42.84,2.99,LERSTA,,,,,,,
O1481,2023-05-12,2023-05-17,CUST777,Kenji Tanaka,North America,Toronto,Kitchen,Dinnerware,OFTAST Plate,15.0,1.49,0.0,22.35,8.89,NetBanking,Second Class,No,Consumer,Juan Garcia,3.0,5.0,2023.0,2023-05-21,Negative,ABC Distributors,Canada,0.85,39.77,2.23,OFTAST,,,,,,,
O1482,2024-09-01,2024-09-06,CUST790,Fatima Al Marzooqi,Europe,Berlin,Furniture,Tables,LINNMON/ADILS Desk,4.0,260.12,0.0,1040.48,423.85,Credit Card,Standard Class,No,Home Office,Aya Sato,5.0,9.0,2024.0,2024-09-11,Excellent,FurniMart,Germany,137.91,40.73,104.05,LINNMON/ADILS,,,,,,,
O1483,2023-03-21,2023-03-26,CUST711,Lars Anderson,Asia,Tokyo,Storage,Shelving Unit,HEMNES Storage,8.0,86.99,0.0,695.92,277.57,PayPal,First Class,No,Corporate,Omar Hassan,4.0,3.0,2023.0,2023-03-29,Positive,OfficeHub,Japan,50.04,39.88,69.59,HEMNES,89931560.0,"        Bed frame,          140x200 cm",https://www.ikea.com/sa/en/p/hemnes-bed-frame-white-stain-s89931560/,154.0,,,IKEA of Sweden/Carina Bengs
O1484,2024-12-25,2024-12-30,CUST550,Maria Rodriguez,North America,New York,Textiles,Bedding,FÄLTSKÄR Sheet Set,3.0,993.45,0.0,2980.35,1005.0,UPI,Same Day,No,Consumer,Emily White,5.0,12.0,2024.0,2024-12-30,Neutral,IKEA Industry,USA,504.6,33.72,298.04,FÄLTSKÄR,,,,,,,
O1485,2023-05-18,2023-05-23,CUST991,David Chen,Oceania,Melbourne,Lighting,Lamps,FADO Table Lamp,4.0,22,0.0,88.0,38.35,NetBanking,Second Class,Yes,Home Office,Rohit Kumar,4.0,5.0,2023.0,2023-05-27,Negative,Swedwood,Australia,10.0,43.58,8.8,FADO,,,,,,,
O1486,2024-09-14,2024-09-19,CUST777,Emily White,Asia,Mumbai,Furniture,Chairs,ADDE Chair,15.0,11.2,0.0,168.0,72.54,Credit Card,Standard Class,No,Corporate,Anita Desai,5.0,9.0,2024.0,2024-09-24,Excellent,Local Supplier JP,India,5.92,43.18,16.8,ADDE,10219178.0,        Chair,https://www.ikea.com/sa/en/p/adde-chair-white-10219178/,39.0,77.0,47.0,Marcus Arvonen
O1487,2023-03-07,2023-03-12,CUST755,John Smith,Europe,Madrid,Kitchen,Appliances,TILLREDA Portable Induction Hob,3.0,957.28,0.0,2871.84,934.34,PayPal,First Class,No,Consumer,Karan Mehta,3.0,3.0,2023.0,2023-03-15,Positive,ABC Distributors,Spain,507.99,32.53,287.18,TILLREDA,,,,,,,
O1488,2024-11-09,2024-11-14,CUST406,Kenji Tanaka,North America,Chicago,Storage,Wardrobes,PAX Wardrobe,2.0,737.91,0.0,1475.82,497.35,UPI,Same Day,No,Home Office,Sofia Karlsson,5.0,11.0,2024.0,2024-11-14,Neutral,FurniMart,USA,432.22,33.7,147.58,PAX,29385672.0,"        Wardrobe combination,          150x58x201 cm",https://www.ikea.com/sa/en/p/pax-wardrobe-combination-white-s29385672/,150.0,201.0,58.0,IKEA of Sweden/Ehlén Johansson
O1489,2023-01-13,2023-01-18,CUST463,Fatima Al Marzooqi,Oceania,Sydney,Textiles,Rugs,STOENSE Rug,7.0,140.91,0.0,986.37,405.27,NetBanking,Second Class,No,Corporate,Juan Garcia,4.0,1.0,2023.0,2023-01-22,Negative,OfficeHub,Australia,93.24,41.09,98.64,STOENSE,,,,,,,
O1490,2024-06-21,2024-06-26,CUST130,Lars Anderson,Asia,Tokyo,Lighting,Lamps,HEKTAR Floor Lamp,5.0,930.56,0.0,4652.8,1708.2,Credit Card,Standard Class,No,Consumer,Aya Sato,5.0,6.0,2024.0,2024-07-01,Excellent,IKEA Industry,Japan,529.62,36.71,465.28,HEKTAR,,,,,,,
O1491,2023-11-23,2023-11-28,CUST617,Maria Rodriguez,Europe,Berlin,Furniture,Tables,LACK Side Table,15.0,25,0.0,375.0,185.06,PayPal,First Class,Yes,Home Office,Omar Hassan,3.0,11.0,2023.0,2023-12-01,Positive,Swedwood,Germany,11.5,49.35,37.5,LACK,60282186.0,"        Wall shelf unit,          30x190 cm",https://www.ikea.com/sa/en/p/lack-wall-shelf-unit-white-60282186/,30.0,190.0,28.0,C Halskov/H Dalsgaard
O1492,2024-05-06,2024-05-11,CUST999,David Chen,North America,Vancouver,Kitchen,Appliances,LAGAN Fridge,2.0,600,0.0,1200.0,480.0,UPI,Same Day,No,Corporate,Emily White,4.0,5.0,2024.0,2024-05-11,Neutral,Local Supplier JP,Canada,350.0,40.0,120.0,LAGAN,,,,,,,
O1493,2023-09-02,2023-09-07,CUST444,Emily White,Asia,Mumbai,Textiles,Bedding,GULLKLOCKA Duvet,3.0,59.99,0.0,179.97,39.54,NetBanking,Second Class,No,Consumer,Rohit Kumar,5.0,9.0,2023.0,2023-09-11,Negative,ABC Distributors,India,42.0,21.97,17.99,GULLKLOCKA,,,,,,,
O1494,2024-12-11,2024-12-16,CUST755,John Smith,Europe,Madrid,Lighting,Lamps,FADO Table Lamp,4.0,22,0.05,83.6,35.0,Credit Card,Standard Class,No,Home Office,Anita Desai,5.0,12.0,2024.0,2024-12-21,Excellent,FurniMart,Spain,10.0,41.86,8.36,FADO,,,,,,,
O1495,2023-03-10,2023-03-15,CUST740,Kenji Tanaka,North America,Los Angeles,Storage,Shelving Unit,HEMNES Storage,8.0,86.99,0.0,695.92,277.57,PayPal,First Class,No,Corporate,Karan Mehta,4.0,3.0,2023.0,2023-03-18,Positive,OfficeHub,USA,50.04,39.88,69.59,HEMNES,89931560.0,"        Bed frame,          140x200 cm",https://www.ikea.com/sa/en/p/hemnes-bed-frame-white-stain-s89931560/,154.0,,,IKEA of Sweden/Carina Bengs
O1496,2024-07-28,2024-08-02,CUST559,Fatima Al Marzooqi,Asia,Tokyo,Furniture,Sofas,KLIPPAN Loveseat,3.0,773.41,0.0,2320.23,748.16,UPI,Same Day,No,Consumer,Sofia Karlsson,4.0,7.0,2024.0,2024-08-02,Neutral,IKEA Industry,Japan,585.16,32.25,232.02,KLIPPAN,9251777.0,        2-seat sofa,https://www.ikea.com/sa/en/p/klippan-2-seat-sofa-kabusa-dark-grey-s09251777/,180.0,66.0,88.0,IKEA of Sweden
O1497,2023-01-24,2023-01-29,CUST883,Lars Anderson,Oceania,Sydney,Kitchen,Dinnerware,FÄRGRIK Bowl,10.0,1.89,0.0,18.9,7.64,NetBanking,Second Class,Yes,Home Office,Juan Garcia,5.0,1.0,2023.0,2023-02-02,Negative,Swedwood,Australia,1.1,40.42,1.89,FÄRGRIK,,,,,,,
O1498,2024-11-04,2024-11-09,CUST754,Maria Rodriguez,Europe,London,Textiles,Rugs,STOENSE Rug,7.0,140.91,0.0,986.37,405.27,Credit Card,Standard Class,No,Corporate,Aya Sato,4.0,11.0,2024.0,2024-11-14,Excellent,Local Supplier JP,UK,93.24,41.09,98.64,STOENSE,,,,,,,
O1499,2023-05-27,2023-06-01,CUST463,David Chen,North America,Toronto,Lighting,Lamps,LERSTA Floor Lamp,5.0,5.99,0.0,29.95,12.83,PayPal,First Class,No,Consumer,Omar Hassan,5.0,5.0,2023.0,2023-06-04,Positive,ABC Distributors,Canada,3.35,42.84,2.99,LERSTA,,,,,,,
O1500,2024-09-19,2024-09-24,CUST131,Emily White,Asia,Mumbai,Furniture,Chairs,ODGER Chair,6.0,448.33,0.1,2410.98,917.47,UPI,Same Day,No,Home Office,Emily White,3.0,9.0,2024.0,2024-09-24,Neutral,FurniMart,India,212.72,38.06,241.1,ODGER,70308685.0,        Swivel chair,https://www.ikea.com/sa/en/p/odger-swivel-chair-white-beige-70308685/,68.0,,68.0,J Löfgren/J Pettersson
O1501,2023-03-05,2023-03-10,CUST521,John Smith,Oceania,Melbourne,Storage,Wardrobes,BRIMNES Wardrobe,10.0,321.05,0.0,3210.5,1000.0,NetBanking,Second Class,No,Corporate,Rohit Kumar,4.0,3.0,2023.0,2023-03-14,Negative,OfficeHub,Australia,205.1,31.15,321.05,BRIMNES,49278341.0,"        Bed frame w storage and headboard,          90x200 cm",https://www.ikea.com/sa/en/p/brimnes-bed-frame-w-storage-and-headboard-white-luroey-s49278341/,96.0,110.0,54.0,IKEA of Sweden/K Hagberg/M Hagberg
O1502,2024-08-07,2024-08-12,CUST666,Kenji Tanaka,North America,Chicago,Textiles,Bedding,FÄLTSKÄR Sheet Set,3.0,993.45,0.0,2980.35,1005.0,Credit Card,Standard Class,No,Consumer,Anita Desai,5.0,8.0,2024.0,2024-08-17,Excellent,IKEA Industry,USA,504.6,33.72,298.04,FÄLTSKÄR,,,,,,,
O1503,2023-01-02,2023-01-07,CUST240,Fatima Al Marzooqi,Europe,Madrid,Kitchen,Appliances,LAGAN Fridge,2.0,600,0.0,1200.0,480.0,PayPal,First Class,Yes,Home Office,Karan Mehta,4.0,1.0,2023.0,2023-01-10,Positive,Swedwood,Spain,350.0,40.0,120.0,LAGAN,,,,,,,
O1504,2024-11-26,2024-12-01,CUST333,Lars Anderson,Asia,Shanghai,Lighting,Lamps,HEKTAR Floor Lamp,5.0,930.56,0.0,4652.8,1708.2,UPI,Same Day,No,Corporate,Sofia Karlsson,4.0,11.0,2024.0,2024-12-01,Neutral,Local Supplier JP,China,529.62,36.71,465.28,HEKTAR,,,,,,,
O1505,2023-05-08,2023-05-13,CUST914,Maria Rodriguez,North America,Vancouver,Furniture,Tables,INGATORP Dining Table,1.0,546.04,0.0,546.04,179.99,NetBanking,Second Class,No,Consumer,Juan Garcia,5.0,5.0,2023.0,2023-05-17,Negative,ABC Distributors,Canada,342.14,32.96,54.6,INGATORP,29917307.0,"        Table and 4 chairs,          155 cm",https://www.ikea.com/sa/en/p/ingatorp-ingolf-table-and-4-chairs-white-s29917307/,87.0,74.0,,Carina Bengs
O1506,2024-07-20,2024-07-25,CUST777,David Chen,Europe,London,Storage,Shelving Unit,KALLAX Shelf,6.0,49.99,0.0,299.94,118.96,Credit Card,Standard Class,No,Home Office,Aya Sato,3.0,7.0,2024.0,2024-07-30,Excellent,FurniMart,UK,30.0,39.66,29.99,KALLAX,20275814.0,"        Shelving unit,          77x77 cm",https://www.ikea.com/sa/en/p/kallax-shelving-unit-white-20275814/,77.0,77.0,39.0,Tord Björklund
O1507,2023-11-12,2023-11-17,CUST755,Emily White,Asia,Tokyo,Kitchen,Dinnerware,OFTAST Plate,15.0,1.49,0.0,22.35,8.89,PayPal,First Class,No,Corporate,Omar Hassan,4.0,11.0,2023.0,2023-11-20,Positive,OfficeHub,Japan,0.85,39.77,2.23,OFTAST,,,,,,,
O1508,2024-05-27,2024-06-01,CUST130,John Smith,Oceania,Melbourne,Textiles,Rugs,VINDUM Rug,3.0,250,0.1,675.0,236.25,UPI,Same Day,No,Consumer,Emily White,5.0,5.0,2024.0,2024-06-01,Neutral,IKEA Industry,Australia,180.0,35.0,67.5,VINDUM,,,,,,,
O1509,2023-09-06,2023-09-11,CUST999,Kenji Tanaka,North America,New York,Furniture,Sofas,KIVIK Sofa,1.0,799,0.0,799.0,258.11,NetBanking,Second Class,No,Home Office,Rohit Kumar,4.0,9.0,2023.0,2023-09-15,Negative,Swedwood,USA,450.0,32.3,79.9,KIVIK,79305512.0,        Chaise longue,https://www.ikea.com/sa/en/p/kivik-chaise-longue-skiftebo-dark-grey-s79305512/,90.0,83.0,163.0,Ola Wihlborg
O1510,2024-12-14,2024-12-19,CUST666,Fatima Al Marzooqi,Europe,Madrid,Lighting,Lamps,LERSTA Floor Lamp,5.0,5.99,0.0,29.95,12.83,Credit Card,Standard Class,No,Corporate,Anita Desai,5.0,12.0,2024.0,2024-12-24,Excellent,Local Supplier JP,Spain,3.35,42.84,2.99,LERSTA,,,,,,,
O1511,2023-03-27,2023-04-01,CUST610,Lars Anderson,Asia,Mumbai,Storage,Wardrobes,PAX Wardrobe,1.0,737.91,0.0,737.91,250.84,PayPal,First Class,No,Consumer,Karan Mehta,3.0,3.0,2023.0,2023-04-04,Positive,ABC Distributors,India,432.22,34.0,73.79,PAX,29385672.0,"        Wardrobe combination,          150x58x201 cm",https://www.ikea.com/sa/en/p/pax-wardrobe-combination-white-s29385672/,150.0,201.0,58.0,IKEA of Sweden/Ehlén Johansson
O1512,2024-08-01,2024-08-06,CUST880,Maria Rodriguez,North America,Toronto,Kitchen,Appliances,TILLREDA Portable Induction Hob,3.0,957.28,0.0,2871.84,934.34,UPI,Same Day,No,Home Office,Sofia Karlsson,4.0,8.0,2024.0,2024-08-06,Neutral,FurniMart,Canada,507.99,32.53,287.18,TILLREDA,,,,,,,
O1513,2023-01-08,2023-01-13,CUST550,David Chen,Oceania,Sydney,Textiles,Bedding,GULLKLOCKA Duvet,7.0,59.99,0.0,419.93,70.92,NetBanking,Second Class,No,Corporate,Juan Garcia,5.0,1.0,2023.0,2023-01-17,Negative,OfficeHub,Australia,42.0,16.89,41.99,GULLKLOCKA,,,,,,,
O1514,2024-11-28,2024-12-03,CUST740,Emily White,Asia,Tokyo,Furniture,Chairs,ADDE Chair,15.0,11.2,0.0,168.0,72.54,Credit Card,Standard Class,No,Consumer,Aya Sato,4.0,11.0,2024.0,2024-12-08,Excellent,IKEA Industry,Japan,5.92,43.18,16.8,ADDE,10219178.0,        Chair,https://www.ikea.com/sa/en/p/adde-chair-white-10219178/,39.0,77.0,47.0,Marcus Arvonen
O1515,2023-05-20,2023-05-25,CUST798,John Smith,Europe,London,Storage,Shelving Unit,HEMNES Storage,8.0,86.99,0.0,695.92,277.57,PayPal,First Class,No,Home Office,Omar Hassan,5.0,5.0,2023.0,2023-05-28,Positive,Swedwood,UK,50.04,39.88,69.59,HEMNES,89931560.0,"        Bed frame,          140x200 cm",https://www.ikea.com/sa/en/p/hemnes-bed-frame-white-stain-s89931560/,154.0,,,IKEA of Sweden/Carina Bengs
O1516,2024-09-05,2024-09-10,CUST552,Kenji Tanaka,North America,New York,Lighting,Lamps,FADO Table Lamp,4.0,22,0.0,88.0,38.35,UPI,Same Day,Yes,Corporate,Emily White,3.0,9.0,2024.0,2024-09-10,Neutral,Local Supplier JP,USA,10.0,43.58,8.8,FADO,,,,,,,
O1517,2023-03-14,2023-03-19,CUST754,Fatima Al Marzooqi,Asia,Mumbai,Furniture,Tables,LINNMON/ADILS Desk,5.0,260.12,0.0,1300.6,529.58,NetBanking,Second Class,No,Consumer,Rohit Kumar,4.0,3.0,2023.0,2023-03-23,Negative,ABC Distributors,India,137.91,40.72,130.06,LINNMON/ADILS,,,,,,,
O1518,2024-08-25,2024-08-30,CUST406,Lars Anderson,Oceania,Melbourne,Textiles,Rugs,STOENSE Rug,7.0,140.91,0.05,938.83,360.85,Credit Card,Standard Class,No,Home Office,Anita Desai,5.0,8.0,2024.0,2024-09-04,Excellent,FurniMart,Australia,93.24,38.44,93.88,STOENSE,,,,,,,
O1519,2023-01-16,2023-01-21,CUST798,Maria Rodriguez,Europe,Madrid,Kitchen,Dinnerware,FÄRGRIK Bowl,10.0,1.89,0.0,18.9,7.64,PayPal,First Class,No,Corporate,Karan Mehta,4.0,1.0,2023.0,2023-01-24,Positive,OfficeHub,Spain,1.1,40.42,1.89,FÄRGRIK,,,,,,,
O1520,2024-12-02,2024-12-07,CUST240,David Chen,North America,Toronto,Storage,Shelving Unit,BILLY Bookcase,7.0,271.04,0.0,1897.28,680.0,UPI,Same Day,No,Consumer,Sofia Karlsson,5.0,12.0,2024.0,2024-12-07,Neutral,IKEA Industry,Canada,153.38,35.84,189.73,BILLY,263850.0,"        Bookcase,          80x28x202 cm",https://www.ikea.com/sa/en/p/billy-bookcase-white-00263850/,80.0,202.0,28.0,Gillis Lundgren
O1521,2023-05-10,2023-05-15,CUST316,Emily White,Asia,Shanghai,Lighting,Lamps,HEKTAR Floor Lamp,4.0,930.56,0.0,3722.24,1366.56,NetBanking,Second Class,No,Home Office,Juan Garcia,3.0,5.0,2023.0,2023-05-19,Negative,Swedwood,China,529.62,36.71,372.22,HEKTAR,,,,,,,
O1522,2024-09-20,2024-09-25,CUST790,John Smith,Oceania,Sydney,Furniture,Sofas,GRÖNLID Sofa,1.0,650,0.0,650.0,209.68,Credit Card,Standard Class,No,Corporate,Aya Sato,4.0,9.0,2024.0,2024-09-30,Excellent,Local Supplier JP,Australia,350.0,32.26,65.0,GRÖNLID,29278101.0,        2-seat sofa-bed,https://www.ikea.com/sa/en/p/groenlid-2-seat-sofa-bed-ljungen-dark-red-s29278101/,196.0,104.0,98.0,IKEA of Sweden/Francis Cayouette/Ehlén Johansson
O1523,2023-03-31,2023-04-05,CUST131,Kenji Tanaka,North America,Chicago,Textiles,Bedding,GULLKLOCKA Duvet,3.0,59.99,0.0,179.97,39.54,PayPal,First Class,Yes,Consumer,Omar Hassan,5.0,3.0,2023.0,2023-04-08,Positive,ABC Distributors,USA,42.0,21.97,17.99,GULLKLOCKA,,,,,,,
O1524,2024-11-06,2024-11-11,CUST521,Fatima Al Marzooqi,Europe,London,Kitchen,Appliances,LAGAN Fridge,2.0,600,0.1,1080.0,360.0,UPI,Same Day,No,Home Office,Emily White,4.0,11.0,2024.0,2024-11-11,Neutral,FurniMart,UK,350.0,33.33,108.0,LAGAN,,,,,,,
O1525,2023-05-03,2023-05-08,CUST617,Lars Anderson,Asia,Mumbai,Storage,Wardrobes,BRIMNES Wardrobe,10.0,321.05,0.0,3210.5,1000.0,NetBanking,Second Class,No,Corporate,Rohit Kumar,5.0,5.0,2023.0,2023-05-12,Negative,OfficeHub,India,205.1,31.15,321.05,BRIMNES,49278341.0,"        Bed frame w storage and headboard,          90x200 cm",https://www.ikea.com/sa/en/p/brimnes-bed-frame-w-storage-and-headboard-white-luroey-s49278341/,96.0,110.0,54.0,IKEA of Sweden/K Hagberg/M Hagberg
O1526,2024-12-22,2024-12-27,CUST991,Maria Rodriguez,North America,Toronto,Furniture,Tables,LINNMON/ADILS Desk,5.0,260.12,0.0,1300.6,529.58,Credit Card,Standard Class,No,Consumer,Anita Desai,3.0,12.0,2024.0,2025-01-01,Excellent,IKEA Industry,Canada,137.91,40.72,130.06,LINNMON/ADILS,,,,,,,
O1527,2023-09-27,2023-10-02,CUST755,David Chen,Oceania,Melbourne,Lighting,Lamps,LERSTA Floor Lamp,11.0,5.99,0.0,65.89,28.32,PayPal,First Class,No,Home Office,Karan Mehta,4.0,9.0,2023.0,2023-10-05,Positive,Swedwood,Australia,3.35,43.0,6.59,LERSTA,,,,,,,
O1528,2024-07-29,2024-08-03,CUST914,Emily White,Europe,Berlin,Textiles,Rugs,STOENSE Rug,7.0,140.91,0.0,986.37,405.27,UPI,Same Day,No,Corporate,Sofia Karlsson,5.0,7.0,2024.0,2024-08-03,Neutral,Local Supplier JP,Germany,93.24,41.09,98.64,STOENSE,,,,,,,
O1529,2023-01-01,2023-01-06,CUST740,John Smith,Asia,Tokyo,Kitchen,Appliances,TILLREDA Portable Induction Hob,3.0,957.28,0.0,2871.84,934.34,NetBanking,Second Class,No,Consumer,Juan Garcia,4.0,1.0,2023.0,2023-01-10,Negative,ABC Distributors,Japan,507.99,32.53,287.18,TILLREDA,,,,,,,
O1530,2024-11-18,2024-11-23,CUST777,Kenji Tanaka,North America,New York,Furniture,Chairs,ADDE Chair,15.0,11.2,0.0,168.0,72.54,Credit Card,Standard Class,No,Home Office,Aya Sato,5.0,11.0,2024.0,2024-11-28,Excellent,FurniMart,USA,5.92,43.18,16.8,ADDE,10219178.0,        Chair,https://www.ikea.com/sa/en/p/adde-chair-white-10219178/,39.0,77.0,47.0,Marcus Arvonen
O1531,2023-05-14,2023-05-19,CUST754,Fatima Al Marzooqi,Oceania,Sydney,Storage,Shelving Unit,HEMNES Storage,8.0,86.99,0.0,695.92,277.57,PayPal,First Class,Yes,Corporate,Omar Hassan,3.0,5.0,2023.0,2023-05-22,Positive,OfficeHub,Australia,50.04,39.88,69.59,HEMNES,89931560.0,"        Bed frame,          140x200 cm",https://www.ikea.com/sa/en/p/hemnes-bed-frame-white-stain-s89931560/,154.0,,,IKEA of Sweden/Carina Bengs
O1532,2024-08-06,2024-08-11,CUST463,Lars Anderson,Asia,Mumbai,Textiles,Bedding,FÄLTSKÄR Sheet Set,3.0,993.45,0.0,2980.35,1005.0,UPI,Same Day,No,Consumer,Emily White,4.0,8.0,2024.0,2024-08-11,Neutral,IKEA Industry,India,504.6,33.72,298.04,FÄLTSKÄR,,,,,,,
O1533,2023-01-26,2023-01-31,CUST883,Maria Rodriguez,North America,Vancouver,Lighting,Lamps,FADO Table Lamp,4.0,22,0.0,88.0,38.35,NetBanking,Second Class,No,Home Office,Rohit Kumar,5.0,1.0,2023.0,2023-02-04,Negative,Swedwood,Canada,10.0,43.58,8.8,FADO,,,,,,,
O1534,2024-11-25,2024-11-30,CUST552,David Chen,Europe,London,Furniture,Tables,LACK Side Table,15.0,25,0.0,375.0,185.06,Credit Card,Standard Class,No,Corporate,Anita Desai,4.0,11.0,2024.0,2024-12-05,Excellent,Local Supplier JP,UK,11.5,49.35,37.5,LACK,60282186.0,"        Wall shelf unit,          30x190 cm",https://www.ikea.com/sa/en/p/lack-wall-shelf-unit-white-60282186/,30.0,190.0,28.0,C Halskov/H Dalsgaard
O1535,2023-05-02,2023-05-07,CUST999,Emily White,Asia,Tokyo,Kitchen,Appliances,LAGAN Fridge,2.0,600,0.0,1200.0,480.0,PayPal,First Class,No,Consumer,Karan Mehta,5.0,5.0,2023.0,2023-05-10,Positive,ABC Distributors,Japan,350.0,40.0,120.0,LAGAN,,,,,,,
O1536,2024-09-08,2024-09-13,CUST610,John Smith,Oceania,Melbourne,Textiles,Rugs,VINDUM Rug,3.0,250,0.05,712.5,249.38,UPI,Same Day,No,Home Office,Sofia Karlsson,3.0,9.0,2024.0,2024-09-13,Neutral,FurniMart,Australia,180.0,35.0,71.25,VINDUM,,,,,,,
O1537,2023-03-24,2023-03-29,CUST798,Kenji Tanaka,North America,Chicago,Storage,Wardrobes,PAX Wardrobe,2.0,737.91,0.0,1475.82,497.35,NetBanking,Second Class,No,Corporate,Juan Garcia,4.0,3.0,2023.0,2023-04-02,Negative,OfficeHub,USA,432.22,33.7,147.58,PAX,29385672.0,"        Wardrobe combination,          150x58x201 cm",https://www.ikea.com/sa/en/p/pax-wardrobe-combination-white-s29385672/,150.0,201.0,58.0,IKEA of Sweden/Ehlén Johansson
O1538,2024-08-28,2024-09-02,CUST755,Fatima Al Marzooqi,Europe,Madrid,Furniture,Sofas,KLIPPAN Loveseat,3.0,773.41,0.0,2320.23,748.16,Credit Card,Standard Class,Yes,Consumer,Aya Sato,5.0,8.0,2024.0,2024-09-07,Excellent,IKEA Industry,Spain,585.16,32.25,232.02,KLIPPAN,9251777.0,        2-seat sofa,https://www.ikea.com/sa/en/p/klippan-2-seat-sofa-kabusa-dark-grey-s09251777/,180.0,66.0,88.0,IKEA of Sweden
O1539,2023-01-19,2023-01-24,CUST880,Lars Anderson,Asia,Mumbai,Lighting,Lamps,LERSTA Floor Lamp,5.0,5.99,0.0,29.95,12.83,PayPal,First Class,No,Home Office,Omar Hassan,4.0,1.0,2023.0,2023-01-27,Positive,Swedwood,India,3.35,42.84,2.99,LERSTA,,,,,,,
O1540,2024-11-13,2024-11-18,CUST406,Maria Rodriguez,North America,Toronto,Kitchen,Dinnerware,OFTAST Plate,10.0,1.49,0.0,14.9,4.86,UPI,Same Day,No,Corporate,Emily White,5.0,11.0,2024.0,2024-11-18,Neutral,Local Supplier JP,Canada,0.85,32.61,1.49,OFTAST,,,,,,,
O1541,2023-05-29,2023-06-03,CUST914,David Chen,Oceania,Sydney,Textiles,Bedding,FÄLTSKÄR Sheet Set,3.0,993.45,0.0,2980.35,1005.0,NetBanking,Second Class,No,Consumer,Rohit Kumar,4.0,5.0,2023.0,2023-06-07,Negative,ABC Distributors,Australia,504.6,33.72,298.04,FÄLTSKÄR,,,,,,,
O1542,2024-09-04,2024-09-09,CUST711,Emily White,Europe,London,Furniture,Tables,INGATORP Dining Table,1.0,546.04,0.0,546.04,179.99,Credit Card,Standard Class,No,Home Office,Anita Desai,5.0,9.0,2024.0,2024-09-14,Excellent,FurniMart,UK,342.14,32.96,54.6,INGATORP,29917307.0,"        Table and 4 chairs,          155 cm",https://www.ikea.com/sa/en/p/ingatorp-ingolf-table-and-4-chairs-white-s29917307/,87.0,74.0,,Carina Bengs
O1543,2023-03-08,2023-03-13,CUST444,John Smith,Asia,Tokyo,Storage,Shelving Unit,KALLAX Shelf,6.0,49.99,0.0,299.94,118.96,PayPal,First Class,No,Corporate,Karan Mehta,3.0,3.0,2023.0,2023-03-16,Positive,OfficeHub,Japan,30.0,39.66,29.99,KALLAX,20275814.0,"        Shelving unit,          77x77 cm",https://www.ikea.com/sa/en/p/kallax-shelving-unit-white-20275814/,77.0,77.0,39.0,Tord Björklund
O1544,2024-12-07,2024-12-12,CUST755,Kenji Tanaka,North America,Vancouver,Lighting,Lamps,HEKTAR Floor Lamp,5.0,930.56,0.0,4652.8,1708.2,UPI,Same Day,No,Consumer,Sofia Karlsson,4.0,12.0,2024.0,2024-12-12,Neutral,IKEA Industry,Canada,529.62,36.71,465.28,HEKTAR,,,,,,,
O1545,2023-05-16,2023-05-21,CUST980,Fatima Al Marzooqi,Oceania,Melbourne,Kitchen,Appliances,LAGAN Fridge,2.0,600,0.0,1200.0,480.0,NetBanking,Second Class,No,Home Office,Juan Garcia,5.0,5.0,2023.0,2023-05-25,Negative,Swedwood,Australia,350.0,40.0,120.0,LAGAN,,,,,,,
O1546,2024-07-20,2024-07-25,CUST777,Lars Anderson,Europe,Madrid,Textiles,Rugs,STOENSE Rug,7.0,140.91,0.0,986.37,405.27,Credit Card,Standard Class,Yes,Corporate,Aya Sato,4.0,7.0,2024.0,2024-07-30,Excellent,Local Supplier JP,Spain,93.24,41.09,98.64,STOENSE,,,,,,,
O1547,2023-11-01,2023-11-06,CUST617,Maria Rodriguez,Asia,Mumbai,Furniture,Chairs,ADDE Chair,15.0,11.2,0.05,159.6,69.25,PayPal,First Class,No,Consumer,Omar Hassan,5.0,11.0,2023.0,2023-11-09,Positive,ABC Distributors,India,5.92,43.3,15.96,ADDE,10219178.0,        Chair,https://www.ikea.com/sa/en/p/adde-chair-white-10219178/,39.0,77.0,47.0,Marcus Arvonen
O1548,2024-11-20,2024-11-25,CUST392,David Chen,North America,New York,Storage,Wardrobes,BRIMNES Wardrobe,10.0,321.05,0.0,3210.5,1000.0,UPI,Same Day,No,Home Office,Emily White,3.0,11.0,2024.0,2024-11-25,Neutral,FurniMart,USA,205.1,31.15,321.05,BRIMNES,49278341.0,"        Bed frame w storage and headboard,          90x200 cm",https://www.ikea.com/sa/en/p/brimnes-bed-frame-w-storage-and-headboard-white-luroey-s49278341/,96.0,110.0,54.0,IKEA of Sweden/K Hagberg/M Hagberg
O1549,2023-05-24,2023-05-29,CUST666,Emily White,Oceania,Sydney,Lighting,Lamps,FADO Table Lamp,4.0,22,0.0,88.0,38.35,NetBanking,Second Class,No,Corporate,Rohit Kumar,4.0,5.0,2023.0,2023-06-02,Negative,OfficeHub,Australia,10.0,43.58,8.8,FADO,,,,,,,
O1550,2024-09-09,2024-09-14,CUST316,John Smith,Europe,London,Kitchen,Appliances,TILLREDA Portable Induction Hob,3.0,957.28,0.0,2871.84,934.34,Credit Card,Standard Class,No,Consumer,Anita Desai,5.0,9.0,2024.0,2024-09-19,Excellent,IKEA Industry,UK,507.99,32.53,287.18,TILLREDA,,,,,,,
O1551,2023-03-21,2023-03-26,CUST740,Kenji Tanaka,Asia,Tokyo,Furniture,Sofas,GRÖNLID Sofa,1.0,650,0.0,650.0,209.68,PayPal,First Class,No,Home Office,Karan Mehta,5.0,3.0,2023.0,2023-03-29,Positive,Swedwood,Japan,350.0,32.26,65.0,GRÖNLID,29278101.0,        2-seat sofa-bed,https://www.ikea.com/sa/en/p/groenlid-2-seat-sofa-bed-ljungen-dark-red-s29278101/,196.0,104.0,98.0,IKEA of Sweden/Francis Cayouette/Ehlén Johansson
O1552,2024-08-01,2024-08-06,CUST798,Fatima Al Marzooqi,North America,Toronto,Textiles,Bedding,GULLKLOCKA Duvet,7.0,59.99,0.0,419.93,70.92,UPI,Same Day,No,Corporate,Sofia Karlsson,4.0,8.0,2024.0,2024-08-06,Neutral,Local Supplier JP,Canada,42.0,16.89,41.99,GULLKLOCKA,,,,,,,
O1553,2023-01-20,2023-01-25,CUST711,Lars Anderson,Oceania,Melbourne,Lighting,Lamps,HEKTAR Floor Lamp,4.0,930.56,0.0,3722.24,1366.56,NetBanking,Second Class,Yes,Consumer,Juan Garcia,3.0,1.0,2023.0,2023-01-29,Negative,ABC Distributors,Australia,529.62,36.71,372.22,HEKTAR,,,,,,,
O1554,2024-11-29,2024-12-04,CUST754,Maria Rodriguez,Europe,Berlin,Storage,Shelving Unit,HEMNES Storage,8.0,86.99,0.0,695.92,277.57,Credit Card,Standard Class,No,Home Office,Aya Sato,5.0,11.0,2024.0,2024-12-09,Excellent,FurniMart,Germany,50.04,39.88,69.59,HEMNES,89931560.0,"        Bed frame,          140x200 cm",https://www.ikea.com/sa/en/p/hemnes-bed-frame-white-stain-s89931560/,154.0,,,IKEA of Sweden/Carina Bengs
O1555,2023-05-07,2023-05-12,CUST463,David Chen,North America,New York,Furniture,Tables,LINNMON/ADILS Desk,5.0,260.12,0.0,1300.6,529.58,PayPal,First Class,No,Corporate,Omar Hassan,4.0,5.0,2023.0,2023-05-15,Positive,OfficeHub,USA,137.91,40.72,130.06,LINNMON/ADILS,,,,,,,
O1556,2024-09-17,2024-09-22,CUST550,Emily White,Asia,Mumbai,Kitchen,Dinnerware,FÄRGRIK Bowl,10.0,1.89,0.0,18.9,7.64,UPI,Same Day,No,Consumer,Emily White,5.0,9.0,2024.0,2024-09-22,Neutral,IKEA Industry,India,1.1,40.42,1.89,FÄRGRIK,,,,,,,
O1557,2023-03-12,2023-03-17,CUST130,John Smith,Oceania,Sydney,Textiles,Rugs,VINDUM Rug,3.0,250,0.0,750.0,262.5,NetBanking,Second Class,No,Home Office,Rohit Kumar,4.0,3.0,2023.0,2023-03-21,Negative,Swedwood,Australia,180.0,35.0,75.0,VINDUM,,,,,,,
O1558,2024-12-16,2024-12-21,CUST999,Kenji Tanaka,North America,Vancouver,Lighting,Lamps,LERSTA Floor Lamp,11.0,5.99,0.05,62.59,27.0,Credit Card,Standard Class,No,Corporate,Anita Desai,5.0,12.0,2024.0,2024-12-26,Excellent,Local Supplier JP,Canada,3.35,43.14,6.26,LERSTA,,,,,,,
O1559,2023-05-30,2023-06-04,CUST610,Fatima Al Marzooqi,Europe,Madrid,Furniture,Chairs,MILLBERGET Swivel Chair,5.0,150,0.0,750.0,320.8,PayPal,First Class,No,Consumer,Karan Mehta,3.0,5.0,2023.0,2023-06-07,Positive,ABC Distributors,Spain,80.0,42.77,75.0,MILLBERGET,90339412.0,        Swivel chair,https://www.ikea.com/sa/en/p/millberget-swivel-chair-bomstad-black-90339412/,,,65.0,Ola Wihlborg
O1560,2024-09-29,2024-10-04,CUST798,Lars Anderson,Asia,Tokyo,Storage,Wardrobes,PAX Wardrobe,2.0,737.91,0.0,1475.82,497.35,UPI,Same Day,Yes,Home Office,Sofia Karlsson,4.0,9.0,2024.0,2024-10-04,Neutral,FurniMart,Japan,432.22,33.7,147.58,PAX,29385672.0,"        Wardrobe combination,          150x58x201 cm",https://www.ikea.com/sa/en/p/pax-wardrobe-combination-white-s29385672/,150.0,201.0,58.0,IKEA of Sweden/Ehlén Johansson
O1561,2023-03-01,2023-03-06,CUST777,Maria Rodriguez,North America,Chicago,Textiles,Bedding,FÄLTSKÄR Sheet Set,3.0,993.45,0.0,2980.35,1005.0,NetBanking,Second Class,No,Corporate,Juan Garcia,5.0,3.0,2023.0,2023-03-10,Negative,OfficeHub,USA,504.6,33.72,298.04,FÄLTSKÄR,,,,,,,
O1562,2024-08-14,2024-08-19,CUST755,David Chen,Oceania,Sydney,Lighting,Lamps,FADO Table Lamp,4.0,22,0.0,88.0,38.35,Credit Card,Standard Class,No,Consumer,Aya Sato,4.0,8.0,2024.0,2024-08-24,Excellent,IKEA Industry,Australia,10.0,43.58,8.8,FADO,,,,,,,
O1563,2023-01-22,2023-01-27,CUST406,Emily White,Europe,Berlin,Kitchen,Appliances,LAGAN Fridge,2.0,600,0.0,1200.0,480.0,PayPal,First Class,No,Home Office,Omar Hassan,5.0,1.0,2023.0,2023-01-30,Positive,Swedwood,Germany,350.0,40.0,120.0,LAGAN,,,,,,,
O1564,2024-11-27,2024-12-02,CUST552,John Smith,Asia,Mumbai,Furniture,Tables,LACK Side Table,15.0,25,0.0,375.0,185.06,UPI,Same Day,No,Corporate,Emily White,3.0,11.0,2024.0,2024-12-02,Neutral,Local Supplier JP,India,11.5,49.35,37.5,LACK,60282186.0,"        Wall shelf unit,          30x190 cm",https://www.ikea.com/sa/en/p/lack-wall-shelf-unit-white-60282186/,30.0,190.0,28.0,C Halskov/H Dalsgaard
O1565,2023-05-09,2023-05-14,CUST914,Kenji Tanaka,North America,Toronto,Storage,Shelving Unit,HEMNES Storage,8.0,86.99,0.0,695.92,277.57,NetBanking,Second Class,No,Consumer,Rohit Kumar,4.0,5.0,2023.0,2023-05-18,Negative,ABC Distributors,Canada,50.04,39.88,69.59,HEMNES,89931560.0,"        Bed frame,          140x200 cm",https://www.ikea.com/sa/en/p/hemnes-bed-frame-white-stain-s89931560/,154.0,,,IKEA of Sweden/Carina Bengs
O1566,2024-09-01,2024-09-06,CUST754,Fatima Al Marzooqi,Oceania,Melbourne,Textiles,Rugs,STOENSE Rug,7.0,140.91,0.0,986.37,405.27,Credit Card,Standard Class,Yes,Home Office,Anita Desai,5.0,9.0,2024.0,2024-09-11,Excellent,FurniMart,Australia,93.24,41.09,98.64,STOENSE,,,,,,,
O1567,2023-03-16,2023-03-21,CUST980,Lars Anderson,Asia,Tokyo,Lighting,Lamps,LERSTA Floor Lamp,11.0,5.99,0.0,65.89,28.32,PayPal,First Class,No,Corporate,Karan Mehta,4.0,3.0,2023.0,2023-03-24,Positive,OfficeHub,Japan,3.35,43.0,6.59,LERSTA,,,,,,,
O1568,2024-08-20,2024-08-25,CUST790,Maria Rodriguez,North America,New York,Furniture,Sofas,KIVIK Sofa,1.0,799,0.0,799.0,258.11,UPI,Same Day,No,Consumer,Sofia Karlsson,5.0,8.0,2024.0,2024-08-25,Neutral,IKEA Industry,USA,450.0,32.3,79.9,KIVIK,79305512.0,        Chaise longue,https://www.ikea.com/sa/en/p/kivik-chaise-longue-skiftebo-dark-grey-s79305512/,90.0,83.0,163.0,Ola Wihlborg
O1569,2023-01-28,2023-02-02,CUST610,David Chen,Europe,London,Storage,Wardrobes,PAX Wardrobe,2.0,737.91,0.0,1475.82,497.35,NetBanking,Second Class,No,Home Office,Juan Garcia,3.0,1.0,2023.0,2023-02-05,Negative,Swedwood,UK,432.22,33.7,147.58,PAX,29385672.0,"        Wardrobe combination,          150x58x201 cm",https://www.ikea.com/sa/en/p/pax-wardrobe-combination-white-s29385672/,150.0,201.0,58.0,IKEA of Sweden/Ehlén Johansson
O1570,2024-11-04,2024-11-09,CUST880,Emily White,Asia,Mumbai,Kitchen,Appliances,TILLREDA Portable Induction Hob,3.0,957.28,0.0,2871.84,934.34,Credit Card,Standard Class,No,Corporate,Aya Sato,5.0,11.0,2024.0,2024-11-14,Excellent,Local Supplier JP,India,507.99,32.53,287.18,TILLREDA,,,,,,,
O1571,2023-05-17,2023-05-22,CUST550,John Smith,North America,Toronto,Textiles,Bedding,GULLKLOCKA Duvet,3.0,59.99,0.0,179.97,39.54,PayPal,First Class,No,Consumer,Omar Hassan,4.0,5.0,2023.0,2023-05-25,Positive,ABC Distributors,Canada,42.0,21.97,17.99,GULLKLOCKA,,,,,,,
O1572,2024-09-12,2024-09-17,CUST444,Kenji Tanaka,Oceania,Melbourne,Furniture,Tables,INGATORP Dining Table,1.0,546.04,0.0,546.04,179.99,UPI,Same Day,No,Home Office,Emily White,5.0,9.0,2024.0,2024-09-17,Neutral,FurniMart,Australia,342.14,32.96,54.6,INGATORP,29917307.0,"        Table and 4 chairs,          155 cm",https://www.ikea.com/sa/en/p/ingatorp-ingolf-table-and-4-chairs-white-s29917307/,87.0,74.0,,Carina Bengs
O1573,2023-03-28,2023-04-02,CUST755,Fatima Al Marzooqi,Europe,Madrid,Lighting,Lamps,FADO Table Lamp,4.0,22,0.0,88.0,38.35,NetBanking,Second Class,Yes,Corporate,Rohit Kumar,3.0,3.0,2023.0,2023-04-06,Negative,OfficeHub,Spain,10.0,43.58,8.8,FADO,,,,,,,
O1574,2024-08-05,2024-08-10,CUST521,Lars Anderson,Asia,Tokyo,Storage,Shelving Unit,BILLY Bookcase,7.0,271.04,0.0,1897.28,680.0,Credit Card,Standard Class,No,Consumer,Anita Desai,4.0,8.0,2024.0,2024-08-15,Excellent,IKEA Industry,Japan,153.38,35.84,189.73,BILLY,263850.0,"        Bookcase,          80x28x202 cm",https://www.ikea.com/sa/en/p/billy-bookcase-white-00263850/,80.0,202.0,28.0,Gillis Lundgren
O1575,2023-01-09,2023-01-14,CUST406,Maria Rodriguez,North America,Chicago,Kitchen,Appliances,LAGAN Fridge,2.0,600,0.0,1200.0,480.0,PayPal,First Class,No,Home Office,Karan Mehta,5.0,1.0,2023.0,2023-01-17,Positive,Swedwood,USA,350.0,40.0,120.0,LAGAN,,,,,,,
O1576,2024-11-23,2024-11-28,CUST666,David Chen,Oceania,Sydney,Textiles,Rugs,STOENSE Rug,7.0,140.91,0.0,986.37,405.27,UPI,Same Day,No,Corporate,Sofia Karlsson,4.0,11.0,2024.0,2024-11-28,Neutral,Local Supplier JP,Australia,93.24,41.09,98.64,STOENSE,,,,,,,
O1577,2023-05-01,2023-05-06,CUST740,Emily White,Asia,Mumbai,Furniture,Chairs,ADDE Chair,15.0,11.2,0.0,168.0,72.54,NetBanking,Second Class,No,Consumer,Juan Garcia,5.0,5.0,2023.0,2023-05-10,Negative,ABC Distributors,India,5.92,43.18,16.8,ADDE,10219178.0,        Chair,https://www.ikea.com/sa/en/p/adde-chair-white-10219178/,39.0,77.0,47.0,Marcus Arvonen
O1578,2024-09-24,2024-09-29,CUST798,John Smith,North America,New York,Lighting,Lamps,HEKTAR Floor Lamp,5.0,930.56,0.0,4652.8,1708.2,Credit Card,Standard Class,Yes,Home Office,Aya Sato,3.0,9.0,2024.0,2024-10-04,Excellent,FurniMart,USA,529.62,36.71,465.28,HEKTAR,,,,,,,
O1579,2023-03-04,2023-03-09,CUST754,Kenji Tanaka,Europe,Berlin,Storage,Wardrobes,PAX Wardrobe,2.0,737.91,0.0,1475.82,497.35,PayPal,First Class,No,Corporate,Omar Hassan,4.0,3.0,2023.0,2023-03-12,Positive,OfficeHub,Germany,432.22,33.7,147.58,PAX,29385672.0,"        Wardrobe combination,          150x58x201 cm",https://www.ikea.com/sa/en/p/pax-wardrobe-combination-white-s29385672/,150.0,201.0,58.0,IKEA of Sweden/Ehlén Johansson
O1580,2024-08-16,2024-08-21,CUST463,Fatima Al Marzooqi,Asia,Tokyo,Textiles,Bedding,FÄLTSKÄR Sheet Set,3.0,993.45,0.05,2831.33,970.08,UPI,Same Day,No,Consumer,Emily White,5.0,8.0,2024.0,2024-08-21,Neutral,IKEA Industry,Japan,504.6,34.26,283.13,FÄLTSKÄR,,,,,,,
O1581,2023-01-27,2023-02-01,CUST999,Lars Anderson,Oceania,Melbourne,Furniture,Sofas,GRÖNLID Sofa,1.0,650,0.0,650.0,209.68,NetBanking,Second Class,No,Home Office,Rohit Kumar,4.0,1.0,2023.0,2023-02-05,Negative,Swedwood,Australia,350.0,32.26,65.0,GRÖNLID,29278101.0,        2-seat sofa-bed,https://www.ikea.com/sa/en/p/groenlid-2-seat-sofa-bed-ljungen-dark-red-s29278101/,196.0,104.0,98.0,IKEA of Sweden/Francis Cayouette/Ehlén Johansson
O1582,2024-11-09,2024-11-14,CUST392,Maria Rodriguez,North America,Toronto,Lighting,Lamps,LERSTA Floor Lamp,5.0,5.99,0.0,29.95,12.83,Credit Card,Standard Class,No,Corporate,Anita Desai,5.0,11.0,2024.0,2024-11-19,Excellent,Local Supplier JP,Canada,3.35,42.84,2.99,LERSTA,,,,,,,
O1583,2023-05-11,2023-05-16,CUST883,David Chen,Europe,Madrid,Kitchen,Dinnerware,OFTAST Plate,10.0,1.49,0.0,14.9,4.86,PayPal,First Class,No,Consumer,Karan Mehta,3.0,5.0,2023.0,2023-05-19,Positive,ABC Distributors,Spain,0.85,39.77,1.49,OFTAST,,,,,,,
O1584,2024-09-30,2024-10-05,CUST914,Emily White,Asia,Mumbai,Storage,Shelving Unit,HEMNES Storage,8.0,86.99,0.0,695.92,277.57,UPI,Same Day,No,Home Office,Sofia Karlsson,4.0,9.0,2024.0,2024-10-05,Neutral,FurniMart,India,50.04,39.88,69.59,HEMNES,89931560.0,"        Bed frame,          140x200 cm",https://www.ikea.com/sa/en/p/hemnes-bed-frame-white-stain-s89931560/,154.0,,,IKEA of Sweden/Carina Bengs
O1585,2023-03-20,2023-03-25,CUST552,John Smith,Oceania,Sydney,Furniture,Tables,LINNMON/ADILS Desk,4.0,260.12,0.0,1040.48,423.85,NetBanking,Second Class,No,Corporate,Juan Garcia,5.0,3.0,2023.0,2023-03-29,Negative,OfficeHub,Australia,137.91,40.73,104.05,LINNMON/ADILS,,,,,,,
O1586,2024-11-20,2024-11-21,CUST874,Maria Rodriguez,East,Hyderabad,Technology,Accessories,Accessories Model-A2,8.0,22810.02,0.1,164232.14,26084.77,Credit Card,Express,No,Corporate,Anita,4.0,11.0,2024.0,2025-01-01,Positive,OfficeHub,India,17260.92,15.88,11496.25,ACCESSORIES,,,,,,,
O1587,2024-04-09,2024-04-12,CUST368,David Chen,West,Delhi,Furniture,Chairs,Chairs Model-803,7.0,21808.99,0.01,151523.51,-17616.5,UPI,Same Day,No,Consumer,Vikram,2.0,4.0,2024.0,2025-01-03,Negative,TechCorp,India,24163.67,-11.63,16521.06,CHAIRS,,,,,,,
O1588,2025-01-29,2025-02-06,CUST830,Emily White,East,Chennai,Technology,Accessories,Accessories Model-A1,3.0,38829.39,0.02,113524.47,43285.39,UPI,Standard,No,Consumer,Anita,5.0,1.0,2025.0,2025-01-08,Positive,OfficeHub,USA,23413.03,38.13,8400.81,ACCESSORIES,,,,,,,
O1589,2024-09-02,2024-09-06,CUST348,John Smith,West,Pune,Technology,Machines,Machines Model-500,7.0,29560.83,0.18,168926.17,-22601.5,NetBanking,Express,No,Home Office,Karan,1.0,9.0,2024.0,2025-01-04,Negative,OfficeHub,USA,33418.29,-13.38,15792.05,MACHINES,,,,,,,
O1590,2024-06-25,2024-07-02,CUST157,Kenji Tanaka,West,Bangalore,Office Supplies,Storage,Storage Model-S2,10.0,31295.53,0.18,256623.35,117621.5,UPI,Same Day,No,Corporate,Karan,5.0,6.0,2024.0,2025-01-07,Positive,Global Supplies,UK,13898.37,45.83,27727.39,STORAGE,,,,,,,
O1591,2024-05-23,2024-05-27,CUST411,Fatima Al Marzooqi,West,Pune,Office Supplies,Art,Art Model-R1,7.0,25287.97,0.16,148677.29,66432.06,NetBanking,First Class,No,Corporate,Neha,4.0,5.0,2024.0,2025-01-04,Positive,TechCorp,USA,11749.32,44.68,14124.31,ART,,,,,,,
O1592,2024-04-14,2024-04-24,CUST619,Lars Anderson,West,Bangalore,Office Supplies,Paper,Paper Model-P1,10.0,23354.34,0.0,233543.4,59193.33,Credit Card,Same Day,No,Consumer,Vikram,5.0,4.0,2024.0,2025-01-10,Positive,Global Supplies,India,17435.01,25.35,16480.12,PAPER,,,,,,,
O1593,2024-05-29,2024-06-03,CUST370,Maria Rodriguez,North,Delhi,Technology,Phones,Phones Model-411,3.0,44607.72,0.11,119097.66,41951.11,NetBanking,Standard,No,Corporate,Rohit,5.0,5.0,2024.0,2025-01-05,Positive,OfficeHub,India,25715.52,35.22,17686.06,PHONES,,,,,,,
O1594,2024-06-21,2024-06-22,CUST633,David Chen,North,Mumbai,Office Supplies,Storage,Storage Model-S2,10.0,31341.6,0.13,272671.92,106567.8,UPI,Same Day,No,Corporate,Anita,5.0,6.0,2024.0,2025-01-01,Positive,FurniMart,USA,16610.41,39.08,27202.97,STORAGE,,,,,,,
O1595,2024-03-24,2024-03-25,CUST793,Emily White,North,Mumbai,Technology,Accessories,Accessories Model-A2,8.0,22071.05,0.06,166399.78,41643.08,UPI,Standard,No,Corporate,Anita,4.0,3.0,2024.0,2025-01-01,Positive,ABC Distributors,India,15594.59,25.02,15632.05,ACCESSORIES,,,,,,,
O1596,2024-05-04,2024-05-14,CUST697,John Smith,South,Jaipur,Office Supplies,Art,Art Model-R1,2.0,11177.37,0.05,21236.94,-2010.51,UPI,Same Day,No,Corporate,Vikram,1.0,5.0,2024.0,2025-01-10,Negative,ABC Distributors,UK,11623.72,-9.47,1515.68,ART,,,,,,,
O1597,2024-01-14,2024-01-23,CUST989,Kenji Tanaka,West,Bangalore,Technology,Phones,Phones Model-880,10.0,48821.57,0.17,405219.03,264848.51,UPI,Standard,No,Home Office,Rohit,5.0,1.0,2024.0,2025-01-09,Positive,ABC Distributors,UK,14037.05,65.36,36653.94,PHONES,,,,,,,
O1598,2024-02-14,2024-02-18,CUST123,Fatima Al Marzooqi,South,Jaipur,Furniture,Chairs,Chairs Model-210,5.0,20015.75,0.18,82064.57,3208.6,Credit Card,Standard,No,Consumer,Neha,3.0,2.0,2024.0,2025-01-04,Neutral,OfficeHub,India,15770.81,3.91,8571.36,CHAIRS,,,,,,,
O1599,2024-02-18,2024-02-23,CUST106,Lars Anderson,North,Mumbai,Office Supplies,Binders,Binders Model-B2,6.0,12854.21,0.0,77125.26,35777.67,Credit Card,First Class,No,Corporate,Priya,5.0,2.0,2024.0,2025-01-05,Positive,FurniMart,USA,6891.27,46.39,11449.63,BINDERS,,,,,,,
O1600,2024-11-20,2024-11-21,CUST749,Maria Rodriguez,North,Mumbai,Furniture,Tables,Tables Model-260,3.0,41285.83,0.12,108984.58,16886.95,Credit Card,Same Day,Yes,Corporate,Priya,4.0,11.0,2024.0,2025-01-01,Positive,FurniMart,USA,30699.21,15.49,14167.99,TABLES,,,,,,,
O1601,2025-01-16,2025-01-20,CUST131,David Chen,North,Delhi,Technology,Phones,Phones Model-120,7.0,41151.48,0.16,242045.09,102288.75,UPI,Standard,No,Home Office,Rohit,4.0,1.0,2025.0,2025-01-04,Positive,TechCorp,India,19965.19,42.26,13426.6,PHONES,,,,,,,
O1602,2024-08-01,2024-08-04,CUST671,Emily White,East,Kolkata,Office Supplies,Paper,Paper Model-P1,1.0,36585.57,0.16,30731.88,14470.21,NetBanking,First Class,No,Consumer,Neha,4.0,8.0,2024.0,2025-01-03,Positive,ABC Distributors,UK,16261.67,47.09,4668.61,PAPER,,,,,,,
O1603,2024-12-14,2024-12-17,CUST417,John Smith,North,Mumbai,Furniture,Chairs,Chairs Model-550,6.0,43258.91,0.09,235773.84,94982.5,Credit Card,Express,No,Home Office,Arjun,5.0,12.0,2024.0,2025-01-03,Positive,Global Supplies,India,23465.22,40.29,29858.97,CHAIRS,,,,,,,
O1604,2024-09-08,2024-09-17,CUST989,Kenji Tanaka,South,Jaipur,Office Supplies,Storage,Storage Model-S1,9.0,47124.63,0.06,400118.86,219468.96,Credit Card,Same Day,No,Corporate,Rohit,5.0,9.0,2024.0,2025-01-09,Positive,ABC Distributors,UK,20072.21,54.85,42060.03,STORAGE,,,,,,,
O1605,2024-02-14,2024-02-24,CUST355,Fatima Al Marzooqi,North,Mumbai,Office Supplies,Binders,Binders Model-B1,10.0,31765.48,0.05,301772.06,179919.14,UPI,Standard,No,Corporate,Neha,5.0,2.0,2024.0,2025-01-10,Positive,OfficeHub,India,12185.29,59.62,44208.64,BINDERS,,,,,,,
O1606,2024-10-21,2024-10-24,CUST681,Lars Anderson,North,Delhi,Technology,Accessories,Accessories Model-A2,10.0,24844.75,0.0,248447.5,133604.2,NetBanking,Same Day,No,Consumer,Anita,5.0,10.0,2024.0,2025-01-03,Positive,FurniMart,USA,11484.33,53.78,28571.46,ACCESSORIES,,,,,,,
O1607,2024-12-15,2024-12-16,CUST483,Maria Rodriguez,South,Jaipur,Office Supplies,Paper,Paper Model-P1,8.0,4603.62,0.1,33145.92,1022.01,UPI,First Class,No,Consumer,Vikram,3.0,12.0,2024.0,2025-01-01,Neutral,Global Supplies,UK,4015.49,3.08,4640.43,PAPER,,,,,,,
O1608,2024-04-20,2024-04-26,CUST845,David Chen,West,Pune,Furniture,Tables,Tables Model-260,8.0,43265.8,0.18,283526.4,-36798.1,UPI,Same Day,Yes,Home Office,Arjun,1.0,4.0,2024.0,2025-01-06,Negative,TechCorp,India,40030.56,-12.98,39755.98,TABLES,,,,,,,
O1609,2024-12-07,2024-12-11,CUST900,Emily White,West,Bangalore,Office Supplies,Binders,Binders Model-B2,6.0,38115.65,0.05,217258.98,118671.18,UPI,Same Day,No,Home Office,Anita,5.0,12.0,2024.0,2025-01-04,Positive,OfficeHub,UK,16431.3,54.62,21703.11,BINDERS,,,,,,,
O1610,2024-05-18,2024-05-24,CUST608,John Smith,East,Hyderabad,Technology,Phones,Phones Model-411,10.0,27725.13,0.18,227346.07,98086.13,Credit Card,Same Day,No,Home Office,Rohit,5.0,5.0,2024.0,2025-01-06,Positive,FurniMart,USA,12925.99,43.14,24209.61,PHONES,,,,,,,
O1611,2024-03-08,2024-03-15,CUST793,Kenji Tanaka,North,Mumbai,Office Supplies,Storage,Storage Model-S1,9.0,41126.91,0.14,318353.4,166371.32,Credit Card,Same Day,No,Corporate,Rohit,5.0,3.0,2024.0,2025-01-07,Positive,ABC Distributors,India,16886.89,52.26,33959.08,STORAGE,,,,,,,
O1612,2025-01-20,2025-01-24,CUST647,Fatima Al Marzooqi,North,Mumbai,Furniture,Chairs,Chairs Model-803,1.0,13010.05,0.03,12620.05,-200.75,NetBanking,Same Day,No,Home Office,Priya,3.0,1.0,2025.0,2025-01-04,Neutral,ABC Distributors,UK,12820.8,0.0,1729.07,CHAIRS,,,,,,,
O1613,2025-04-18,2025-04-20,CUST847,Lars Anderson,North,Mumbai,Office Supplies,Art,Art Model-R1,9.0,49230.7,0.09,402513.79,165487.87,NetBanking,First Class,No,Home Office,Karan,5.0,4.0,2025.0,2025-01-02,Positive,FurniMart,India,26336.21,41.11,43869.5,ART,,,,,,,
O1614,2025-04-21,2025-04-28,CUST858,Maria Rodriguez,North,Delhi,Technology,Phones,Phones Model-880,1.0,16487.31,0.09,14993.45,-752.61,NetBanking,Same Day,No,Home Office,Karan,2.0,4.0,2025.0,2025-01-07,Negative,ABC Distributors,UK,15746.06,-5.02,2034.34,PHONES,,,,,,,
O1615,2024-06-25,2024-07-01,CUST561,David Chen,South,Jaipur,Office Supplies,Paper,Paper Model-P1,10.0,31238.25,0.03,303010.03,169567.8,UPI,Same Day,No,Consumer,Neha,4.0,6.0,2024.0,2025-01-06,Positive,TechCorp,USA,13344.22,55.96,44465.17,PAPER,,,,,,,
O1616,2024-09-08,2024-09-17,CUST793,Emily White,West,Pune,Furniture,Tables,Tables Model-710,1.0,41203.88,0.07,38319.61,-5530.85,Credit Card,Standard,No,Home Office,Rohit,2.0,9.0,2024.0,2025-01-09,Negative,OfficeHub,India,43850.46,-14.43,3985.39,TABLES,,,,,,,
O1617,2025-04-28,2025-05-08,CUST244,John Smith,North,Mumbai,Office Supplies,Binders,Binders Model-B1,6.0,36884.28,0.06,208757.28,78443.91,Credit Card,First Class,No,Corporate,Rohit,4.0,4.0,2025.0,2025-01-10,Positive,OfficeHub,India,21719.9,37.57,29267.12,BINDERS,,,,,,,
O1618,2024-11-20,2024-11-25,CUST370,Kenji Tanaka,West,Bangalore,Office Supplies,Storage,Storage Model-S2,10.0,25633.31,0.05,243516.45,138079.86,NetBanking,Same Day,No,Corporate,Anita,5.0,11.0,2024.0,2025-01-05,Positive,FurniMart,India,10543.66,56.78,28415.7,STORAGE,,,,,,,
O1619,2024-07-28,2024-08-01,CUST595,Fatima Al Marzooqi,North,Mumbai,Technology,Phones,Phones Model-411,3.0,15647.92,0.19,37993.43,8454.49,NetBanking,Same Day,Yes,Home Office,Priya,4.0,7.0,2024.0,2025-01-04,Positive,Global Supplies,UK,9846.31,22.25,4836.71,PHONES,,,,,,,
O1620,2025-02-14,2025-02-24,CUST348,Lars Anderson,North,Delhi,Technology,Phones,Phones Model-880,6.0,13289.84,0.17,66299.11,32692.6,Credit Card,Standard,No,Corporate,Arjun,4.0,2.0,2025.0,2025-01-10,Positive,FurniMart,USA,5601.08,49.31,9020.14,PHONES,,,,,,,
O1621,2024-05-23,2024-05-27,CUST411,Maria Rodriguez,West,Bangalore,Furniture,Bookcases,Bookcases Model-961,8.0,44378.11,0.01,351053.81,130761.54,Credit Card,Standard,No,Home Office,Rohit,5.0,5.0,2024.0,2025-01-04,Positive,FurniMart,India,27536.53,37.25,49673.55,BOOKCASES,,,,,,,
O1622,2024-01-20,2024-01-23,CUST793,David Chen,North,Mumbai,Technology,Phones,Phones Model-120,4.0,19830.41,0.0,79321.64,15967.87,NetBanking,Standard,No,Home Office,Neha,4.0,1.0,2024.0,2025-01-03,Positive,ABC Distributors,USA,15838.44,20.13,10153.2,PHONES,,,,,,,
O1623,2024-01-09,2024-01-14,CUST681,Emily White,North,Mumbai,Office Supplies,Paper,Paper Model-P1,1.0,27376.66,0.11,24364.13,11186.1,UPI,Same Day,No,Consumer,Vikram,5.0,1.0,2024.0,2025-01-05,Positive,FurniMart,India,13178.03,45.91,3747.88,PAPER,,,,,,,
O1624,2024-07-28,2024-08-01,CUST667,John Smith,South,Jaipur,Technology,Accessories,Accessories Model-A1,3.0,27743.07,0.0,83229.21,36531.0,Credit Card,Same Day,No,Consumer,Karan,4.0,7.0,2024.0,2025-01-04,Positive,OfficeHub,India,15566.07,43.89,12239.38,ACCESSORIES,,,,,,,
O1625,2024-04-14,2024-04-18,CUST858,Kenji Tanaka,East,Kolkata,Office Supplies,Storage,Storage Model-S1,8.0,43831.7,0.14,301824.78,142270.36,NetBanking,First Class,No,Home Office,Neha,5.0,4.0,2024.0,2025-01-04,Positive,Global Supplies,UK,19944.3,47.14,20977.85,STORAGE,,,,,,,
O1626,2024-02-18,2024-02-28,CUST608,Fatima Al Marzooqi,South,Jaipur,Technology,Machines,Machines Model-500,4.0,47596.26,0.08,175058.46,55470.93,UPI,First Class,No,Corporate,Anita,4.0,2.0,2024.0,2025-01-10,Positive,OfficeHub,UK,31896.88,31.69,22818.15,MACHINES,,,,,,,
O1627,2024-09-20,2024-09-21,CUST561,Lars Anderson,West,Pune,Furniture,Bookcases,Bookcases Model-106,1.0,39906.94,0.04,38310.66,-10292.83,NetBanking,Same Day,Yes,Home Office,Priya,2.0,9.0,2024.0,2025-01-01,Negative,TechCorp,USA,48603.49,-26.87,4601.78,BOOKCASES,,,,,,,
O1628,2024-01-14,2024-01-17,CUST793,Maria Rodriguez,North,Mumbai,Office Supplies,Art,Art Model-R1,9.0,47587.79,0.03,415951.13,184334.33,Credit Card,Same Day,No,Consumer,Karan,5.0,1.0,2024.0,2025-01-03,Positive,ABC Distributors,India,25735.2,44.31,61793.85,ART,,,,,,,
O1629,2024-02-28,2024-03-01,CUST244,David Chen,East,Hyderabad,Office Supplies,Storage,Storage Model-S2,8.0,22114.73,0.11,157304.53,52467.56,NetBanking,First Class,No,Corporate,Arjun,4.0,2.0,2024.0,2025-01-02,Positive,ABC Distributors,USA,13104.62,33.35,21408.43,STORAGE,,,,,,,
O1630,2024-09-02,2024-09-08,CUST808,Emily White,East,Hyderabad,Technology,Phones,Phones Model-411,4.0,33418.15,0.05,126909.77,63968.21,Credit Card,Standard,No,Home Office,Neha,5.0,9.0,2024.0,2025-01-06,Positive,OfficeHub,India,15735.39,50.4,18879.31,PHONES,,,,,,,
O1631,2024-11-20,2024-11-24,CUST667,John Smith,East,Chennai,Furniture,Chairs,Chairs Model-550,6.0,27926.11,0.01,166308.28,78130.82,Credit Card,First Class,No,Consumer,Arjun,4.0,11.0,2024.0,2025-01-04,Positive,TechCorp,USA,14696.24,46.98,24775.29,CHAIRS,,,,,,,
O1632,2024-04-09,2024-04-11,CUST157,Maria Rodriguez,East,Hyderabad,Technology,Accessories,Accessories Model-A2,3.0,48030.12,0.04,138246.06,75062.83,Credit Card,Same Day,No,Home Office,Vikram,5.0,4.0,2024.0,2025-01-02,Positive,ABC Distributors,India,21061.08,54.29,14589.6,ACCESSORIES,,,,,,,
O1633,2024-05-29,2024-06-03,CUST417,David Chen,North,Delhi,Office Supplies,Binders,Binders Model-B1,1.0,35308.79,0.11,31424.82,15291.56,UPI,Standard,No,Corporate,Neha,5.0,5.0,2024.0,2025-01-05,Positive,Global Supplies,UK,16133.26,48.66,4001.07,BINDERS,,,,,,,
O1634,2024-06-21,2024-06-29,CUST847,Emily White,West,Bangalore,Furniture,Bookcases,Bookcases Model-961,8.0,20684.18,0.14,142278.36,39679.52,Credit Card,Same Day,No,Consumer,Anita,5.0,6.0,2024.0,2025-01-08,Positive,ABC Distributors,India,12824.86,27.89,17798.26,BOOKCASES,,,,,,,
O1635,2025-01-16,2025-01-22,CUST370,John Smith,West,Bangalore,Furniture,Tables,Tables Model-260,10.0,32840.17,0.13,285690.0,76709.83,NetBanking,Same Day,No,Corporate,Rohit,4.0,1.0,2025.0,2025-01-06,Positive,OfficeHub,USA,20898.02,26.85,35777.67,TABLES,,,,,,,
O1636,2024-08-01,2024-08-03,CUST989,Kenji Tanaka,East,Hyderabad,Technology,Phones,Phones Model-120,7.0,44275.64,0.01,307077.53,138099.66,UPI,Same Day,No,Home Office,Karan,5.0,8.0,2024.0,2025-01-02,Positive,FurniMart,India,24140.75,44.97,36450.93,PHONES,,,,,,,
O1637,2024-01-09,2024-01-11,CUST417,Fatima Al Marzooqi,North,Delhi,Technology,Accessories,Accessories Model-A1,4.0,23675.05,0.08,87118.18,48545.92,Credit Card,Express,No,Consumer,Vikram,5.0,1.0,2024.0,2025-01-02,Positive,TechCorp,UK,9643.06,55.72,10874.56,ACCESSORIES,,,,,,,
O1638,2024-12-14,2024-12-21,CUST793,Lars Anderson,South,Jaipur,Office Supplies,Paper,Paper Model-P1,6.0,12838.47,0.0,77030.82,47614.99,NetBanking,First Class,No,Home Office,Rohit,5.0,12.0,2024.0,2025-01-07,Positive,Global Supplies,UK,4902.64,61.81,9921.24,PAPER,,,,,,,
O1639,2024-09-08,2024-09-15,CUST793,Maria Rodriguez,East,Kolkata,Technology,Phones,Phones Model-411,3.0,27733.92,0.12,73216.03,1386.53,UPI,Standard,No,Home Office,Arjun,3.0,9.0,2024.0,2025-01-07,Neutral,OfficeHub,USA,26276.5,1.89,6804.83,PHONES,,,,,,,
O1640,2024-02-14,2024-02-15,CUST244,David Chen,West,Pune,Furniture,Tables,Tables Model-710,2.0,42289.87,0.05,80350.75,17808.97,UPI,Same Day,No,Corporate,Karan,5.0,2.0,2024.0,2025-01-01,Positive,ABC Distributors,India,31270.89,22.16,11028.16,TABLES,,,,,,,
O1641,2025-01-29,2025-02-06,CUST411,Emily White,West,Bangalore,Technology,Machines,Machines Model-500,4.0,19685.91,0.05,74797.36,19803.54,NetBanking,First Class,No,Consumer,Neha,5.0,1.0,2025.0,2025-01-08,Positive,FurniMart,India,13748.45,26.47,7471.95,MACHINES,,,,,,,
O1642,2024-07-28,2024-08-07,CUST483,John Smith,South,Jaipur,Technology,Accessories,Accessories Model-A2,10.0,30141.6,0.18,247161.12,143496.06,Credit Card,Express,No,Consumer,Rohit,5.0,7.0,2024.0,2025-01-10,Positive,OfficeHub,India,10366.51,58.06,31568.02,ACCESSORIES,,,,,,,
O1643,2024-11-20,2024-11-23,CUST368,Kenji Tanaka,East,Kolkata,Furniture,Tables,Tables Model-260,3.0,48560.84,0.18,119429.65,-2742.66,Credit Card,First Class,Yes,Corporate,Karan,3.0,11.0,2024.0,2025-01-03,Neutral,ABC Distributors,UK,40550.77,-2.3,10129.56,TABLES,,,,,,,
O1644,2024-04-09,2024-04-18,CUST131,Fatima Al Marzooqi,North,Delhi,Office Supplies,Binders,Binders Model-B2,2.0,4293.43,0.16,7212.96,-1067.84,UPI,Same Day,No,Corporate,Vikram,2.0,4.0,2024.0,2025-01-09,Negative,Global Supplies,USA,4140.4,-14.8,924.95,BINDERS,,,,,,,
O1645,2025-01-16,2025-01-20,CUST847,Lars Anderson,North,Mumbai,Office Supplies,Paper,Paper Model-P1,6.0,27537.4,0.01,163901.42,47671.39,UPI,Standard,No,Corporate,Anita,5.0,1.0,2025.0,2025-01-04,Positive,TechCorp,UK,19371.67,29.08,18788.66,PAPER,,,,,,,
O1646,2024-08-01,2024-08-02,CUST858,Maria Rodriguez,West,Pune,Furniture,Chairs,Chairs Model-803,1.0,39281.42,0.15,33389.21,-13264.88,NetBanking,Express,No,Home Office,Rohit,2.0,8.0,2024.0,2025-01-01,Negative,OfficeHub,India,46654.09,-39.73,4266.33,CHAIRS,,,,,,,
O1647,2024-01-09,2024-01-17,CUST667,David Chen,East,Kolkata,Office Supplies,Binders,Binders Model-B1,6.0,35878.07,0.06,202868.1,70691.85,Credit Card,Same Day,No,Consumer,Karan,5.0,1.0,2024.0,2025-01-08,Positive,ABC Distributors,USA,22029.37,34.85,16021.73,BINDERS,,,,,,,
O1648,2024-12-14,2024-12-16,CUST483,Emily White,South,Jaipur,Technology,Phones,Phones Model-880,10.0,23307.72,0.1,209769.48,103133.7,UPI,Standard,No,Home Office,Neha,5.0,12.0,2024.0,2025-01-02,Positive,FurniMart,India,10663.58,49.17,11571.22,PHONES,,,,,,,
O1649,2024-09-08,2024-09-13,CUST808,John Smith,East,Hyderabad,Office Supplies,Art,Art Model-R1,9.0,41427.7,0.09,339678.05,178028.9,Credit Card,Same Day,No,Corporate,Arjun,5.0,9.0,2024.0,2025-01-05,Positive,Global Supplies,UK,17961.02,52.41,40794.66,ART,,,,,,,
O1650,2024-02-14,2024-02-20,CUST417,Kenji Tanaka,North,Mumbai,Technology,Phones,Phones Model-411,3.0,19042.84,0.05,54271.79,-13214.53,Credit Card,First Class,No,Home Office,Vikram,1.0,2.0,2024.0,2025-01-06,Negative,TechCorp,USA,22500.5,24.35,6716.48,PHONES,,,,,,,
O1651,2025-01-29,2025-02-08,CUST244,Fatima Al Marzooqi,East,Kolkata,Furniture,Bookcases,Bookcases Model-961,1.0,38531.06,0.12,33907.33,12173.81,UPI,Express,No,Consumer,Anita,5.0,1.0,2025.0,2025-01-10,Positive,OfficeHub,India,21733.52,35.9,4693.36,BOOKCASES,,,,,,,
O1652,2024-07-28,2024-08-01,CUST793,Lars Anderson,North,Delhi,Furniture,Tables,Tables Model-260,3.0,44510.87,0.11,118833.1,-37742.6,UPI,Standard,No,Corporate,Rohit,1.0,7.0,2024.0,2025-01-04,Negative,ABC Distributors,UK,52218.57,-31.76,14349.07,TABLES,,,,,,,
O1653,2024-11-20,2024-11-27,CUST808,Maria Rodriguez,West,Pune,Office Supplies,Paper,Paper Model-P1,7.0,39023.77,0.09,248460.67,133501.07,NetBanking,Same Day,No,Consumer,Karan,5.0,11.0,2024.0,2025-01-07,Positive,FurniMart,USA,16422.8,53.73,30829.35,PAPER,,,,,,,
O1654,2024-04-09,2024-04-12,CUST157,David Chen,East,Hyderabad,Furniture,Chairs,Chairs Model-550,6.0,26815.17,0.17,133610.15,16075.63,Credit Card,Same Day,No,Home Office,Vikram,3.0,4.0,2024.0,2025-01-03,Neutral,Global Supplies,India,21255.75,12.03,17042.85,CHAIRS,,,,,,,
O1655,2025-01-16,2025-01-17,CUST671,Emily White,South,Jaipur,Technology,Machines,Machines Model-500,4.0,48208.57,0.17,159739.04,74902.94,UPI,Same Day,No,Corporate,Anita,5.0,1.0,2025.0,2025-01-01,Positive,TechCorp,UK,21209.03,46.9,13997.77,MACHINES,,,,,,,
O1656,2024-08-01,2024-08-07,CUST417,John Smith,West,Bangalore,Furniture,Bookcases,Bookcases Model-106,7.0,47714.28,0.11,296238.16,134375.83,UPI,Same Day,No,Home Office,Rohit,5.0,8.0,2024.0,2025-01-06,Positive,OfficeHub,USA,23123.19,45.36,36886.64,BOOKCASES,,,,,,,
O1657,2024-01-09,2024-01-19,CUST858,Kenji Tanaka,North,Mumbai,Technology,Phones,Phones Model-880,1.0,10355.62,0.18,8491.61,-208.28,Credit Card,Standard,No,Consumer,Karan,3.0,1.0,2024.0,2025-01-10,Neutral,ABC Distributors,India,8709.89,-2.45,1082.93,PHONES,,,,,,,
O1658,2024-12-14,2024-12-24,CUST667,Fatima Al Marzooqi,East,Kolkata,Office Supplies,Binders,Binders Model-B2,6.0,12638.2,0.05,71926.74,25064.08,NetBanking,Express,No,Corporate,Neha,4.0,12.0,2024.0,2025-01-10,Positive,FurniMart,USA,7810.44,34.85,10488.75,BINDERS,,,,,,,
O1659,2024-09-08,2024-09-17,CUST244,Lars Anderson,West,Pune,Furniture,Tables,Tables Model-710,9.0,39120.91,0.05,333857.06,170460.54,UPI,First Class,No,Home Office,Arjun,5.0,9.0,2024.0,2025-01-09,Positive,Global Supplies,UK,18155.17,51.05,42045.28,TABLES,,,,,,,
O1660,2024-02-14,2024-02-17,CUST671,Maria Rodriguez,East,Hyderabad,Office Supplies,Art,Art Model-R1,8.0,46014.26,0.16,309605.51,157948.77,UPI,Same Day,No,Consumer,Vikram,4.0,2.0,2024.0,2025-01-03,Positive,TechCorp,India,19047.09,51.01,36894.13,ART,,,,,,,
O1661,2025-01-29,2025-02-02,CUST619,David Chen,North,Delhi,Technology,Phones,Phones Model-411,8.0,48560.84,0.17,322736.8,111867.75,Credit Card,Standard,No,Corporate,Anita,4.0,1.0,2025.0,2025-01-04,Positive,OfficeHub,USA,26358.63,34.66,41380.12,PHONES,,,,,,,
O1662,2024-07-28,2024-08-01,CUST417,Emily White,West,Bangalore,Furniture,Bookcases,Bookcases Model-961,3.0,27909.52,0.05,79532.84,21213.9,Credit Card,Same Day,No,Consumer,Rohit,5.0,7.0,2024.0,2025-01-04,Positive,ABC Distributors,India,19439.65,26.67,11210.63,BOOKCASES,,,,,,,
O1663,2024-11-20,2024-11-27,CUST808,John Smith,North,Mumbai,Office Supplies,Storage,Storage Model-S2,4.0,47672.77,0.19,154248.8,70542.49,NetBanking,Express,Yes,Home Office,Karan,4.0,11.0,2024.0,2025-01-07,Positive,FurniMart,UK,20926.58,45.73,20573.5,STORAGE,,,,,,,
O1664,2024-04-09,2024-04-10,CUST793,Kenji Tanaka,South,Jaipur,Technology,Phones,Phones Model-880,8.0,22003.74,0.02,172469.34,60443.43,UPI,First Class,No,Corporate,Vikram,5.0,4.0,2024.0,2025-01-01,Positive,Global Supplies,USA,14003.24,35.05,21919.29,PHONES,,,,,,,
O1665,2025-01-16,2025-01-24,CUST900,Fatima Al Marzooqi,East,Hyderabad,Office Supplies,Paper,Paper Model-P1,6.0,38006.1,0.02,223475.93,126938.83,NetBanking,Standard,No,Home Office,Anita,5.0,1.0,2025.0,2025-01-08,Positive,TechCorp,India,16089.52,56.81,25700.73,PAPER,,,,,,,
O1666,2024-08-01,2024-08-11,CUST417,Lars Anderson,West,Pune,Furniture,Tables,Tables Model-260,7.0,12638,0.18,72421.14,24203.4,Credit Card,Same Day,No,Consumer,Rohit,4.0,8.0,2024.0,2025-01-10,Positive,OfficeHub,UK,6888.25,33.42,9588.63,TABLES,,,,,,,
O1667,2024-01-09,2024-01-18,CUST847,Maria Rodriguez,North,Delhi,Furniture,Chairs,Chairs Model-803,1.0,26989.15,0.0,26989.15,10886.53,Credit Card,First Class,No,Home Office,Karan,4.0,1.0,2024.0,2025-01-09,Positive,ABC Distributors,India,16102.62,40.34,3443.61,CHAIRS,,,,,,,
O1668,2024-12-14,2024-12-19,CUST157,David Chen,South,Jaipur,Technology,Accessories,Accessories Model-A1,3.0,27725.13,0.06,78385.87,17300.73,UPI,Same Day,No,Corporate,Neha,3.0,12.0,2024.0,2025-01-05,Neutral,FurniMart,USA,20361.71,22.07,11340.42,ACCESSORIES,,,,,,,
O1669,2024-09-08,2024-09-17,CUST847,Emily White,East,Hyderabad,Technology,Machines,Machines Model-500,7.0,44510.87,0.18,255146.16,110037.11,NetBanking,Standard,No,Consumer,Arjun,4.0,9.0,2024.0,2025-01-09,Positive,Global Supplies,India,20738.44,43.13,26922.9,MACHINES,,,,,,,
O1670,2024-02-14,2024-02-18,CUST483,John Smith,West,Pune,Office Supplies,Art,Art Model-R1,5.0,35308.79,0.18,144766.01,77826.97,UPI,Same Day,No,Corporate,Vikram,5.0,2.0,2024.0,2025-01-04,Positive,TechCorp,UK,13387.81,53.76,18944.42,ART,,,,,,,
O1671,2025-01-29,2025-02-05,CUST368,Kenji Tanaka,North,Delhi,Technology,Phones,Phones Model-120,7.0,47714.28,0.15,283995.14,142718.33,Credit Card,Express,No,Home Office,Anita,4.0,1.0,2025.0,2025-01-07,Positive,OfficeHub,USA,20182.4,50.25,35649.0,PHONES,,,,,,,
O1672,2024-07-28,2024-07-30,CUST671,Fatima Al Marzooqi,West,Bangalore,Furniture,Bookcases,Bookcases Model-106,1.0,36884.28,0.05,35040.07,-11075.28,NetBanking,First Class,Yes,Corporate,Rohit,2.0,7.0,2024.0,2025-01-02,Negative,ABC Distributors,India,46115.35,-31.61,4968.96,BOOKCASES,,,,,,,
O1673,2024-11-20,2024-11-27,CUST370,Lars Anderson,North,Mumbai,Office Supplies,Binders,Binders Model-B2,6.0,15647.92,0.0,93887.52,43407.99,NetBanking,Same Day,No,Consumer,Karan,5.0,11.0,2024.0,2025-01-07,Positive,FurniMart,UK,8413.26,46.23,12205.58,BINDERS,,,,,,,
O1674,2024-04-09,2024-04-10,CUST681,Maria Rodriguez,South,Jaipur,Technology,Phones,Phones Model-411,4.0,12854.21,0.05,48769.99,19830.41,Credit Card,Standard,No,Corporate,Vikram,4.0,4.0,2024.0,2025-01-01,Positive,Global Supplies,USA,7234.9,40.66,6642.66,PHONES,,,,,,,
O1675,2025-01-16,2025-01-17,CUST608,David Chen,East,Hyderabad,Office Supplies,Paper,Paper Model-P1,6.0,12838.47,0.1,69327.74,24996.84,UPI,Same Day,No,Home Office,Anita,4.0,1.0,2025.0,2025-01-01,Positive,TechCorp,India,7388.48,36.06,10183.19,PAPER,,,,,,,
O1676,2024-08-01,2024-08-09,CUST368,Emily White,West,Pune,Furniture,Tables,Tables Model-710,1.0,16487.31,0.11,14673.61,-1215.54,Credit Card,First Class,No,Consumer,Rohit,3.0,8.0,2024.0,2025-01-08,Neutral,OfficeHub,UK,15889.15,-8.28,1542.84,TABLES,,,,,,,
O1677,2024-01-09,2024-01-17,CUST157,John Smith,North,Delhi,Office Supplies,Art,Art Model-R1,9.0,49230.7,0.0,443076.3,178970.21,NetBanking,Standard,No,Home Office,Karan,5.0,1.0,2024.0,2025-01-08,Positive,ABC Distributors,USA,29345.12,40.39,47285.4,ART,,,,,,,
O1678,2024-12-14,2024-12-16,CUST847,Maria Rodriguez,South,Jaipur,Technology,Accessories,Accessories Model-A2,10.0,13289.84,0.07,123695.51,69150.96,UPI,Same Day,No,Corporate,Neha,5.0,12.0,2024.0,2025-01-02,Positive,FurniMart,India,5454.46,55.9,15291.56,ACCESSORIES,,,,,,,
O1679,2024-09-08,2024-09-11,CUST671,David Chen,East,Kolkata,Office Supplies,Storage,Storage Model-S1,8.0,44275.64,0.17,274154.51,135255.45,Credit Card,Express,No,Home Office,Arjun,4.0,9.0,2024.0,2025-01-03,Positive,Global Supplies,UK,17362.38,49.33,31145.54,STORAGE,,,,,,,
O1680,2024-02-14,2024-02-23,CUST417,Emily White,West,Pune,Technology,Machines,Machines Model-500,2.0,4293.43,0.06,8071.65,2440.02,UPI,First Class,No,Consumer,Vikram,4.0,2.0,2024.0,2025-01-09,Positive,TechCorp,USA,2815.82,30.23,830.48,MACHINES,,,,,,,
O1681,2025-01-29,2025-02-08,CUST858,John Smith,North,Delhi,Furniture,Bookcases,Bookcases Model-961,8.0,13010.05,0.02,101838.69,32247.37,NetBanking,Same Day,No,Corporate,Anita,5.0,1.0,2025.0,2025-01-10,Positive,OfficeHub,India,8703.92,31.67,10519.86,BOOKCASES,,,,,,,
O1682,2024-07-28,2024-08-07,CUST793,Kenji Tanaka,West,Bangalore,Furniture,Tables,Tables Model-260,3.0,11177.37,0.19,27136.93,-2606.31,Credit Card,Standard,Yes,Home Office,Rohit,1.0,7.0,2024.0,2025-01-10,Negative,ABC Distributors,UK,12028.91,-9.6,3563.85,TABLES,,,,,,,
O1683,2024-11-20,2024-11-21,CUST667,Fatima Al Marzooqi,North,Mumbai,Office Supplies,Paper,Paper Model-P1,8.0,19830.41,0.04,152173.96,52391.07,NetBanking,Express,No,Consumer,Karan,4.0,11.0,2024.0,2025-01-01,Positive,FurniMart,USA,12472.86,34.43,18449.62,PAPER,,,,,,,
O1684,2024-04-09,2024-04-18,CUST847,Lars Anderson,East,Hyderabad,Furniture,Chairs,Chairs Model-550,1.0,16183.18,0.05,15374.02,2841.0,UPI,Same Day,No,Corporate,Vikram,4.0,4.0,2024.0,2025-01-09,Positive,Global Supplies,India,12533.02,18.48,1603.22,CHAIRS,,,,,,,
O1685,2025-01-16,2025-01-21,CUST858,Maria Rodriguez,West,Pune,Technology,Accessories,Accessories Model-A2,4.0,46014.26,0.11,163795.14,48489.15,Credit Card,First Class,No,Home Office,Anita,5.0,1.0,2025.0,2025-01-05,Positive,TechCorp,UK,28826.47,29.6,23354.21,ACCESSORIES,,,,,,,
O1686,2024-08-01,2024-08-08,CUST131,David Chen,North,Delhi,Furniture,Bookcases,Bookcases Model-106,8.0,31341.6,0.02,245781.9,-1600.67,UPI,Same Day,No,Consumer,Rohit,3.0,8.0,2024.0,2025-01-07,Neutral,OfficeHub,USA,30822.82,-0.65,27038.56,BOOKCASES,,,,,,,
O1687,2024-01-09,2024-01-10,CUST667,Emily White,South,Jaipur,Technology,Phones,Phones Model-880,5.0,44607.72,0.12,196274.03,66367.58,NetBanking,Express,No,Corporate,Karan,4.0,1.0,2024.0,2025-01-01,Positive,ABC Distributors,India,26002.39,33.35,22115.02,PHONES,,,,,,,
O1688,2024-12-14,2024-12-15,CUST793,John Smith,East,Kolkata,Office Supplies,Binders,Binders Model-B1,1.0,41151.48,0.14,35385.27,10015.35,Credit Card,First Class,No,Home Office,Neha,5.0,12.0,2024.0,2025-01-01,Positive,FurniMart,USA,25369.92,28.31,4372.95,BINDERS,,,,,,,
O1689,2024-09-08,2024-09-15,CUST355,Kenji Tanaka,West,Pune,Furniture,Tables,Tables Model-710,1.0,16183.18,0.06,15212.19,-6863.38,UPI,Same Day,No,Consumer,Arjun,2.0,9.0,2024.0,2025-01-07,Negative,Global Supplies,UK,22075.57,-45.12,2166.7,TABLES,,,,,,,
O1690,2024-02-14,2024-02-15,CUST989,Fatima Al Marzooqi,North,Delhi,Office Supplies,Art,Art Model-R1,9.0,41203.88,0.08,341498.41,180410.74,NetBanking,Express,No,Corporate,Vikram,5.0,2.0,2024.0,2025-01-01,Positive,TechCorp,India,17898.63,52.83,39151.72,ART,,,,,,,
O1691,2025-01-29,2025-02-06,CUST845,Lars Anderson,West,Bangalore,Technology,Phones,Phones Model-411,4.0,19830.41,0.01,78521.83,32986.9,Credit Card,Standard,No,Home Office,Anita,4.0,1.0,2025.0,2025-01-08,Positive,OfficeHub,USA,11383.73,41.98,7270.21,PHONES,,,,,,,
O1692,2024-07-28,2024-08-01,CUST608,Maria Rodriguez,South,Jaipur,Furniture,Bookcases,Bookcases Model-961,9.0,42289.87,0.12,333887.81,146749.03,UPI,First Class,No,Corporate,Rohit,5.0,7.0,2024.0,2025-01-04,Positive,ABC Distributors,UK,20793.2,43.95,44607.72,BOOKCASES,,,,,,,
O1693,2024-11-20,2024-11-29,CUST561,David Chen,West,Pune,Office Supplies,Storage,Storage Model-S2,4.0,47596.26,0.09,173255.45,84179.33,Credit Card,Same Day,No,Consumer,Karan,5.0,11.0,2024.0,2025-01-09,Positive,FurniMart,India,22269.03,48.6,18879.84,STORAGE,,,,,,,
O1694,2024-04-09,2024-04-10,CUST830,Emily White,East,Hyderabad,Technology,Phones,Phones Model-880,10.0,38829.39,0.02,380528.02,159187.52,NetBanking,Express,No,Home Office,Vikram,5.0,4.0,2024.0,2025-01-01,Positive,Global Supplies,USA,22134.05,41.83,43825.9,PHONES,,,,,,,
O1695,2025-01-16,2025-01-23,CUST355,John Smith,North,Delhi,Office Supplies,Paper,Paper Model-P1,9.0,22810.02,0.01,205047.88,103303.4,Credit Card,Standard,No,Corporate,Anita,5.0,1.0,2025.0,2025-01-07,Positive,TechCorp,UK,11305.16,50.38,28447.46,PAPER,,,,,,,
O1696,2024-08-01,2024-08-04,CUST667,Kenji Tanaka,East,Kolkata,Furniture,Tables,Tables Model-260,1.0,41126.91,0.13,35779.81,-2659.81,UPI,Same Day,No,Consumer,Rohit,3.0,8.0,2024.0,2025-01-03,Neutral,OfficeHub,India,38439.62,-7.43,5068.79,TABLES,,,,,,,
O1697,2024-01-09,2024-01-16,CUST417,Fatima Al Marzooqi,West,Pune,Office Supplies,Art,Art Model-R1,2.0,27725.13,0.09,50450.74,17997.4,NetBanking,First Class,No,Corporate,Karan,4.0,1.0,2024.0,2025-01-07,Positive,ABC Distributors,USA,16226.67,35.67,5221.75,ART,,,,,,,
O1698,2024-12-14,2024-12-16,CUST157,Lars Anderson,South,Jaipur,Technology,Accessories,Accessories Model-A1,3.0,27909.52,0.04,80379.79,48489.15,Credit Card,Same Day,No,Home Office,Neha,5.0,12.0,2024.0,2025-01-02,Positive,FurniMart,India,10630.21,60.33,8305.35,ACCESSORIES,,,,,,,
O1699,2024-09-08,2024-09-14,CUST671,Maria Rodriguez,East,Hyderabad,Technology,Machines,Machines Model-500,10.0,48821.57,0.1,439394.13,204642.74,UPI,Express,No,Consumer,Arjun,5.0,9.0,2024.0,2025-01-06,Positive,Global Supplies,UK,23475.14,46.57,48496.22,MACHINES,,,,,,,
O1700,2024-02-14,2024-02-23,CUST483,David Chen,West,Bangalore,Furniture,Bookcases,Bookcases Model-961,8.0,43258.91,0.07,322971.05,172972.18,NetBanking,Standard,No,Corporate,Vikram,5.0,2.0,2024.0,2025-01-09,Positive,TechCorp,USA,18749.86,53.56,33924.96,BOOKCASES,,,,,,,
O1701,2025-01-29,2025-02-02,CUST368,Emily White,South,Jaipur,Technology,Phones,Phones Model-120,5.0,49754.56,0.14,213985.41,92661.85,Credit Card,First Class,No,Home Office,Anita,5.0,1.0,2025.0,2025-01-04,Positive,OfficeHub,India,24264.71,43.3,27757.25,PHONES,,,,,,,
O1702,2024-07-28,2024-07-31,CUST793,John Smith,North,Delhi,Office Supplies,Paper,Paper Model-P1,6.0,38115.65,0.05,217258.98,90589.65,UPI,Same Day,No,Consumer,Rohit,4.0,7.0,2024.0,2025-01-03,Positive,ABC Distributors,UK,21111.55,41.7,28442.23,PAPER,,,,,,,
O1703,2024-11-20,2024-11-25,CUST370,Kenji Tanaka,West,Pune,Furniture,Tables,Tables Model-260,3.0,48030.12,0.0,144090.36,66696.64,NetBanking,Standard,No,Corporate,Karan,4.0,11.0,2024.0,2025-01-05,Positive,FurniMart,USA,25807.91,46.29,14781.25,TABLES,,,,,,,
O1704,2024-04-09,2024-04-12,CUST157,Fatima Al Marzooqi,East,Hyderabad,Furniture,Chairs,Chairs Model-550,1.0,36585.57,0.18,29999.17,-13987.97,Credit Card,Express,No,Home Office,Vikram,2.0,4.0,2024.0,2025-01-03,Negative,Global Supplies,India,43987.14,-46.63,4031.54,CHAIRS,,,,,,,
O1705,2025-01-16,2025-01-26,CUST830,Lars Anderson,East,Kolkata,Technology,Accessories,Accessories Model-A2,4.0,48821.57,0.12,172051.48,68322.0,UPI,Same Day,No,Consumer,Anita,5.0,1.0,2025.0,2025-01-10,Positive,TechCorp,UK,25932.37,39.71,21124.96,ACCESSORIES,,,,,,,
O1706,2024-08-01,2024-08-08,CUST847,Maria Rodriguez,West,Bangalore,Furniture,Bookcases,Bookcases Model-106,6.0,12638.2,0.04,72671.21,20577.16,Credit Card,First Class,No,Corporate,Rohit,4.0,8.0,2024.0,2025-01-07,Positive,OfficeHub,USA,8682.34,28.32,10014.79,BOOKCASES,,,,,,,
O1707,2024-01-09,2024-01-14,CUST671,David Chen,North,Delhi,Technology,Phones,Phones Model-880,10.0,43265.8,0.01,428331.42,221199.19,NetBanking,Standard,No,Home Office,Karan,5.0,1.0,2024.0,2025-01-05,Positive,ABC Distributors,India,20713.22,51.64,62580.46,PHONES,,,,,,,
O1708,2024-12-14,2024-12-19,CUST858,Emily White,South,Jaipur,Office Supplies,Binders,Binders Model-B2,6.0,16487.31,0.08,91040.23,31349.52,UPI,Same Day,No,Consumer,Neha,4.0,12.0,2024.0,2025-01-05,Positive,FurniMart,USA,9948.45,34.43,10156.4,BINDERS,,,,,,,
O1709,2024-09-08,2024-09-18,CUST244,John Smith,East,Hyderabad,Office Supplies,Art,Art Model-R1,4.0,49754.56,0.1,179116.42,88764.1,Credit Card,First Class,No,Corporate,Arjun,5.0,9.0,2024.0,2025-01-10,Positive,Global Supplies,UK,22588.08,49.56,17300.22,ART,,,,,,,
O1710,2024-02-14,2024-02-15,CUST808,Kenji Tanaka,West,Pune,Technology,Machines,Machines Model-500,4.0,36884.28,0.1,132783.41,71060.77,UPI,Express,No,Home Office,Vikram,5.0,2.0,2024.0,2025-01-01,Positive,TechCorp,India,15430.66,53.52,15234.05,MACHINES,,,,,,,
O1711,2025-01-29,2025-02-04,CUST417,Fatima Al Marzooqi,North,Mumbai,Furniture,Bookcases,Bookcases Model-961,3.0,46014.26,0.0,138042.78,24775.29,Credit Card,Same Day,No,Consumer,Anita,4.0,1.0,2025.0,2025-01-06,Positive,OfficeHub,USA,37755.83,17.95,14798.12,BOOKCASES,,,,,,,
O1712,2024-07-28,2024-08-01,CUST368,Lars Anderson,South,Jaipur,Furniture,Tables,Tables Model-260,8.0,42289.87,0.03,328905.12,126830.64,NetBanking,Standard,No,Corporate,Rohit,4.0,7.0,2024.0,2025-01-04,Positive,ABC Distributors,UK,25259.31,38.56,41300.41,TABLES,,,,,,,
O1713,2024-11-20,2024-11-22,CUST847,Maria Rodriguez,East,Hyderabad,Office Supplies,Paper,Paper Model-P1,8.0,44275.64,0.04,339568.51,141386.1,Credit Card,First Class,No,Home Office,Karan,5.0,11.0,2024.0,2025-01-02,Positive,FurniMart,India,24772.8,41.64,44929.98,PAPER,,,,,,,
O1714,2024-04-09,2024-04-18,CUST157,David Chen,West,Pune,Furniture,Chairs,Chairs Model-550,7.0,25287.97,0.0,177015.79,94982.5,UPI,Same Day,No,Consumer,Vikram,5.0,4.0,2024.0,2025-01-09,Positive,Global Supplies,USA,11719.04,53.66,22709.07,CHAIRS,,,,,,,
O1715,2025-01-16,2025-01-26,CUST858,Emily White,North,Delhi,Technology,Accessories,Accessories Model-A1,10.0,23354.34,0.12,205518.2,109312.44,NetBanking,Express,No,Corporate,Anita,5.0,1.0,2025.0,2025-01-10,Positive,TechCorp,UK,9620.58,53.19,20738.9,ACCESSORIES,,,,,,,
O1716,2024-08-01,2024-08-08,CUST671,John Smith,West,Bangalore,Furniture,Bookcases,Bookcases Model-106,7.0,47587.79,0.04,320146.42,168341.67,Credit Card,Standard,No,Home Office,Rohit,5.0,8.0,2024.0,2025-01-07,Positive,OfficeHub,India,21686.4,52.58,36720.08,BOOKCASES,,,,,,,
O1717,2024-01-09,2024-01-12,CUST608,Kenji Tanaka,South,Jaipur,Technology,Phones,Phones Model-880,9.0,41285.83,0.03,361667.62,176722.82,UPI,First Class,No,Consumer,Karan,5.0,1.0,2024.0,2025-01-03,Positive,ABC Distributors,USA,20549.42,48.86,49162.77,PHONES,,,,,,,
O1718,2024-12-14,2024-12-17,CUST417,Fatima Al Marzooqi,East,Hyderabad,Office Supplies,Binders,Binders Model-B1,1.0,26989.15,0.0,26989.15,10886.53,NetBanking,Same Day,No,Home Office,Neha,4.0,12.0,2024.0,2025-01-03,Positive,FurniMart,India,16102.62,40.34,3129.23,BINDERS,,,,,,,
O1719,2024-09-08,2024-09-17,CUST793,Lars Anderson,West,Pune,Office Supplies,Art,Art Model-R1,2.0,4293.43,0.02,8414.12,2138.82,Credit Card,First Class,No,Corporate,Arjun,4.0,9.0,2024.0,2025-01-09,Positive,Global Supplies,UK,3137.65,25.42,885.57,ART,,,,,,,
O1720,2024-02-14,2024-02-17,CUST355,Maria Rodriguez,North,Delhi,Technology,Machines,Machines Model-500,4.0,48560.84,0.03,188737.95,74495.27,UPI,Same Day,No,Home Office,Vikram,5.0,2.0,2024.0,2025-01-03,Positive,TechCorp,USA,28560.67,39.47,21271.69,MACHINES,,,,,,,
O1721,2025-01-29,2025-02-04,CUST681,David Chen,West,Bangalore,Furniture,Bookcases,Bookcases Model-961,5.0,16183.18,0.18,66351.05,-34571.49,Credit Card,Standard,Yes,Consumer,Anita,1.0,1.0,2025.0,2025-01-06,Negative,OfficeHub,India,20184.51,-52.11,9298.5,BOOKCASES,,,,,,,
O1722,2024-07-28,2024-08-01,CUST667,Emily White,South,Jaipur,Furniture,Tables,Tables Model-260,2.0,43265.8,0.1,77878.44,14798.12,NetBanking,First Class,No,Corporate,Rohit,4.0,7.0,2024.0,2025-01-04,Positive,ABC Distributors,UK,31540.16,19.0,11306.49,TABLES,,,,,,,
O1723,2024-11-20,2024-11-27,CUST483,John Smith,East,Hyderabad,Office Supplies,Paper,Paper Model-P1,6.0,27537.4,0.0,165224.4,59193.33,Credit Card,Same Day,No,Home Office,Karan,5.0,11.0,2024.0,2025-01-07,Positive,FurniMart,USA,17671.84,35.83,23507.28,PAPER,,,,,,,
O1724,2024-04-09,2024-04-18,CUST847,Maria Rodriguez,West,Pune,Furniture,Chairs,Chairs Model-550,6.0,23354.34,0.12,123472.16,21124.96,UPI,Express,No,Consumer,Vikram,4.0,4.0,2024.0,2025-01-09,Positive,Global Supplies,India,17058.03,17.11,17300.22,CHAIRS,,,,,,,
O1725,2025-01-16,2025-01-23,CUST131,David Chen,North,Delhi,Technology,Accessories,Accessories Model-A2,10.0,39281.42,0.15,333892.07,173262.82,NetBanking,Standard,No,Corporate,Anita,5.0,1.0,2025.0,2025-01-07,Positive,TechCorp,UK,16062.93,51.89,35026.04,ACCESSORIES,,,,,,,
O1726,2024-08-01,2024-08-04,CUST368,Emily White,West,Bangalore,Furniture,Bookcases,Bookcases Model-106,1.0,29560.83,0.0,29560.83,11824.32,Credit Card,Same Day,No,Home Office,Rohit,5.0,8.0,2024.0,2025-01-03,Positive,OfficeHub,USA,17736.51,40.0,4055.77,BOOKCASES,,,,,,,
O1727,2024-01-09,2024-01-18,CUST411,John Smith,North,Mumbai,Technology,Phones,Phones Model-880,2.0,27376.66,0.0,54753.32,-606.0,UPI,First Class,No,Consumer,Karan,3.0,1.0,2024.0,2025-01-09,Neutral,ABC Distributors,India,27681.66,-1.11,6824.93,PHONES,,,,,,,
O1728,2024-12-14,2024-12-22,CUST847,Kenji Tanaka,South,Jaipur,Office Supplies,Binders,Binders Model-B2,2.0,42289.87,0.13,73584.45,39121.32,NetBanking,Standard,No,Corporate,Neha,5.0,12.0,2024.0,2025-01-08,Positive,FurniMart,UK,17231.56,53.16,10488.75,BINDERS,,,,,,,
O1729,2024-09-08,2024-09-17,CUST808,Fatima Al Marzooqi,East,Hyderabad,Office Supplies,Art,Art Model-R1,9.0,41151.48,0.1,333326.99,141386.1,Credit Card,First Class,No,Home Office,Arjun,5.0,9.0,2024.0,2025-01-09,Positive,Global Supplies,India,21326.77,42.41,39999.23,ART,,,,,,,
O1730,2024-02-14,2024-02-18,CUST845,Lars Anderson,West,Pune,Technology,Machines,Machines Model-500,4.0,31765.48,0.06,119472.96,48248.83,UPI,Same Day,No,Consumer,Vikram,5.0,2.0,2024.0,2025-01-04,Positive,TechCorp,USA,17898.63,40.38,13739.39,MACHINES,,,,,,,
O1731,2025-01-29,2025-02-06,CUST830,Maria Rodriguez,North,Delhi,Furniture,Bookcases,Bookcases Model-961,9.0,16487.31,0.06,139366.69,70691.85,Credit Card,Express,No,Corporate,Anita,4.0,1.0,2025.0,2025-01-08,Positive,OfficeHub,India,7630.54,50.72,18529.28,BOOKCASES,,,,,,,
O1732,2024-07-28,2024-08-03,CUST847,David Chen,West,Bangalore,Furniture,Tables,Tables Model-260,6.0,26815.17,0.1,144799.08,41951.11,NetBanking,Standard,No,Home Office,Rohit,4.0,7.0,2024.0,2025-01-06,Positive,ABC Distributors,UK,17141.33,28.97,14984.66,TABLES,,,,,,,
O1733,2024-11-20,2024-11-23,CUST411,Emily White,South,Jaipur,Office Supplies,Paper,Paper Model-P1,5.0,38006.1,0.0,190030.5,120536.03,UPI,First Class,No,Consumer,Karan,5.0,11.0,2024.0,2025-01-03,Positive,FurniMart,USA,13898.89,63.43,21124.96,PAPER,,,,,,,
O1734,2024-04-09,2024-04-18,CUST483,John Smith,East,Hyderabad,Furniture,Chairs,Chairs Model-550,1.0,39906.94,0.13,34719.04,-1215.54,Credit Card,Same Day,No,Corporate,Vikram,3.0,4.0,2024.0,2025-01-09,Neutral,Global Supplies,India,35934.58,-3.5,4758.82,CHAIRS,,,,,,,
O1735,2025-01-16,2025-01-24,CUST667,Kenji Tanaka,West,Pune,Technology,Accessories,Accessories Model-A2,8.0,35308.79,0.14,243293.07,101565.41,NetBanking,Express,No,Consumer,Anita,5.0,1.0,2025.0,2025-01-08,Positive,TechCorp,UK,17715.96,41.75,26399.71,ACCESSORIES,,,,,,,
O1736,2024-08-01,2024-08-03,CUST900,Fatima Al Marzooqi,North,Delhi,Furniture,Bookcases,Bookcases Model-106,7.0,26989.15,0.02,185671.0,76709.83,UPI,First Class,No,Corporate,Rohit,4.0,8.0,2024.0,2025-01-02,Positive,OfficeHub,USA,15565.88,41.32,27457.73,BOOKCASES,,,,,,,
O1737,2024-01-09,2024-01-12,CUST157,Lars Anderson,West,Bangalore,Technology,Phones,Phones Model-880,10.0,30141.6,0.11,268260.24,142718.33,Credit Card,Same Day,No,Home Office,Karan,5.0,1.0,2024.0,2025-01-03,Positive,ABC Distributors,India,12554.2,53.2,36767.15,PHONES,,,,,,,
O1738,2024-12-14,2024-12-22,CUST858,Maria Rodriguez,South,Jaipur,Office Supplies,Binders,Binders Model-B1,6.0,27743.07,0.06,157077.56,86439.46,UPI,Standard,No,Consumer,Neha,5.0,12.0,2024.0,2025-01-08,Positive,FurniMart,USA,11773.02,54.9,23087.5,BINDERS,,,,,,,
O1739,2024-09-08,2024-09-15,CUST793,David Chen,East,Hyderabad,Office Supplies,Art,Art Model-R1,10.0,23354.34,0.11,207853.63,94982.5,NetBanking,First Class,No,Corporate,Arjun,5.0,9.0,2024.0,2025-01-07,Positive,Global Supplies,UK,11287.11,45.7,21020.91,ART,,,,,,,
O1740,2024-02-14,2024-02-17,CUST355,Emily White,West,Pune,Technology,Machines,Machines Model-500,4.0,16487.31,0.01,65675.24,19803.54,Credit Card,Same Day,No,Home Office,Vikram,4.0,2.0,2024.0,2025-01-03,Positive,TechCorp,India,11467.92,30.15,8454.49,MACHINES,,,,,,,
O1741,2025-01-29,2025-02-07,CUST483,John Smith,North,Delhi,Furniture,Bookcases,Bookcases Model-961,3.0,44510.87,0.05,126856.03,52467.56,UPI,First Class,No,Consumer,Anita,5.0,1.0,2025.0,2025-01-09,Positive,OfficeHub,USA,24796.16,41.36,15857.0,BOOKCASES,,,,,,,
O1742,2024-07-28,2024-08-01,CUST368,Kenji Tanaka,West,Bangalore,Furniture,Tables,Tables Model-260,9.0,39120.91,0.09,319409.84,170460.54,NetBanking,Express,No,Corporate,Rohit,5.0,7.0,2024.0,2025-01-04,Positive,ABC Distributors,UK,16549.92,53.37,36412.59,TABLES,,,,,,,
O1743,2024-11-20,2024-11-26,CUST793,Fatima Al Marzooqi,South,Jaipur,Office Supplies,Paper,Paper Model-P1,8.0,49754.56,0.11,353272.93,138099.66,Credit Card,Standard,No,Home Office,Karan,5.0,11.0,2024.0,2025-01-06,Positive,FurniMart,India,26909.16,39.09,38033.4,PAPER,,,,,,,
O1744,2024-04-09,2024-04-18,CUST847,Lars Anderson,East,Hyderabad,Furniture,Chairs,Chairs Model-550,10.0,48821.57,0.1,439394.13,24203.4,UPI,Same Day,No,Consumer,Vikram,3.0,4.0,2024.0,2025-01-09,Neutral,Global Supplies,USA,41519.07,5.51,49605.82,CHAIRS,,,,,,,
O1745,2025-01-16,2025-01-26,CUST858,Maria Rodriguez,West,Pune,Technology,Accessories,Accessories Model-A1,3.0,27725.13,0.14,71556.34,3208.6,NetBanking,First Class,No,Corporate,Anita,3.0,1.0,2025.0,2025-01-10,Neutral,TechCorp,UK,22782.58,4.48,9353.49,ACCESSORIES,,,,,,,
O1746,2024-08-01,2024-08-07,CUST608,David Chen,North,Delhi,Furniture,Bookcases,Bookcases Model-106,6.0,47124.63,0.06,266948.51,120536.03,Credit Card,Same Day,No,Home Office,Rohit,5.0,8.0,2024.0,2025-01-06,Positive,OfficeHub,India,24402.08,45.15,26340.6,BOOKCASES,,,,,,,
O1747,2024-01-09,2024-01-11,CUST417,Emily White,South,Jaipur,Technology,Phones,Phones Model-880,3.0,47587.79,0.0,142763.37,66696.64,UPI,First Class,No,Consumer,Karan,5.0,1.0,2024.0,2025-01-02,Positive,ABC Distributors,USA,25355.58,46.72,16523.51,PHONES,,,,,,,
O1748,2024-12-14,2024-12-15,CUST847,John Smith,East,Hyderabad,Office Supplies,Binders,Binders Model-B2,2.0,27537.4,0.05,52321.06,17808.97,NetBanking,Express,No,Corporate,Neha,4.0,12.0,2024.0,2025-01-01,Positive,FurniMart,India,17256.05,34.04,6108.99,BINDERS,,,,,,,
O1749,2024-09-08,2024-09-15,CUST989,Kenji Tanaka,West,Pune,Office Supplies,Art,Art Model-R1,9.0,47596.26,0.18,351859.39,189476.35,Credit Card,Same Day,No,Home Office,Arjun,5.0,9.0,2024.0,2025-01-07,Positive,Global Supplies,UK,18042.56,53.85,36166.45,ART,,,,,,,
O1750,2024-02-14,2024-02-23,CUST619,Fatima Al Marzooqi,North,Delhi,Technology,Machines,Machines Model-500,4.0,44607.72,0.1,160587.99,78130.82,UPI,Standard,No,Consumer,Vikram,5.0,2.0,2024.0,2025-01-09,Positive,TechCorp,USA,20614.29,48.65,17666.96,MACHINES,,,,,,,
O1751,2025-01-29,2025-02-03,CUST845,Lars Anderson,West,Bangalore,Furniture,Bookcases,Bookcases Model-961,1.0,38829.39,0.0,38829.39,165487.87,Credit Card,Same Day,No,Corporate,Anita,5.0,1.0,2025.0,2025-01-05,Positive,OfficeHub,India,22280.52,42.66,4237.52,BOOKCASES,,,,,,,
O1752,2024-07-28,2024-08-01,CUST847,Maria Rodriguez,South,Jaipur,Furniture,Tables,Tables Model-260,6.0,27725.13,0.0,166350.78,66367.58,NetBanking,Standard,No,Home Office,Rohit,4.0,7.0,2024.0,2025-01-04,Positive,ABC Distributors,UK,16663.87,39.89,24657.42,TABLES,,,,,,,
O1753,2024-11-20,2024-11-21,CUST793,David Chen,East,Hyderabad,Office Supplies,Paper,Paper Model-P1,10.0,23354.34,0.03,226537.06,126938.83,UPI,Express,No,Consumer,Karan,5.0,11.0,2024.0,2025-01-01,Positive,FurniMart,USA,9959.82,56.03,28328.61,PAPER,,,,,,,
O1754,2024-04-09,2024-04-19,CUST830,Emily White,West,Pune,Furniture,Chairs,Chairs Model-550,1.0,36884.28,0.16,30982.79,15291.56,Credit Card,First Class,No,Corporate,Vikram,4.0,4.0,2024.0,2025-01-10,Positive,Global Supplies,India,15691.23,49.35,3919.14,CHAIRS,,,,,,,
O1755,2025-01-16,2025-01-21,CUST989,John Smith,North,Delhi,Technology,Accessories,Accessories Model-A2,4.0,47587.79,0.19,154388.58,36531.0,NetBanking,Same Day,No,Home Office,Anita,4.0,1.0,2025.0,2025-01-05,Positive,TechCorp,UK,29464.39,23.66,21160.83,ACCESSORIES,,,,,,,
O1756,2024-08-01,2024-08-09,CUST483,Kenji Tanaka,West,Bangalore,Furniture,Bookcases,Bookcases Model-106,7.0,44607.72,0.0,312254.04,118671.18,UPI,Standard,No,Consumer,Rohit,5.0,8.0,2024.0,2025-01-08,Positive,OfficeHub,USA,27654.69,38.0,42220.84,BOOKCASES,,,,,,,
O1757,2024-01-09,2024-01-13,CUST368,Fatima Al Marzooqi,South,Jaipur,Technology,Phones,Phones Model-880,5.0,31341.6,0.06,147365.52,78443.91,Credit Card,Same Day,No,Corporate,Karan,5.0,1.0,2024.0,2025-01-04,Positive,ABC Distributors,India,13784.32,53.23,20808.82,PHONES,,,,,,,
O1758,2024-12-14,2024-12-21,CUST411,Lars Anderson,East,Hyderabad,Office Supplies,Binders,Binders Model-B1,6.0,46014.26,0.1,248476.99,102288.75,UPI,First Class,No,Home Office,Neha,5.0,12.0,2024.0,2025-01-07,Positive,FurniMart,USA,24364.71,41.17,33737.89,BINDERS,,,,,,,
O1759,2024-09-08,2024-09-17,CUST483,Maria Rodriguez,West,Pune,Office Supplies,Art,Art Model-R1,1.0,27376.66,0.12,24089.46,-752.61,NetBanking,Standard,No,Consumer,Arjun,3.0,9.0,2024.0,2025-01-09,Neutral,Global Supplies,UK,24842.07,-3.12,2637.38,ART,,,,,,,
O1760,2024-02-14,2024-02-16,CUST845,David Chen,North,Delhi,Technology,Machines,Machines Model-500,2.0,47714.28,0.11,84931.29,32247.37,Credit Card,Express,No,Corporate,Vikram,5.0,2.0,2024.0,2025-01-02,Positive,TechCorp,India,26341.96,38.08,11188.72,MACHINES,,,,,,,
O1761,2025-01-29,2025-02-05,CUST858,Emily White,West,Bangalore,Furniture,Bookcases,Bookcases Model-961,8.0,44607.72,0.01,353086.07,178028.9,UPI,Same Day,No,Home Office,Anita,5.0,1.0,2025.0,2025-01-07,Positive,OfficeHub,USA,21882.15,50.42,46597.16,BOOKCASES,,,,,,,
O1762,2024-07-28,2024-07-31,CUST131,John Smith,South,Jaipur,Furniture,Tables,Tables Model-260,1.0,38829.39,0.0,38829.39,-17616.5,NetBanking,First Class,No,Consumer,Rohit,1.0,7.0,2024.0,2025-01-03,Negative,ABC Distributors,UK,56445.89,-45.37,5620.17,TABLES,,,,,,,
O1763,2024-11-20,2024-11-22,CUST370,Kenji Tanaka,East,Hyderabad,Office Supplies,Paper,Paper Model-P1,2.0,49230.7,0.12,86646.03,43285.39,Credit Card,Same Day,No,Corporate,Karan,5.0,11.0,2024.0,2025-01-02,Positive,FurniMart,India,21680.32,49.95,12423.86,PAPER,,,,,,,
O1764,2024-04-09,2024-04-18,CUST793,Fatima Al Marzooqi,West,Pune,Furniture,Chairs,Chairs Model-550,8.0,22003.74,0.15,149625.43,60443.43,UPI,Express,No,Home Office,Vikram,4.0,4.0,2024.0,2025-01-09,Positive,Global Supplies,USA,11147.75,40.39,17336.8,CHAIRS,,,,,,,
O1765,2025-01-16,2025-01-18,CUST847,Lars Anderson,North,Delhi,Technology,Accessories,Accessories Model-A1,3.0,20015.75,0.04,57645.96,-13214.53,NetBanking,First Class,No,Consumer,Anita,1.0,1.0,2025.0,2025-01-02,Negative,TechCorp,UK,23620.16,-22.92,7253.15,ACCESSORIES,,,,,,,
O1766,2024-08-01,2024-08-04,CUST858,Maria Rodriguez,West,Bangalore,Furniture,Bookcases,Bookcases Model-106,1.0,30141.6,0.19,24414.69,-2606.31,Credit Card,Same Day,Yes,Corporate,Rohit,2.0,8.0,2024.0,2025-01-03,Negative,OfficeHub,India,27021.0,0.0,3054.34,BOOKCASES,,,,,,,
O1767,2024-01-09,2024-01-12,CUST667,David Chen,South,Jaipur,Technology,Phones,Phones Model-880,8.0,30141.6,0.0,241132.8,111867.75,UPI,Standard,No,Home Office,Karan,5.0,1.0,2024.0,2025-01-03,Positive,ABC Distributors,USA,16158.13,46.39,26667.14,PHONES,,,,,,,
O1768,2024-12-14,2024-12-21,CUST681,Emily White,East,Hyderabad,Office Supplies,Binders,Binders Model-B2,6.0,35878.07,0.15,182078.16,98086.13,NetBanking,First Class,No,Consumer,Neha,5.0,12.0,2024.0,2025-01-07,Positive,FurniMart,India,13998.67,53.87,24933.15,BINDERS,,,,,,,
O1769,2024-09-08,2024-09-17,CUST411,John Smith,West,Pune,Office Supplies,Art,Art Model-R1,1.0,13289.84,0.12,11695.06,-200.75,Credit Card,Express,No,Corporate,Arjun,3.0,9.0,2024.0,2025-01-09,Neutral,Global Supplies,UK,11895.81,-1.72,1308.82,ART,,,,,,,
O1770,2024-02-14,2024-02-18,CUST417,Maria Rodriguez,North,Delhi,Technology,Machines,Machines Model-500,7.0,26815.17,0.0,187706.19,86439.46,UPI,Same Day,No,Home Office,Vikram,5.0,2.0,2024.0,2025-01-04,Positive,TechCorp,USA,14466.68,46.05,25134.18,MACHINES,,,,,,,
O1771,2025-01-29,2025-02-02,CUST671,David Chen,West,Bangalore,Furniture,Bookcases,Bookcases Model-961,8.0,49754.56,0.18,326315.68,170576.46,Credit Card,Standard,No,Consumer,Anita,5.0,1.0,2025.0,2025-01-04,Positive,OfficeHub,India,21967.4,52.27,34241.22,BOOKCASES,,,,,,,
O1772,2024-07-28,2024-08-01,CUST608,Emily White,South,Jaipur,Furniture,Tables,Tables Model-260,10.0,31295.53,0.09,284789.32,152911.83,NetBanking,First Class,No,Corporate,Rohit,5.0,7.0,2024.0,2025-01-04,Positive,ABC Distributors,UK,13187.75,53.7,42211.21,TABLES,,,,,,,
O1773,2024-11-20,2024-11-29,CUST847,John Smith,East,Hyderabad,Office Supplies,Paper,Paper Model-P1,6.0,35308.79,0.11,188177.34,94901.81,UPI,Same Day,No,Home Office,Karan,5.0,11.0,2024.0,2025-01-09,Positive,FurniMart,USA,15545.92,50.43,23087.5,PAPER,,,,,,,
O1774,2024-04-09,2024-04-12,CUST667,Kenji Tanaka,West,Pune,Furniture,Chairs,Chairs Model-550,2.0,41285.83,0.11,73489.83,16886.64,Credit Card,Express,No,Consumer,Vikram,4.0,4.0,2024.0,2025-01-03,Positive,Global Supplies,India,28301.6,22.98,9958.97,CHAIRS,,,,,,,
O1775,2025-01-16,2025-01-22,CUST808,Fatima Al Marzooqi,North,Delhi,Technology,Accessories,Accessories Model-A2,4.0,42289.87,0.18,138612.03,6390.79,NetBanking,Standard,No,Corporate,Anita,3.0,1.0,2025.0,2025-01-06,Neutral,TechCorp,UK,33190.21,4.61,16206.12,ACCESSORIES,,,,,,,
O1776,2024-08-01,2024-08-07,CUST417,Lars Anderson,West,Bangalore,Furniture,Bookcases,Bookcases Model-106,6.0,43265.8,0.12,228807.72,117621.5,UPI,Same Day,No,Home Office,Rohit,5.0,8.0,2024.0,2025-01-06,Positive,OfficeHub,USA,18531.04,51.41,29194.58,BOOKCASES,,,,,,,
O1777,2024-01-09,2024-01-14,CUST989,Maria Rodriguez,South,Jaipur,Technology,Phones,Phones Model-880,10.0,47124.63,0.0,471246.3,27457.73,Credit Card,First Class,No,Consumer,Karan,3.0,1.0,2024.0,2025-01-05,Neutral,ABC Distributors,India,44378.86,5.83,49480.86,PHONES,,,,,,,
O1778,2024-12-14,2024-12-19,CUST667,David Chen,East,Hyderabad,Office Supplies,Binders,Binders Model-B1,6.0,38829.39,0.05,221319.42,126830.64,NetBanking,Same Day,No,Corporate,Neha,5.0,12.0,2024.0,2025-01-05,Positive,FurniMart,USA,15748.13,57.3,23675.05,BINDERS,,,,,,,
O1779,2024-09-08,2024-09-18,CUST847,Emily White,West,Pune,Office Supplies,Art,Art Model-R1,6.0,27743.07,0.07,155160.0,78913.91,UPI,Standard,No,Home Office,Arjun,4.0,9.0,2024.0,2025-01-10,Positive,Global Supplies,UK,12707.68,50.86,22055.62,ART,,,,,,,
O1780,2024-02-14,2024-02-17,CUST411,John Smith,North,Delhi,Technology,Machines,Machines Model-500,4.0,29560.83,0.18,97097.53,52427.2,Credit Card,First Class,No,Consumer,Vikram,5.0,2.0,2024.0,2025-01-03,Positive,TechCorp,India,11167.58,54.0,12396.48,MACHINES,,,,,,,
O1781,2025-01-29,2025-02-08,CUST368,Kenji Tanaka,West,Bangalore,Furniture,Bookcases,Bookcases Model-961,3.0,19830.41,0.01,58992.83,15967.87,NetBanking,Standard,No,Corporate,Anita,4.0,1.0,2025.0,2025-01-10,Positive,OfficeHub,USA,14341.65,27.07,6783.33,BOOKCASES,,,,,,,
O1782,2024-07-28,2024-07-31,CUST417,Fatima Al Marzooqi,South,Jaipur,Furniture,Tables,Tables Model-260,1.0,38006.1,0.05,36105.79,48489.15,UPI,Same Day,No,Home Office,Rohit,5.0,7.0,2024.0,2025-01-03,Positive,ABC Distributors,UK,20016.59,44.57,4758.82,TABLES,,,,,,,
O1783,2024-11-20,2024-11-26,CUST667,Lars Anderson,East,Hyderabad,Office Supplies,Paper,Paper Model-P1,6.0,46014.26,0.14,237207.66,135255.45,Credit Card,First Class,No,Consumer,Karan,5.0,11.0,2024.0,2025-01-06,Positive,FurniMart,India,17492.03,57.02,23512.42,PAPER,,,,,,,
O1784,2024-04-09,2024-04-16,CUST847,Maria Rodriguez,West,Pune,Furniture,Chairs,Chairs Model-550,3.0,48030.12,0.05,136885.54,47671.39,UPI,Same Day,No,Corporate,Vikram,4.0,4.0,2024.0,2025-01-07,Positive,Global Supplies,USA,30071.38,34.82,19251.27,CHAIRS,,,,,,,
O1785,2025-01-16,2025-01-23,CUST858,David Chen,North,Delhi,Technology,Accessories,Accessories Model-A2,10.0,48560.84,0.11,431191.48,221199.19,NetBanking,Standard,No,Home Office,Anita,5.0,1.0,2025.0,2025-01-07,Positive,TechCorp,UK,20999.23,51.3,47318.91,ACCESSORIES,,,,,,,
O1786,2024-05-23,2024-05-27,CUST411,Lars Anderson,South,Jaipur,Technology,Phones,Phones Model-411,3.0,27725.13,0.1,74857.85,35777.67,UPI,Express,No,Consumer,Rohit,5.0,5.0,2024.0,2025-01-04,Positive,OfficeHub,India,13026.73,47.79,9353.49,PHONES,,,,,,,
O1787,2024-03-08,2024-03-12,CUST847,Maria Rodriguez,North,Mumbai,Furniture,Tables,Tables Model-710,1.0,39281.42,0.18,32210.56,-1600.67,NetBanking,First Class,No,Corporate,Karan,3.0,3.0,2024.0,2025-01-04,Neutral,ABC Distributors,USA,33811.23,-4.97,4237.52,TABLES,,,,,,,
O1788,2024-01-20,2024-01-26,CUST858,Kenji Tanaka,East,Hyderabad,Office Supplies,Storage,Storage Model-S2,4.0,48030.12,0.06,180593.25,92661.85,Credit Card,Standard,No,Home Office,Vikram,5.0,1.0,2024.0,2025-01-06,Positive,FurniMart,India,22733.24,51.31,23512.42,STORAGE,,,,,,,
O1789,2024-01-09,2024-01-13,CUST157,Fatima Al Marzooqi,East,Kolkata,Office Supplies,Art,Art Model-R1,9.0,20015.75,0.02,176540.34,103303.4,UPI,Same Day,No,Consumer,Anita,5.0,1.0,2024.0,2025-01-04,Positive,Global Supplies,UK,8137.44,58.51,20808.82,ART,,,,,,,
O1790,2024-02-28,2024-03-05,CUST368,David Chen,South,Jaipur,Technology,Machines,Machines Model-500,4.0,38006.1,0.08,139757.51,66432.06,NetBanking,First Class,No,Home Office,Rohit,4.0,2.0,2024.0,2025-01-06,Positive,TechCorp,USA,18331.36,47.53,16304.79,MACHINES,,,,,,,
O1791,2024-11-20,2024-11-26,CUST671,John Smith,West,Pune,Furniture,Bookcases,Bookcases Model-961,8.0,47714.28,0.15,324456.9,130761.54,Credit Card,Standard,No,Corporate,Karan,5.0,11.0,2024.0,2025-01-06,Positive,OfficeHub,India,24211.92,40.3,47318.91,BOOKCASES,,,,,,,
O1792,2024-04-09,2024-04-10,CUST131,Chloé Dubois,North,Delhi,Furniture,Tables,Tables Model-260,3.0,27743.07,0.0,83229.21,17300.73,UPI,Express,No,Home Office,Vikram,4.0,4.0,2024.0,2025-01-01,Positive,ABC Distributors,UK,21976.16,20.79,11188.72,TABLES,,,,,,,
O1793,2025-01-16,2025-01-24,CUST667,Giovanni Rossi,East,Hyderabad,Technology,Accessories,Accessories Model-A1,3.0,13289.84,0.0,39869.52,159187.52,NetBanking,First Class,No,Consumer,Anita,4.0,1.0,2025.0,2025-01-08,Positive,FurniMart,USA,13898.89,39.96,5645.02,ACCESSORIES,,,,,,,
O1794,2024-08-01,2024-08-06,CUST847,Maria Rodriguez,West,Bangalore,Office Supplies,Paper,Paper Model-P1,10.0,23354.34,0.15,198511.89,12173.81,Credit Card,Same Day,No,Corporate,Rohit,3.0,8.0,2024.0,2025-01-05,Neutral,Global Supplies,India,20072.21,6.13,38033.4,PAPER,,,,,,,
O1795,2024-01-09,2024-01-16,CUST845,Isabella Schmidt,South,Jaipur,Technology,Phones,Phones Model-880,10.0,36585.57,0.13,318394.45,170460.54,UPI,Standard,No,Home Office,Karan,5.0,1.0,2024.0,2025-01-07,Positive,TechCorp,UK,14793.39,53.53,35649.0,PHONES,,,,,,,
O1796,2024-12-14,2024-12-21,CUST858,David Chen,East,Kolkata,Office Supplies,Binders,Binders Model-B2,6.0,4293.43,0.06,24214.37,3208.6,NetBanking,Express,No,Consumer,Neha,4.0,12.0,2024.0,2025-01-07,Positive,OfficeHub,USA,3500.96,13.25,2962.61,BINDERS,,,,,,,
O1797,2024-09-08,2024-09-11,CUST608,Emily White,West,Pune,Office Supplies,Art,Art Model-R1,9.0,20684.18,0.0,186157.62,106567.8,Credit Card,Same Day,No,Corporate,Arjun,5.0,9.0,2024.0,2025-01-03,Positive,ABC Distributors,India,8843.31,57.25,23150.85,ART,,,,,,,
O1798,2024-02-14,2024-02-23,CUST830,Michael Brown,North,Delhi,Technology,Machines,Machines Model-500,8.0,46014.26,0.09,334184.22,179919.14,UPI,First Class,No,Home Office,Vikram,5.0,2.0,2024.0,2025-01-09,Positive,FurniMart,UK,19283.13,53.84,41199.11,MACHINES,,,,,,,
O1799,2025-01-29,2025-02-06,CUST619,John Smith,West,Bangalore,Furniture,Bookcases,Bookcases Model-961,3.0,41203.88,0.13,107475.44,59193.33,Credit Card,Standard,No,Consumer,Anita,5.0,1.0,2025.0,2025-01-08,Positive,Global Supplies,USA,16094.04,55.08,13706.84,BOOKCASES,,,,,,,
O1800,2024-07-28,2024-08-04,CUST989,Lars Anderson,South,Jaipur,Furniture,Tables,Tables Model-260,3.0,41285.83,0.04,118991.6,26084.77,NetBanking,Express,No,Home Office,Rohit,4.0,7.0,2024.0,2025-01-07,Positive,TechCorp,India,31057.28,21.92,19830.41,TABLES,,,,,,,
O1801,2024-11-20,2024-11-23,CUST793,Emily White,East,Hyderabad,Office Supplies,Paper,Paper Model-P1,6.0,27909.52,0.15,142338.55,70691.85,UPI,Same Day,No,Corporate,Karan,5.0,11.0,2024.0,2025-01-03,Positive,OfficeHub,UK,11941.11,49.66,17336.8,PAPER,,,,,,,
O1802,2024-04-09,2024-04-18,CUST355,Emily White,West,Pune,Furniture,Chairs,Chairs Model-550,2.0,47587.79,0.09,86500.78,41643.08,Credit Card,Standard,No,Consumer,Vikram,5.0,4.0,2024.0,2025-01-09,Positive,ABC Distributors,USA,22428.85,48.14,10382.26,CHAIRS,,,,,,,
O1803,2025-01-16,2025-01-18,CUST845,John Smith,North,Delhi,Technology,Accessories,Accessories Model-A2,10.0,23354.34,0.05,221866.23,11186.1,NetBanking,Same Day,No,Home Office,Anita,3.0,1.0,2025.0,2025-01-02,Neutral,FurniMart,India,21067.72,5.04,36083.51,ACCESSORIES,,,,,,,
O1804,2024-08-01,2024-08-08,CUST417,Michael Brown,West,Bangalore,Furniture,Bookcases,Bookcases Model-106,1.0,39120.91,0.0,39120.91,15291.56,UPI,First Class,No,Corporate,Rohit,4.0,8.0,2024.0,2025-01-07,Positive,Global Supplies,UK,23829.35,39.09,5670.02,BOOKCASES,,,,,,,
O1805,2024-01-09,2024-01-18,CUST793,Rajesh Gupta,South,Jaipur,Technology,Phones,Phones Model-880,10.0,25287.97,0.18,207351.35,102288.75,Credit Card,Same Day,No,Home Office,Karan,5.0,1.0,2024.0,2025-01-09,Positive,TechCorp,USA,10506.26,49.33,28447.46,PHONES,,,,,,,
O1806,2024-12-14,2024-12-23,CUST667,Michael Brown,East,Hyderabad,Office Supplies,Binders,Binders Model-B1,6.0,12854.21,0.05,73268.04,47671.39,NetBanking,Standard,No,Consumer,Neha,5.0,12.0,2024.0,2025-01-09,Positive,OfficeHub,India,7621.84,60.29,10156.4,BINDERS,,,,,,,
O1807,2024-09-08,2024-09-17,CUST847,Ahmed Khan,West,Pune,Office Supplies,Art,Art Model-R1,9.0,43258.91,0.17,323048.97,173262.82,UPI,Express,No,Corporate,Arjun,5.0,9.0,2024.0,2025-01-09,Positive,ABC Distributors,UK,17687.35,53.64,43825.9,ART,,,,,,,
O1808,2024-02-14,2024-02-23,CUST157,Jessica Lee,North,Delhi,Technology,Machines,Machines Model-500,4.0,19685.91,0.01,78065.11,32986.9,Credit Card,First Class,No,Home Office,Vikram,4.0,2.0,2024.0,2025-01-09,Positive,FurniMart,USA,11394.55,42.26,8305.35,MACHINES,,,,,,,
O1809,2025-01-29,2025-02-05,CUST858,Michael Brown,West,Bangalore,Furniture,Bookcases,Bookcases Model-961,8.0,27743.07,0.1,199749.9,109312.44,NetBanking,Same Day,No,Home Office,Anita,5.0,1.0,2025.0,2025-01-07,Positive,Global Supplies,India,11279.68,54.72,21271.69,BOOKCASES,,,,,,,
O1810,2024-07-28,2024-07-31,CUST671,Lars Anderson,South,Jaipur,Furniture,Tables,Tables Model-260,3.0,41203.88,0.18,101265.51,48489.15,UPI,First Class,No,Consumer,Rohit,5.0,7.0,2024.0,2025-01-03,Positive,TechCorp,UK,17592.12,47.88,14349.07,TABLES,,,,,,,
O1811,2024-11-20,2024-11-23,CUST608,Kenji Tanaka,East,Hyderabad,Office Supplies,Paper,Paper Model-P1,1.0,39281.42,0.19,31818.15,24220.74,Credit Card,Same Day,No,Corporate,Karan,4.0,11.0,2024.0,2025-01-03,Positive,OfficeHub,USA,7597.4,26.47,4001.07,PAPER,,,,,,,
O1812,2024-04-09,2024-04-12,CUST368,Jessica Lee,West,Pune,Furniture,Chairs,Chairs Model-550,5.0,44510.87,0.06,209719.09,102288.75,NetBanking,Standard,No,Home Office,Vikram,5.0,4.0,2024.0,2025-01-03,Positive,ABC Distributors,India,21516.07,48.77,26922.9,CHAIRS,,,,,,,
O1813,2025-01-16,2025-01-23,CUST900,Priya Sharma,North,Delhi,Technology,Accessories,Accessories Model-A1,3.0,27376.66,0.12,72395.21,35026.04,UPI,Express,No,Consumer,Anita,5.0,1.0,2025.0,2025-01-07,Positive,FurniMart,UK,17300.22,48.37,8852.1,ACCESSORIES,,,,,,,
O1814,2024-08-01,2024-08-09,CUST355,Lars Anderson,West,Bangalore,Furniture,Bookcases,Bookcases Model-106,3.0,13010.05,0.07,36162.44,16886.64,Credit Card,First Class,No,Corporate,Rohit,4.0,8.0,2024.0,2025-01-08,Positive,Global Supplies,USA,12423.86,46.7,4668.61,BOOKCASES,,,,,,,
O1815,2024-01-09,2024-01-16,CUST417,David Chen,South,Jaipur,Technology,Phones,Phones Model-880,10.0,29560.83,0.03,286740.05,142718.33,NetBanking,Same Day,No,Home Office,Karan,5.0,1.0,2024.0,2025-01-07,Positive,TechCorp,India,14402.17,49.77,36083.51,PHONES,,,,,,,
O1816,2024-12-14,2024-12-21,CUST608,Kenji Tanaka,East,Hyderabad,Office Supplies,Binders,Binders Model-B2,6.0,41203.88,0.16,207399.78,92661.85,UPI,Standard,No,Consumer,Neha,5.0,12.0,2024.0,2025-01-07,Positive,OfficeHub,UK,19122.99,44.68,26989.15,BINDERS,,,,,,,
O1817,2024-09-08,2024-09-17,CUST131,Fatima Al Marzooqi,West,Pune,Office Supplies,Art,Art Model-R1,9.0,49754.56,0.09,407489.85,219468.96,Credit Card,Express,No,Home Office,Arjun,5.0,9.0,2024.0,2025-01-09,Positive,ABC Distributors,USA,17779.43,53.85,49673.55,ART,,,,,,,
O1818,2024-02-14,2024-02-23,CUST667,Michael Brown,North,Delhi,Technology,Machines,Machines Model-500,8.0,12638.2,0.18,82386.53,48545.92,NetBanking,Same Day,No,Corporate,Vikram,5.0,2.0,2024.0,2025-01-09,Positive,FurniMart,India,4234.08,58.92,10488.75,MACHINES,,,,,,,
O1819,2025-01-29,2025-02-05,CUST793,Jessica Lee,West,Bangalore,Furniture,Bookcases,Bookcases Model-961,3.0,49230.7,0.15,125538.79,78913.91,UPI,Standard,No,Home Office,Anita,5.0,1.0,2025.0,2025-01-07,Positive,Global Supplies,UK,15545.92,62.86,17300.22,BOOKCASES,,,,,,,
O1820,2024-07-28,2024-08-01,CUST845,Lars Anderson,South,Jaipur,Furniture,Tables,Tables Model-260,10.0,38829.39,0.0,388293.9,138099.66,Credit Card,First Class,No,Consumer,Rohit,5.0,7.0,2024.0,2025-01-04,Positive,TechCorp,USA,25019.42,48.51,47596.26,TABLES,,,,,,,
O1821,2024-11-20,2024-11-26,CUST830,John Smith,East,Hyderabad,Office Supplies,Paper,Paper Model-P1,6.0,22003.74,0.04,126741.52,78130.82,NetBanking,Standard,No,Corporate,Karan,5.0,11.0,2024.0,2025-01-06,Positive,OfficeHub,India,8085.12,61.64,15234.05,PAPER,,,,,,,
O1822,2024-04-09,2024-04-14,CUST619,Priya Sharma,West,Pune,Furniture,Chairs,Chairs Model-550,1.0,41151.48,0.16,34567.24,66367.58,UPI,Express,No,Consumer,Vikram,4.0,4.0,2024.0,2025-01-05,Positive,ABC Distributors,UK,30444.66,23.3,4758.82,CHAIRS,,,,,,,
O1823,2025-01-16,2025-01-21,CUST483,Michael Brown,North,Delhi,Technology,Accessories,Accessories Model-A2,10.0,31238.25,0.06,293639.55,152911.83,Credit Card,Same Day,No,Home Office,Anita,5.0,1.0,2025.0,2025-01-05,Positive,FurniMart,USA,14072.77,52.09,42220.84,ACCESSORIES,,,,,,,
O1824,2024-08-01,2024-08-11,CUST608,Jessica Lee,West,Bangalore,Furniture,Bookcases,Bookcases Model-106,7.0,22071.05,0.18,126046.85,52427.2,NetBanking,First Class,No,Home Office,Rohit,4.0,8.0,2024.0,2025-01-10,Positive,Global Supplies,India,10516.34,41.58,16206.12,BOOKCASES,,,,,,,
O1825,2024-01-09,2024-01-17,CUST370,Maria Rodriguez,South,Jaipur,Technology,Phones,Phones Model-880,9.0,38115.65,0.01,339249.6,189476.35,UPI,Standard,No,Corporate,Karan,5.0,1.0,2024.0,2025-01-08,Positive,TechCorp,UK,16486.07,55.85,42375.2,PHONES,,,,,,,
O1826,2024-12-14,2024-12-24,CUST847,Kenji Tanaka,East,Hyderabad,Office Supplies,Binders,Binders Model-B1,6.0,30141.6,0.15,153722.16,74495.27,Credit Card,Express,No,Consumer,Neha,5.0,12.0,2024.0,2025-01-10,Positive,OfficeHub,USA,15152.48,48.46,21124.96,BINDERS,,,,,,,
O1827,2024-09-08,2024-09-11,CUST808,David Chen,West,Pune,Office Supplies,Art,Art Model-R1,10.0,48821.57,0.12,430932.61,24220.74,NetBanking,Same Day,No,Home Office,Arjun,3.0,9.0,2024.0,2025-01-03,Positive,ABC Distributors,India,35777.29,5.62,5645.02,ART,,,,,,,
O1828,2024-02-14,2024-02-21,CUST417,Emily White,North,Delhi,Technology,Machines,Machines Model-500,4.0,47587.79,0.06,178949.25,94982.5,UPI,First Class,No,Consumer,Vikram,5.0,2.0,2024.0,2025-01-07,Positive,FurniMart,UK,20976.69,53.07,24933.15,MACHINES,,,,,,,
O1829,2025-01-29,2025-02-01,CUST667,John Smith,West,Bangalore,Furniture,Bookcases,Bookcases Model-961,8.0,44275.64,0.05,336496.86,170576.46,Credit Card,Same Day,No,Corporate,Anita,5.0,1.0,2025.0,2025-01-03,Positive,Global Supplies,USA,19859.95,50.7,46597.16,BOOKCASES,,,,,,,
O1830,2024-07-28,2024-08-01,CUST681,Michael Brown,South,Jaipur,Furniture,Tables,Tables Model-260,1.0,23354.34,0.18,19150.56,-1215.54,NetBanking,Express,No,Consumer,Rohit,3.0,7.0,2024.0,2025-01-04,Neutral,TechCorp,India,20366.1,0.0,2441.2,TABLES,,,,,,,
O1831,2024-11-20,2024-11-25,CUST368,Maria Rodriguez,East,Hyderabad,Office Supplies,Paper,Paper Model-P1,6.0,41285.83,0.0,247714.98,118671.18,UPI,First Class,No,Home Office,Karan,5.0,11.0,2024.0,2025-01-05,Positive,OfficeHub,UK,19840.63,47.88,27757.25,PAPER,,,,,,,
O1832,2024-04-09,2024-04-10,CUST847,Kenji Tanaka,West,Pune,Furniture,Chairs,Chairs Model-550,1.0,38829.39,0.19,31451.81,142270.36,Credit Card,Same Day,No,Corporate,Vikram,5.0,4.0,2024.0,2025-01-01,Positive,ABC Distributors,USA,21789.28,49.23,4311.66,CHAIRS,,,,,,,
O1833,2025-01-16,2025-01-26,CUST157,Fatima Al Marzooqi,North,Delhi,Technology,Accessories,Accessories Model-A1,3.0,27725.13,0.03,80938.64,32247.37,NetBanking,Standard,No,Home Office,Anita,4.0,1.0,2025.0,2025-01-10,Positive,FurniMart,India,16239.5,40.65,9958.97,ACCESSORIES,,,,,,,
O1834,2024-08-01,2024-08-05,CUST667,David Chen,West,Bangalore,Furniture,Bookcases,Bookcases Model-106,6.0,12838.47,0.18,63048.97,36531.0,UPI,Express,No,Consumer,Rohit,5.0,8.0,2024.0,2025-01-04,Positive,Global Supplies,UK,11186.1,42.54,7953.76,BOOKCASES,,,,,,,
O1835,2024-01-09,2024-01-12,CUST830,Emily White,South,Jaipur,Technology,Phones,Phones Model-880,1.0,38006.1,0.0,38006.1,17808.97,Credit Card,Same Day,No,Corporate,Karan,4.0,1.0,2024.0,2025-01-03,Positive,TechCorp,USA,20197.13,46.83,4311.66,PHONES,,,,,,,
O1836,2024-12-14,2024-12-19,CUST845,John Smith,East,Hyderabad,Office Supplies,Binders,Binders Model-B2,6.0,49754.56,0.17,247779.67,118671.18,NetBanking,First Class,No,Home Office,Neha,5.0,12.0,2024.0,2025-01-05,Positive,OfficeHub,India,21516.07,47.89,35026.04,BINDERS,,,,,,,
O1837,2024-09-08,2024-09-17,CUST417,Maria Rodriguez,West,Pune,Office Supplies,Art,Art Model-R1,9.0,29560.83,0.15,225725.77,106567.8,UPI,Same Day,No,Consumer,Arjun,5.0,9.0,2024.0,2025-01-09,Positive,ABC Distributors,UK,13239.77,47.21,29194.58,ART,,,,,,,
O1838,2024-02-14,2024-02-19,CUST793,Kenji Tanaka,North,Delhi,Technology,Machines,Machines Model-500,4.0,36585.57,0.0,146342.28,60443.43,Credit Card,Express,No,Home Office,Vikram,5.0,2.0,2024.0,2025-01-05,Positive,FurniMart,USA,21474.71,41.29,18529.28,MACHINES,,,,,,,
O1839,2025-01-29,2025-02-07,CUST355,Fatima Al Marzooqi,West,Bangalore,Furniture,Bookcases,Bookcases Model-961,8.0,23354.34,0.17,154823.51,66432.06,NetBanking,Standard,No,Corporate,Anita,5.0,1.0,2025.0,2025-01-09,Positive,Global Supplies,India,11051.43,42.91,18944.42,BOOKCASES,,,,,,,
O1840,2024-07-28,2024-08-07,CUST411,David Chen,South,Jaipur,Furniture,Tables,Tables Model-260,7.0,47124.63,0.18,269661.16,157948.77,UPI,Same Day,No,Corporate,Rohit,5.0,7.0,2024.0,2025-01-10,Positive,TechCorp,UK,15958.91,58.57,39999.23,TABLES,,,,,,,
O1841,2024-11-20,2024-11-27,CUST847,Emily White,East,Hyderabad,Office Supplies,Paper,Paper Model-P1,6.0,44607.72,0.02,262646.61,126938.83,Credit Card,First Class,No,Consumer,Karan,5.0,11.0,2024.0,2025-01-07,Positive,OfficeHub,USA,20943.46,48.33,26922.9,PAPER,,,,,,,
O1842,2024-04-09,2024-04-12,CUST157,John Smith,West,Pune,Furniture,Chairs,Chairs Model-550,5.0,35878.07,0.18,146309.11,70542.49,UPI,Same Day,No,Home Office,Vikram,5.0,4.0,2024.0,2025-01-03,Positive,ABC Distributors,India,15152.48,48.21,19859.95,CHAIRS,,,,,,,
O1843,2025-01-16,2025-01-26,CUST483,Priya Sharma,North,Delhi,Technology,Accessories,Accessories Model-A2,10.0,48030.12,0.15,408256.02,26084.77,NetBanking,Express,No,Consumer,Anita,4.0,1.0,2025.0,2025-01-10,Positive,FurniMart,UK,38217.12,6.39,49480.86,ACCESSORIES,,,,,,,
O1844,2024-08-01,2024-08-04,CUST368,Michael Brown,West,Bangalore,Furniture,Bookcases,Bookcases Model-106,1.0,41285.83,0.14,35505.81,15967.87,Credit Card,Standard,No,Corporate,Rohit,4.0,8.0,2024.0,2025-01-03,Positive,Global Supplies,USA,19537.94,44.97,4668.61,BOOKCASES,,,,,,,
O1845,2024-01-09,2024-01-19,CUST131,Jessica Lee,South,Jaipur,Technology,Phones,Phones Model-880,10.0,31295.53,0.06,294177.98,157948.77,UPI,First Class,No,Home Office,Karan,5.0,1.0,2024.0,2025-01-10,Positive,TechCorp,India,13622.92,53.69,35026.04,PHONES,,,,,,,
O1846,2024-12-14,2024-12-21,CUST671,Lars Anderson,East,Hyderabad,Office Supplies,Binders,Binders Model-B1,6.0,41151.48,0.05,234552.24,120536.03,NetBanking,Same Day,No,Corporate,Neha,5.0,12.0,2024.0,2025-01-07,Positive,OfficeHub,UK,19002.73,51.39,28442.23,BINDERS,,,,,,,
O1847,2024-09-08,2024-09-11,CUST608,Maria Rodriguez,West,Pune,Office Supplies,Art,Art Model-R1,10.0,47124.63,0.13,410189.2,-208.28,Credit Card,Express,Yes,Home Office,Arjun,3.0,9.0,2024.0,2025-01-03,Negative,ABC Distributors,USA,41439.73,-0.05,48367.1,ART,,,,,,,
O1848,2024-02-14,2024-02-15,CUST793,Kenji Tanaka,North,Delhi,Technology,Machines,Machines Model-500,4.0,22810.02,0.14,78484.07,48489.15,UPI,Same Day,No,Consumer,Vikram,5.0,2.0,2024.0,2025-01-01,Positive,FurniMart,India,7498.73,61.78,9298.5,MACHINES,,,,,,,
O1849,2025-01-29,2025-02-08,CUST845,Fatima Al Marzooqi,West,Bangalore,Furniture,Bookcases,Bookcases Model-961,5.0,44510.87,0.16,186945.65,70691.85,Credit Card,First Class,No,Home Office,Anita,4.0,1.0,2025.0,2025-01-10,Positive,Global Supplies,UK,23249.03,37.81,27376.66,BOOKCASES,,,,,,,
O1850,2024-07-28,2024-07-31,CUST858,David Chen,South,Jaipur,Furniture,Tables,Tables Model-260,1.0,36585.57,0.0,36585.57,47671.39,NetBanking,Standard,No,Consumer,Rohit,5.0,7.0,2024.0,2025-01-03,Positive,TechCorp,USA,23354.34,35.05,4237.52,TABLES,,,,,,,
O1851,2024-11-20,2024-11-22,CUST830,Emily White,East,Hyderabad,Office Supplies,Paper,Paper Model-P1,6.0,47124.63,0.17,234381.18,94982.5,UPI,Express,No,Home Office,Karan,4.0,11.0,2024.0,2025-01-02,Positive,OfficeHub,India,23902.95,40.52,28447.46,PAPER,,,,,,,
O1852,2024-04-09,2024-04-18,CUST619,John Smith,West,Pune,Furniture,Chairs,Chairs Model-550,1.0,27537.4,0.12,24232.91,60443.43,Credit Card,Same Day,No,Consumer,Vikram,4.0,4.0,2024.0,2025-01-09,Positive,ABC Distributors,UK,21124.96,25.35,3129.23,CHAIRS,,,,,,,
O1853,2025-01-16,2025-01-22,CUST989,Priya Sharma,North,Delhi,Technology,Accessories,Accessories Model-A2,4.0,47714.28,0.1,171771.41,94901.81,NetBanking,First Class,No,Home Office,Anita,5.0,1.0,2025.0,2025-01-06,Positive,FurniMart,USA,19242.33,55.25,23675.05,ACCESSORIES,,,,,,,
O1854,2024-08-01,2024-08-03,CUST370,Michael Brown,West,Bangalore,Furniture,Bookcases,Bookcases Model-106,6.0,47596.26,0.06,269894.49,152911.83,UPI,Same Day,No,Corporate,Rohit,5.0,8.0,2024.0,2025-01-02,Positive,Global Supplies,India,19537.94,56.66,35649.0,BOOKCASES,,,,,,,
O1855,2024-01-09,2024-01-16,CUST157,Jessica Lee,South,Jaipur,Technology,Phones,Phones Model-880,1.0,41151.48,0.0,41151.48,24203.4,Credit Card,Express,No,Home Office,Karan,4.0,1.0,2024.0,2025-01-07,Positive,TechCorp,UK,16948.08,48.51,5221.75,PHONES,,,,,,,
O1856,2024-12-14,2024-12-21,CUST667,Lars Anderson,East,Hyderabad,Office Supplies,Binders,Binders Model-B1,6.0,27909.52,0.17,139031.57,6390.79,NetBanking,Standard,No,Consumer,Neha,3.0,12.0,2024.0,2025-01-07,Neutral,OfficeHub,USA,22500.5,4.6,20808.82,BINDERS,,,,,,,
O1857,2024-09-08,2024-09-13,CUST847,Maria Rodriguez,West,Pune,Office Supplies,Art,Art Model-R1,9.0,44510.87,0.04,383794.75,219468.96,UPI,First Class,No,Corporate,Arjun,5.0,9.0,2024.0,2025-01-05,Positive,ABC Distributors,India,18258.42,57.19,43825.9,ART,,,,,,,
O1858,2024-02-14,2024-02-18,CUST808,Kenji Tanaka,North,Delhi,Technology,Machines,Machines Model-500,4.0,38829.39,0.0,155317.56,78443.91,Credit Card,Same Day,No,Home Office,Vikram,5.0,2.0,2024.0,2025-01-04,Positive,FurniMart,UK,19218.47,50.5,21160.83,MACHINES,,,,,,,
O1859,2025-01-29,2025-02-05,CUST483,Fatima Al Marzooqi,West,Bangalore,Furniture,Bookcases,Bookcases Model-961,1.0,20015.75,0.03,19415.28,74495.27,NetBanking,Express,No,Consumer,Anita,5.0,1.0,2025.0,2025-01-07,Positive,Global Supplies,USA,12502.5,41.97,2441.2,BOOKCASES,,,,,,,
O1860,2024-07-28,2024-08-01,CUST793,David Chen,South,Jaipur,Furniture,Tables,Tables Model-260,7.0,47714.28,0.13,290076.68,142270.36,UPI,Same Day,No,Home Office,Rohit,5.0,7.0,2024.0,2025-01-04,Positive,TechCorp,India,19970.05,48.97,42375.2,TABLES,,,,,,,
O1861,2024-11-20,2024-11-23,CUST845,Emily White,East,Hyderabad,Office Supplies,Paper,Paper Model-P1,6.0,49754.56,0.13,260717.15,135255.45,Credit Card,First Class,No,Consumer,Karan,5.0,11.0,2024.0,2025-01-03,Positive,OfficeHub,UK,19242.33,51.88,31292.3,PAPER,,,,,,,
O1862,2024-04-09,2024-04-16,CUST830,John Smith,West,Pune,Furniture,Chairs,Chairs Model-550,1.0,41285.83,0.06,38795.34,16886.64,NetBanking,Standard,No,Home Office,Vikram,4.0,4.0,2024.0,2025-01-07,Positive,ABC Distributors,USA,21908.7,43.52,5221.75,CHAIRS,,,,,,,
O1863,2025-01-16,2025-01-24,CUST619,Priya Sharma,North,Delhi,Technology,Accessories,Accessories Model-A2,4.0,47596.26,0.13,165727.65,74495.27,UPI,Express,No,Corporate,Anita,5.0,1.0,2025.0,2025-01-08,Positive,FurniMart,India,22818.15,44.95,23354.21,ACCESSORIES,,,,,,,
O1864,2024-08-01,2024-08-04,CUST608,Michael Brown,West,Bangalore,Furniture,Bookcases,Bookcases Model-106,7.0,47714.28,0.0,334000.0,173262.82,Credit Card,Same Day,No,Home Office,Rohit,5.0,8.0,2024.0,2025-01-03,Positive,Global Supplies,UK,23087.5,51.87,40251.38,BOOKCASES,,,,,,,
O1865,2024-01-09,2024-01-14,CUST667,Jessica Lee,South,Jaipur,Technology,Phones,Phones Model-880,1.0,48560.84,0.02,47589.62,26084.77,NetBanking,Standard,No,Consumer,Karan,4.0,1.0,2024.0,2025-01-05,Positive,TechCorp,USA,21504.85,54.7,6108.99,PHONES,,,,,,,
O1866,2024-12-14,2024-12-15,CUST830,Lars Anderson,East,Hyderabad,Office Supplies,Binders,Binders Model-B2,6.0,27537.4,0.0,165224.4,94901.81,UPI,First Class,No,Corporate,Neha,5.0,12.0,2024.0,2025-01-01,Positive,OfficeHub,India,11720.43,57.44,19859.95,BINDERS,,,,,,,
O1867,2024-09-08,2024-09-17,CUST368,Maria Rodriguez,West,Pune,Office Supplies,Art,Art Model-R1,9.0,41203.88,0.18,303534.62,157948.77,Credit Card,Express,No,Home Office,Arjun,5.0,9.0,2024.0,2025-01-09,Positive,ABC Distributors,UK,16176.21,52.04,36450.93,ART,,,,,,,
O1868,2024-02-14,2024-02-23,CUST847,Kenji Tanaka,North,Delhi,Technology,Machines,Machines Model-500,4.0,27725.13,0.11,98748.16,47671.39,NetBanking,Same Day,No,Consumer,Vikram,5.0,2.0,2024.0,2025-01-09,Positive,FurniMart,USA,12769.7,48.28,12733.91,MACHINES,,,,,,,
O1869,2025-01-29,2025-02-05,CUST411,Fatima Al Marzooqi,West,Bangalore,Furniture,Bookcases,Bookcases Model-961,8.0,49754.56,0.1,358232.83,189476.35,UPI,First Class,No,Home Office,Anita,5.0,1.0,2025.0,2025-01-07,Positive,Global Supplies,India,21094.56,52.89,45124.2,BOOKCASES,,,,,,,
O1870,2024-07-28,2024-08-06,CUST355,David Chen,South,Jaipur,Furniture,Tables,Tables Model-260,10.0,31765.48,0.06,298595.53,152911.83,Credit Card,Standard,No,Corporate,Rohit,5.0,7.0,2024.0,2025-01-09,Positive,TechCorp,UK,14568.37,51.13,44510.87,TABLES,,,,,,,
O1871,2024-11-20,2024-11-26,CUST483,Emily White,East,Hyderabad,Office Supplies,Paper,Paper Model-P1,6.0,41203.88,0.11,220456.44,11186.1,NetBanking,Express,No,Consumer,Karan,3.0,11.0,2024.0,2025-01-06,Neutral,OfficeHub,USA,34503.4,-1.02,23507.28,PAPER,,,,,,,
O1872,2024-04-09,2024-04-13,CUST793,John Smith,West,Pune,Furniture,Chairs,Chairs Model-550,6.0,27725.13,0.0,166350.78,92661.85,UPI,Same Day,No,Home Office,Vikram,5.0,4.0,2024.0,2025-01-04,Positive,ABC Distributors,India,12281.49,55.7,21124.96,CHAIRS,,,,,,,
O1873,2025-01-16,2025-01-26,CUST131,Priya Sharma,North,Delhi,Technology,Accessories,Accessories Model-A1,3.0,26815.17,0.11,71510.08,41643.08,Credit Card,First Class,No,Corporate,Anita,5.0,1.0,2025.0,2025-01-10,Positive,FurniMart,UK,10148.97,58.23,10183.19,ACCESSORIES,,,,,,,
O1874,2024-08-01,2024-08-08,CUST989,Michael Brown,West,Bangalore,Furniture,Bookcases,Bookcases Model-106,1.0,41126.91,0.02,40304.37,24203.4,NetBanking,Standard,No,Home Office,Rohit,4.0,8.0,2024.0,2025-01-07,Positive,Global Supplies,USA,16100.97,40.06,5221.75,BOOKCASES,,,,,,,
O1875,2024-01-09,2024-01-12,CUST671,Jessica Lee,South,Jaipur,Technology,Phones,Phones Model-880,1.0,38829.39,0.17,32228.3,16886.64,UPI,Express,No,Consumer,Karan,4.0,1.0,2024.0,2025-01-03,Positive,TechCorp,India,15341.66,48.06,4237.52,PHONES,,,,,,,
O1876,2024-12-14,2024-12-21,CUST681,Lars Anderson,East,Hyderabad,Office Supplies,Binders,Binders Model-B2,6.0,44275.64,0.18,217826.96,117621.5,Credit Card,Same Day,No,Consumer,Neha,5.0,12.0,2024.0,2025-01-07,Positive,OfficeHub,UK,16700.91,54.0,30543.4,BINDERS,,,,,,,
O1877,2024-09-08,2024-09-17,CUST847,Maria Rodriguez,West,Pune,Office Supplies,Art,Art Model-R1,9.0,20015.75,0.0,180141.75,90589.65,NetBanking,First Class,No,Home Office,Arjun,5.0,9.0,2024.0,2025-01-09,Positive,ABC Distributors,USA,9959.82,50.29,23354.21,ART,,,,,,,
O1878,2024-02-14,2024-02-23,CUST808,Kenji Tanaka,North,Delhi,Technology,Machines,Machines Model-500,4.0,35878.07,0.1,129161.05,59193.33,UPI,Standard,No,Corporate,Vikram,5.0,2.0,2024.0,2025-01-09,Positive,FurniMart,India,17492.03,45.83,16206.12,MACHINES,,,,,,,
O1879,2025-01-29,2025-02-01,CUST483,Fatima Al Marzooqi,West,Bangalore,Furniture,Bookcases,Bookcases Model-961,8.0,44275.64,0.06,333678.05,178970.21,Credit Card,Same Day,No,Consumer,Anita,5.0,1.0,2025.0,2025-01-03,Positive,Global Supplies,UK,19830.41,53.62,44510.87,BOOKCASES,,,,,,,
O1880,2024-07-28,2024-08-01,CUST845,David Chen,South,Jaipur,Furniture,Tables,Tables Model-260,1.0,22071.05,0.02,21629.63,-752.61,NetBanking,Express,No,Home Office,Rohit,3.0,7.0,2024.0,2025-01-04,Neutral,TechCorp,USA,22382.24,-3.48,2723.1,TABLES,,,,,,,
O1881,2024-11-20,2024-11-24,CUST619,Emily White,East,Hyderabad,Office Supplies,Paper,Paper Model-P1,6.0,38829.39,0.03,225725.77,101565.41,UPI,First Class,No,Corporate,Karan,5.0,11.0,2024.0,2025-01-04,Positive,OfficeHub,India,19002.73,45.08,28447.46,PAPER,,,,,,,
O1882,2024-04-09,2024-04-18,CUST368,John Smith,West,Pune,Furniture,Chairs,Chairs Model-550,7.0,47714.28,0.06,314518.0,170460.54,Credit Card,Same Day,No,Home Office,Vikram,5.0,4.0,2024.0,2025-01-09,Positive,ABC Distributors,UK,18008.21,54.19,38033.4,CHAIRS,,,,,,,
O1883,2025-01-16,2025-01-17,CUST417,Priya Sharma,North,Delhi,Technology,Accessories,Accessories Model-A2,10.0,38829.39,0.1,349464.51,184334.33,NetBanking,Standard,No,Consumer,Anita,5.0,1.0,2025.0,2025-01-01,Positive,FurniMart,USA,16513.02,52.75,47587.79,ACCESSORIES,,,,,,,
O1884,2024-08-01,2024-08-09,CUST847,Michael Brown,West,Bangalore,Furniture,Bookcases,Bookcases Model-106,6.0,12638.2,0.0,75829.2,3208.6,UPI,Express,No,Corporate,Rohit,3.0,8.0,2024.0,2025-01-08,Neutral,Global Supplies,India,12239.38,4.23,9020.14,BOOKCASES,,,,,,,
O1885,2024-01-09,2024-01-12,CUST858,Jessica Lee,South,Jaipur,Technology,Phones,Phones Model-880,10.0,42289.87,0.1,380608.83,184334.33,Credit Card,First Class,No,Corporate,Karan,5.0,1.0,2024.0,2025-01-03,Positive,TechCorp,UK,19627.4,54.91,44607.72,PHONES,,,,,,,
O1886,2024-12-14,2024-12-21,CUST667,Priya Sharma,East,Hyderabad,Office Supplies,Binders,Binders Model-B1,6.0,36884.28,0.1,199175.09,102288.75,NetBanking,Same Day,No,Home Office,Neha,5.0,12.0,2024.0,2025-01-07,Positive,OfficeHub,USA,16114.39,51.35,27376.66,BINDERS,,,,,,,
O1887,2024-09-08,2024-09-10,CUST830,Chloé Dubois,West,Pune,Office Supplies,Art,Art Model-R1,9.0,48030.12,0.0,432271.08,221199.19,UPI,Express,No,Consumer,Arjun,5.0,9.0,2024.0,2025-01-02,Positive,ABC Distributors,India,18059.32,51.17,50450.74,ART,,,,,,,
O1888,2024-02-14,2024-02-24,CUST157,Priya Sharma,North,Delhi,Technology,Machines,Machines Model-500,4.0,47124.63,0.1,169648.67,88764.1,Credit Card,First Class,No,Home Office,Vikram,5.0,2.0,2024.0,2025-01-10,Positive,FurniMart,UK,20221.14,52.32,21725.9,MACHINES,,,,,,,
O1889,2025-01-29,2025-02-06,CUST847,Kenji Tanaka,West,Bangalore,Furniture,Bookcases,Bookcases Model-961,1.0,23354.34,0.05,22186.62,117621.5,NetBanking,Same Day,No,Consumer,Anita,5.0,1.0,2025.0,2025-01-08,Positive,Global Supplies,USA,10487.64,47.38,2723.1,BOOKCASES,,,,,,,
O1890,2024-07-28,2024-08-05,CUST793,Yuki Sato,South,Jaipur,Furniture,Tables,Tables Model-260,3.0,27725.13,0.0,83175.39,41951.11,UPI,Express,No,Corporate,Rohit,5.0,7.0,2024.0,2025-01-08,Positive,TechCorp,India,13748.45,50.44,11571.22,TABLES,,,,,,,
O1891,2024-11-20,2024-11-26,CUST847,David Chen,East,Hyderabad,Office Supplies,Paper,Paper Model-P1,6.0,27743.07,0.13,144449.61,70542.49,Credit Card,Standard,No,Home Office,Karan,5.0,11.0,2024.0,2025-01-06,Positive,OfficeHub,UK,12322.02,48.83,18944.42,PAPER,,,,,,,
O1892,2024-04-09,2024-04-18,CUST858,Emily White,West,Pune,Furniture,Chairs,Chairs Model-550,2.0,27743.07,0.06,52156.97,26084.77,NetBanking,First Class,No,Corporate,Vikram,4.0,4.0,2024.0,2025-01-09,Positive,ABC Distributors,USA,13026.73,49.98,6783.33,CHAIRS,,,,,,,
O1893,2025-01-16,2025-01-24,CUST671,John Smith,North,Delhi,Technology,Accessories,Accessories Model-A2,10.0,29560.83,0.11,263091.39,138079.86,UPI,Same Day,No,Consumer,Anita,5.0,1.0,2025.0,2025-01-08,Positive,FurniMart,India,12502.5,52.49,32766.45,ACCESSORIES,,,,,,,
O1894,2024-08-01,2024-08-03,CUST608,Maria Rodriguez,West,Bangalore,Furniture,Bookcases,Bookcases Model-106,1.0,41203.88,0.14,35435.33,17808.97,Credit Card,First Class,No,Home Office,Rohit,4.0,8.0,2024.0,2025-01-02,Positive,Global Supplies,UK,17626.36,49.77,4460.77,BOOKCASES,,,,,,,
O1895,2024-01-09,2024-01-14,CUST368,Kenji Tanaka,South,Jaipur,Technology,Phones,Phones Model-880,1.0,23354.34,0.18,19150.56,6390.79,NetBanking,Standard,No,Home Office,Karan,4.0,1.0,2024.0,2025-01-05,Positive,TechCorp,USA,12759.7,33.37,2441.2,PHONES,,,,,,,
O1896,2024-12-14,2024-12-19,CUST845,Fatima Al Marzooqi,East,Hyderabad,Office Supplies,Binders,Binders Model-B1,6.0,27725.13,0.0,166350.78,90589.65,UPI,Express,No,Consumer,Neha,5.0,12.0,2024.0,2025-01-05,Positive,OfficeHub,India,12623.18,54.46,23354.21,BINDERS,,,,,,,
O1897,2024-09-08,2024-09-17,CUST830,David Chen,West,Pune,Office Supplies,Art,Art Model-R1,10.0,38829.39,0.17,322283.0,152911.83,Credit Card,Same Day,No,Corporate,Arjun,5.0,9.0,2024.0,2025-01-09,Positive,ABC Distributors,UK,16937.11,54.77,40251.38,ART,,,,,,,
O1898,2024-02-14,2024-02-24,CUST411,Emily White,North,Delhi,Technology,Machines,Machines Model-500,4.0,44275.64,0.17,146749.03,59193.33,NetBanking,First Class,No,Home Office,Vikram,5.0,2.0,2024.0,2025-01-10,Positive,FurniMart,USA,21882.15,40.33,18529.28,MACHINES,,,,,,,
O1899,2025-01-29,2025-02-05,CUST483,John Smith,West,Bangalore,Furniture,Bookcases,Bookcases Model-961,8.0,27725.13,0.1,199620.94,111867.75,UPI,Same Day,No,Consumer,Anita,5.0,1.0,2025.0,2025-01-07,Positive,Global Supplies,India,11046.65,56.04,26002.39,BOOKCASES,,,,,,,
O1900,2024-07-28,2024-08-01,CUST417,Maria Rodriguez,South,Jaipur,Furniture,Tables,Tables Model-260,3.0,47587.79,0.06,134375.83,43407.99,Credit Card,First Class,No,Home Office,Rohit,4.0,7.0,2024.0,2025-01-04,Positive,TechCorp,UK,30322.82,32.3,17808.97,TABLES,,,,,,,
O1901,2024-11-20,2024-11-29,CUST808,Kenji Tanaka,East,Hyderabad,Office Supplies,Paper,Paper Model-P1,6.0,27537.4,0.07,153676.71,78913.91,NetBanking,Standard,No,Corporate,Karan,5.0,11.0,2024.0,2025-01-09,Positive,OfficeHub,USA,12458.74,51.35,17808.97,PAPER,,,,,,,
O1902,2024-04-09,2024-04-18,CUST845,Fatima Al Marzooqi,West,Pune,Furniture,Chairs,Chairs Model-550,6.0,44275.64,0.06,250449.11,138099.66,UPI,Express,No,Home Office,Vikram,5.0,4.0,2024.0,2025-01-09,Positive,ABC Distributors,India,15725.32,55.14,35026.04,CHAIRS,,,,,,,
O1903,2025-01-16,2025-01-26,CUST370,David Chen,North,Delhi,Technology,Accessories,Accessories Model-A2,10.0,41203.88,0.03,399677.64,26084.77,Credit Card,Same Day,No,Consumer,Anita,4.0,1.0,2025.0,2025-01-10,Positive,FurniMart,UK,37359.29,6.53,49480.86,ACCESSORIES,,,,,,,
O1904,2024-08-01,2024-08-07,CUST847,Emily White,West,Bangalore,Furniture,Bookcases,Bookcases Model-106,7.0,47587.79,0.18,272847.41,126830.64,UPI,First Class,No,Home Office,Rohit,5.0,8.0,2024.0,2025-01-06,Positive,Global Supplies,USA,20721.25,46.48,35649.0,BOOKCASES,,,,,,,
O1905,2024-01-09,2024-01-17,CUST157,John Smith,South,Jaipur,Technology,Phones,Phones Model-880,8.0,4293.43,0.04,32938.83,159187.52,Credit Card,Same Day,No,Corporate,Karan,5.0,1.0,2024.0,2025-01-08,Positive,TechCorp,India,17015.23,48.33,4237.52,PHONES,,,,,,,
O1906,2024-12-14,2024-12-21,CUST483,Priya Sharma,East,Hyderabad,Office Supplies,Binders,Binders Model-B2,6.0,38006.1,0.05,216634.77,106567.8,NetBanking,Standard,No,Consumer,Neha,5.0,12.0,2024.0,2025-01-07,Positive,OfficeHub,UK,18344.45,49.19,27757.25,BINDERS,,,,,,,
O1907,2024-09-08,2024-09-17,CUST355,Michael Brown,West,Pune,Office Supplies,Art,Art Model-R1,10.0,48821.57,0.16,410101.19,179919.14,UPI,Express,No,Corporate,Arjun,5.0,9.0,2024.0,2025-01-09,Positive,ABC Distributors,USA,23018.2,52.32,47587.79,ART,,,,,,,
O1908,2024-02-14,2024-02-17,CUST858,Jessica Lee,North,Delhi,Technology,Machines,Machines Model-500,7.0,23354.34,0.17,135540.34,66432.06,Credit Card,Same Day,No,Consumer,Vikram,5.0,2.0,2024.0,2025-01-03,Positive,FurniMart,India,9874.82,49.01,16206.12,MACHINES,,,,,,,
O1909,2025-01-29,2025-02-04,CUST671,Lars Anderson,West,Bangalore,Furniture,Bookcases,Bookcases Model-961,8.0,47714.28,0.0,381714.24,172972.18,NetBanking,First Class,No,Home Office,Anita,5.0,1.0,2025.0,2025-01-06,Positive,Global Supplies,UK,26107.75,45.32,49162.77,BOOKCASES,,,,,,,
O1910,2024-07-28,2024-08-01,CUST667,Maria Rodriguez,South,Jaipur,Furniture,Tables,Tables Model-260,10.0,44275.64,0.05,420618.58,26084.77,UPI,Same Day,No,Consumer,Rohit,4.0,7.0,2024.0,2025-01-04,Positive,TechCorp,USA,39457.73,6.2,52217.47,TABLES,,,,,,,
O1911,2024-11-20,2024-11-24,CUST845,Kenji Tanaka,East,Hyderabad,Office Supplies,Paper,Paper Model-P1,6.0,35878.07,0.16,180410.74,92661.85,Credit Card,Express,No,Home Office,Karan,5.0,11.0,2024.0,2025-01-04,Positive,OfficeHub,India,14634.23,51.36,25134.18,PAPER,,,,,,,
O1912,2024-04-09,2024-04-10,CUST417,Fatima Al Marzooqi,West,Pune,Furniture,Chairs,Chairs Model-550,1.0,38006.1,0.06,35725.73,15967.87,NetBanking,Standard,No,Consumer,Vikram,4.0,4.0,2024.0,2025-01-01,Positive,ABC Distributors,UK,19757.86,44.29,4372.95,CHAIRS,,,,,,,
O1913,2025-01-16,2025-01-22,CUST368,David Chen,North,Delhi,Technology,Accessories,Accessories Model-A1,3.0,25287.97,0.06,71317.06,32986.9,UPI,First Class,No,Home Office,Anita,5.0,1.0,2025.0,2025-01-06,Positive,FurniMart,USA,12733.91,46.25,9298.5,ACCESSORIES,,,,,,,
O1914,2024-08-01,2024-08-05,CUST793,Emily White,West,Bangalore,Furniture,Bookcases,Bookcases Model-106,1.0,27743.07,0.05,26355.92,102288.75,Credit Card,Same Day,No,Corporate,Rohit,5.0,8.0,2024.0,2025-01-04,Positive,Global Supplies,India,16158.13,44.13,3129.23,BOOKCASES,,,,,,,
O1915,2024-01-09,2024-01-12,CUST483,John Smith,South,Jaipur,Technology,Phones,Phones Model-880,9.0,39120.91,0.06,331168.64,173262.82,NetBanking,Standard,No,Home Office,Karan,5.0,1.0,2024.0,2025-01-03,Positive,TechCorp,UK,17540.69,52.32,39999.23,PHONES,,,,,,,
O1916,2024-12-14,2024-12-17,CUST411,Priya Sharma,East,Hyderabad,Office Supplies,Binders,Binders Model-B1,6.0,47124.63,0.18,231871.95,120536.03,UPI,Express,No,Home Office,Neha,5.0,12.0,2024.0,2025-01-03,Positive,OfficeHub,USA,18555.95,52.01,30543.4,BINDERS,,,,,,,
O1917,2024-09-08,2024-09-17,CUST348,Michael Brown,West,Pune,Office Supplies,Art,Art Model-R1,9.0,20684.18,0.13,162235.61,78443.91,Credit Card,First Class,No,Consumer,Arjun,5.0,9.0,2024.0,2025-01-09,Positive,ABC Distributors,India,9310.19,48.35,20808.82,ART,,,,,,,
O1918,2024-02-14,2024-02-23,CUST681,Jessica Lee,North,Delhi,Technology,Machines,Machines Model-500,4.0,42289.87,0.12,148753.8,70542.49,NetBanking,Same Day,No,Home Office,Vikram,5.0,2.0,2024.0,2025-01-09,Positive,FurniMart,UK,19552.89,47.42,17808.97,MACHINES,,,,,,,
O1919,2025-01-29,2025-02-04,CUST847,Lars Anderson,West,Bangalore,Furniture,Bookcases,Bookcases Model-961,3.0,27743.07,0.0,83229.21,43407.99,UPI,Standard,No,Corporate,Anita,5.0,1.0,2025.0,2025-01-06,Positive,Global Supplies,USA,13350.24,52.15,10156.4,BOOKCASES,,,,,,,
O1920,2024-07-28,2024-08-02,CUST858,Maria Rodriguez,South,Jaipur,Furniture,Tables,Tables Model-260,10.0,30141.6,0.15,256203.6,126830.64,Credit Card,First Class,No,Home Office,Rohit,5.0,7.0,2024.0,2025-01-05,Positive,TechCorp,India,12937.29,49.49,38033.4,TABLES,,,,,,,
O1921,2024-11-20,2024-11-21,CUST667,Kenji Tanaka,East,Hyderabad,Office Supplies,Paper,Paper Model-P1,6.0,35878.07,0.06,202868.1,109312.44,NetBanking,Same Day,No,Consumer,Karan,5.0,11.0,2024.0,2025-01-01,Positive,OfficeHub,UK,15550.9,53.88,23675.05,PAPER,,,,,,,
O1922,2024-04-09,2024-04-14,CUST830,Fatima Al Marzooqi,West,Pune,Furniture,Chairs,Chairs Model-550,1.0,39120.91,0.0,39120.91,15967.87,UPI,Express,No,Consumer,Vikram,4.0,4.0,2024.0,2025-01-05,Positive,ABC Distributors,USA,23153.04,40.81,4372.95,CHAIRS,,,,,,,
O1923,2025-01-16,2025-01-19,CUST845,David Chen,North,Delhi,Technology,Accessories,Accessories Model-A2,4.0,46014.26,0.05,174854.79,90589.65,Credit Card,First Class,No,Home Office,Anita,5.0,1.0,2025.0,2025-01-03,Positive,FurniMart,India,20059.28,51.81,22055.62,ACCESSORIES,,,,,,,
O1924,2024-08-01,2024-08-04,CUST793,Emily White,West,Bangalore,Furniture,Bookcases,Bookcases Model-106,1.0,20015.75,0.0,20015.75,66432.06,NetBanking,Same Day,No,Corporate,Rohit,4.0,8.0,2024.0,2025-01-03,Positive,Global Supplies,UK,13898.89,45.42,2637.38,BOOKCASES,,,,,,,
O1925,2024-01-09,2024-01-13,CUST348,John Smith,South,Jaipur,Technology,Phones,Phones Model-880,9.0,20684.18,0.14,159739.04,78913.91,UPI,Express,No,Consumer,Karan,5.0,1.0,2024.0,2025-01-04,Positive,TechCorp,USA,8914.93,49.46,19859.95,PHONES,,,,,,,
O1926,2024-12-14,2024-12-19,CUST370,Priya Sharma,East,Hyderabad,Office Supplies,Binders,Binders Model-B1,6.0,12838.47,0.1,69327.74,48545.92,Credit Card,First Class,No,Home Office,Neha,5.0,12.0,2024.0,2025-01-05,Positive,OfficeHub,India,7129.56,70.02,10156.4,BINDERS,,,,,,,
O1927,2024-09-08,2024-09-17,CUST619,Michael Brown,West,Pune,Office Supplies,Art,Art Model-R1,9.0,41151.48,0.0,370363.32,184334.33,NetBanking,Same Day,No,Home Office,Arjun,5.0,9.0,2024.0,2025-01-09,Positive,ABC Distributors,UK,18603.22,49.77,47318.91,ART,,,,,,,
O1928,2024-02-14,2024-02-23,CUST847,Jessica Lee,North,Delhi,Technology,Machines,Machines Model-500,4.0,30141.6,0.13,104888.35,59193.33,UPI,Express,No,Corporate,Vikram,5.0,2.0,2024.0,2025-01-09,Positive,FurniMart,USA,11394.55,56.43,13289.84,MACHINES,,,,,,,
O1929,2025-01-29,2025-02-02,CUST417,Lars Anderson,West,Bangalore,Furniture,Bookcases,Bookcases Model-961,8.0,44607.72,0.18,295593.65,141386.1,Credit Card,First Class,No,Consumer,Anita,5.0,1.0,2025.0,2025-01-04,Positive,Global Supplies,India,19275.98,47.83,37359.29,BOOKCASES,,,,,,,
O1930,2024-07-28,2024-07-31,CUST608,Maria Rodriguez,South,Jaipur,Furniture,Tables,Tables Model-260,10.0,29560.83,0.16,248311.0,126938.83,NetBanking,Same Day,No,Home Office,Rohit,5.0,7.0,2024.0,2025-01-03,Positive,TechCorp,UK,12137.22,51.12,36083.51,TABLES,,,,,,,
O1931,2024-11-20,2024-11-23,CUST858,Kenji Tanaka,East,Hyderabad,Office Supplies,Paper,Paper Model-P1,6.0,44275.64,0.0,265653.84,142270.36,UPI,First Class,No,Home Office,Karan,5.0,11.0,2024.0,2025-01-03,Positive,OfficeHub,USA,18897.25,53.55,32084.14,PAPER,,,,,,,
O1932,2024-04-09,2024-04-18,CUST667,Fatima Al Marzooqi,West,Pune,Furniture,Chairs,Chairs Model-550,1.0,20684.18,0.0,20684.18,17808.97,Credit Card,Standard,No,Consumer,Vikram,4.0,4.0,2024.0,2025-01-09,Positive,ABC Distributors,India,13898.89,45.74,2585.52,CHAIRS,,,,,,,
O1933,2025-01-16,2025-01-19,CUST131,David Chen,North,Delhi,Technology,Accessories,Accessories Model-A2,10.0,36585.57,0.1,329270.13,179919.14,NetBanking,Express,No,Corporate,Anita,5.0,1.0,2025.0,2025-01-03,Positive,FurniMart,UK,14935.1,54.64,43265.8,ACCESSORIES,,,,,,,
O1934,2024-08-01,2024-08-04,CUST830,Emily White,West,Bangalore,Furniture,Bookcases,Bookcases Model-106,7.0,41126.91,0.01,285311.45,152911.83,UPI,Same Day,No,Home Office,Rohit,5.0,8.0,2024.0,2025-01-03,Positive,Global Supplies,USA,16059.5,53.59,33924.96,BOOKCASES,,,,,,,
O1935,2024-01-09,2024-01-19,CUST989,John Smith,South,Jaipur,Technology,Phones,Phones Model-880,9.0,47124.63,0.16,356066.08,172972.18,Credit Card,First Class,No,Corporate,Karan,5.0,1.0,2024.0,2025-01-10,Positive,TechCorp,India,20348.11,48.58,44275.64,PHONES,,,,,,,
O1936,2024-12-14,2024-12-23,CUST847,Priya Sharma,East,Hyderabad,Office Supplies,Binders,Binders Model-B2,6.0,42289.87,0.11,225028.14,102288.75,NetBanking,Standard,No,Consumer,Neha,5.0,12.0,2024.0,2025-01-09,Positive,OfficeHub,UK,18790.66,45.46,27757.25,BINDERS,,,,,,,
O1937,2024-09-08,2024-09-17,CUST808,Michael Brown,West,Pune,Office Supplies,Art,Art Model-R1,10.0,27909.52,0.13,242812.82,126830.64,UPI,Express,No,Home Office,Arjun,5.0,9.0,2024.0,2025-01-09,Positive,ABC Distributors,USA,11600.0,52.23,32766.45,ART,,,,,,,
O1938,2024-02-14,2024-02-18,CUST845,Jessica Lee,North,Delhi,Technology,Machines,Machines Model-500,4.0,47587.79,0.0,190351.16,92661.85,Credit Card,Same Day,No,Consumer,Vikram,5.0,2.0,2024.0,2025-01-04,Positive,FurniMart,India,24422.33,48.68,23675.05,MACHINES,,,,,,,
O1939,2025-01-29,2025-02-08,CUST847,Lars Anderson,West,Bangalore,Furniture,Bookcases,Bookcases Model-961,3.0,47714.28,0.17,118749.03,59193.33,NetBanking,First Class,No,Corporate,Anita,5.0,1.0,2025.0,2025-01-10,Positive,Global Supplies,UK,19859.95,49.85,14589.6,BOOKCASES,,,,,,,
O1940,2024-07-28,2024-08-01,CUST793,Maria Rodriguez,South,Jaipur,Furniture,Tables,Tables Model-260,1.0,35308.79,0.03,34249.53,170576.46,UPI,Same Day,No,Home Office,Rohit,4.0,7.0,2024.0,2025-01-04,Positive,TechCorp,USA,17715.96,49.88,4237.52,TABLES,,,,,,,
O1941,2024-11-20,2024-11-26,CUST368,Kenji Tanaka,East,Hyderabad,Office Supplies,Paper,Paper Model-P1,6.0,38006.1,0.04,218804.83,111867.75,Credit Card,Express,No,Corporate,Karan,5.0,11.0,2024.0,2025-01-06,Positive,OfficeHub,India,18314.47,51.13,27757.25,PAPER,,,,,,,
O1942,2024-04-09,2024-04-12,CUST355,Fatima Al Marzooqi,West,Pune,Furniture,Chairs,Chairs Model-550,6.0,47124.63,0.11,251025.07,117621.5,NetBanking,Standard,No,Home Office,Vikram,5.0,4.0,2024.0,2025-01-03,Positive,ABC Distributors,UK,18944.42,46.85,30141.6,CHAIRS,,,,,,,
O1943,2025-01-16,2025-01-23,CUST858,David Chen,North,Delhi,Technology,Accessories,Accessories Model-A1,3.0,27743.07,0.1,74906.3,47671.39,UPI,First Class,No,Consumer,Anita,5.0,1.0,2025.0,2025-01-07,Positive,FurniMart,USA,10900.56,63.64,9874.82,ACCESSORIES,,,,,,,
O1944,2024-08-01,2024-08-04,CUST671,Emily White,West,Bangalore,Furniture,Bookcases,Bookcases Model-106,7.0,47714.28,0.0,334000.0,141386.1,Credit Card,Same Day,No,Home Office,Rohit,5.0,8.0,2024.0,2025-01-03,Positive,Global Supplies,India,24660.1,42.33,42934.3,BOOKCASES,,,,,,,
O1945,2024-01-09,2024-01-13,CUST608,John Smith,South,Jaipur,Technology,Phones,Phones Model-880,10.0,44275.64,0.0,442756.4,221199.19,NetBanking,Standard,No,Consumer,Karan,5.0,1.0,2024.0,2025-01-04,Positive,TechCorp,UK,22155.72,50.0,52217.47,PHONES,,,,,,,
O1946,2024-12-14,2024-12-22,CUST830,Priya Sharma,East,Hyderabad,Office Supplies,Binders,Binders Model-B1,6.0,35878.07,0.1,193741.56,98086.13,UPI,Express,No,Home Office,Neha,5.0,12.0,2024.0,2025-01-08,Positive,OfficeHub,USA,15942.59,50.63,25134.18,BINDERS,,,,,,,
O1947,2024-09-08,2024-09-17,CUST845,Michael Brown,West,Pune,Office Supplies,Art,Art Model-R1,1.0,35308.79,0.19,28599.92,15967.87,Credit Card,First Class,No,Consumer,Arjun,4.0,9.0,2024.0,2025-01-09,Positive,ABC Distributors,India,12638.2,55.88,3564.9,ART,,,,,,,
O1948,2024-02-14,2024-02-23,CUST417,Jessica Lee,North,Delhi,Technology,Machines,Machines Model-500,7.0,49754.56,0.18,285311.45,142270.36,NetBanking,Same Day,No,Home Office,Vikram,5.0,2.0,2024.0,2025-01-09,Positive,FurniMart,UK,19757.86,49.86,33924.96,MACHINES,,,,,,,
O1949,2025-01-29,2025-02-04,CUST483,Lars Anderson,West,Bangalore,Furniture,Bookcases,Bookcases Model-961,8.0,46014.26,0.06,345999.98,179919.14,UPI,Express,No,Consumer,Anita,5.0,1.0,2025.0,2025-01-06,Positive,Global Supplies,USA,21663.48,52.02,44275.64,BOOKCASES,,,,,,,
O1950,2024-07-28,2024-08-03,CUST368,Maria Rodriguez,South,Jaipur,Furniture,Tables,Tables Model-260,10.0,38006.1,0.14,326852.46,157948.77,Credit Card,Standard,No,Corporate,Rohit,5.0,7.0,2024.0,2025-01-06,Positive,TechCorp,India,16886.89,48.33,47124.63,TABLES,,,,,,,
O1951,2024-11-20,2024-11-28,CUST847,Kenji Tanaka,East,Hyderabad,Office Supplies,Paper,Paper Model-P1,6.0,41285.83,0.14,212727.87,117621.5,NetBanking,First Class,No,Home Office,Karan,5.0,11.0,2024.0,2025-01-08,Positive,OfficeHub,UK,17851.04,55.29,28447.46,PAPER,,,,,,,
O1952,2024-04-09,2024-04-11,CUST858,Fatima Al Marzooqi,West,Pune,Furniture,Chairs,Chairs Model-550,1.0,41151.48,0.16,34567.24,78443.91,UPI,Same Day,No,Home Office,Vikram,5.0,4.0,2024.0,2025-01-02,Positive,ABC Distributors,USA,12838.47,43.34,4237.52,CHAIRS,,,,,,,
O1953,2025-01-16,2025-01-24,CUST667,David Chen,North,Delhi,Technology,Accessories,Accessories Model-A2,4.0,48030.12,0.11,171097.31,98086.13,Credit Card,Express,No,Consumer,Anita,5.0,1.0,2025.0,2025-01-08,Positive,FurniMart,India,17205.15,57.34,22115.02,ACCESSORIES,,,,,,,
O1954,2024-08-01,2024-08-05,CUST417,Emily White,West,Bangalore,Furniture,Bookcases,Bookcases Model-106,6.0,44275.64,0.06,250449.11,138079.86,NetBanking,Standard,No,Corporate,Rohit,5.0,8.0,2024.0,2025-01-04,Positive,Global Supplies,UK,15428.42,55.13,32766.45,BOOKCASES,,,,,,,
O1955,2024-01-09,2024-01-12,CUST157,John Smith,South,Jaipur,Technology,Phones,Phones Model-880,1.0,48821.57,0.02,47845.14,24220.74,UPI,First Class,No,Home Office,Karan,4.0,1.0,2024.0,2025-01-03,Positive,TechCorp,USA,23624.4,45.24,5899.28,PHONES,,,,,,,
O1956,2024-12-14,2024-12-21,CUST608,Priya Sharma,East,Hyderabad,Office Supplies,Binders,Binders Model-B2,6.0,27725.13,0.13,144570.68,74495.27,Credit Card,Same Day,No,Consumer,Neha,5.0,12.0,2024.0,2025-01-07,Positive,OfficeHub,India,11679.24,51.53,19042.84,BINDERS,,,,,,,
O1957,2024-09-08,2024-09-11,CUST847,Michael Brown,West,Pune,Office Supplies,Art,Art Model-R1,9.0,29560.83,0.05,253011.66,126938.83,NetBanking,Express,No,Corporate,Arjun,5.0,9.0,2024.0,2025-01-03,Positive,ABC Distributors,UK,14003.24,50.17,32084.14,ART,,,,,,,
O1958,2024-02-14,2024-02-18,CUST808,Jessica Lee,North,Delhi,Technology,Machines,Machines Model-500,7.0,26815.17,0.0,187706.19,86439.46,UPI,First Class,No,Home Office,Vikram,5.0,2.0,2024.0,2025-01-04,Positive,FurniMart,USA,14466.68,46.05,25134.18,MACHINES,,,,,,,
O1959,2025-01-29,2025-02-08,CUST411,Lars Anderson,West,Bangalore,Furniture,Bookcases,Bookcases Model-961,3.0,47587.79,0.0,142763.37,70542.49,Credit Card,Standard,No,Consumer,Anita,5.0,1.0,2025.0,2025-01-10,Positive,Global Supplies,India,24073.69,49.41,17808.97,BOOKCASES,,,,,,,
O1960,2024-07-28,2024-08-03,CUST370,Maria Rodriguez,South,Jaipur,Furniture,Tables,Tables Model-260,1.0,41285.83,0.01,40873.0,111867.75,NetBanking,Express,No,Corporate,Rohit,5.0,7.0,2024.0,2025-01-06,Positive,TechCorp,UK,19859.95,47.8,5068.79,TABLES,,,,,,,
O1961,2024-11-20,2024-11-22,CUST681,Kenji Tanaka,East,Hyderabad,Office Supplies,Paper,Paper Model-P1,6.0,47714.28,0.1,257657.11,138099.66,UPI,Same Day,No,Consumer,Karan,5.0,11.0,2024.0,2025-01-02,Positive,OfficeHub,USA,19926.24,53.56,31765.48,PAPER,,,,,,,
O1962,2024-04-09,2024-04-18,CUST847,Fatima Al Marzooqi,West,Pune,Furniture,Chairs,Chairs Model-550,6.0,27725.13,0.0,166350.78,94901.81,Credit Card,First Class,No,Home Office,Vikram,5.0,4.0,2024.0,2025-01-09,Positive,ABC Distributors,India,12281.49,57.05,21124.96,CHAIRS,,,,,,,
O1963,2025-01-16,2025-01-23,CUST157,David Chen,North,Delhi,Technology,Accessories,Accessories Model-A2,10.0,27909.52,0.02,273513.3,138079.86,NetBanking,Standard,No,Consumer,Anita,5.0,1.0,2025.0,2025-01-07,Positive,FurniMart,UK,13543.34,50.48,34567.24,ACCESSORIES,,,,,,,
O1964,2024-08-01,2024-08-11,CUST793,Emily White,West,Bangalore,Furniture,Bookcases,Bookcases Model-106,1.0,41203.88,0.05,39143.68,26084.77,UPI,Express,No,Corporate,Rohit,4.0,8.0,2024.0,2025-01-10,Positive,Global Supplies,USA,13058.91,66.5,4372.95,BOOKCASES,,,,,,,
O1965,2024-01-09,2024-01-14,CUST830,John Smith,South,Jaipur,Technology,Phones,Phones Model-880,1.0,35308.79,0.0,35308.79,15967.87,Credit Card,Same Day,No,Home Office,Karan,4.0,1.0,2024.0,2025-01-05,Positive,TechCorp,India,19340.92,45.39,4372.95,PHONES,,,,,,,
O1966,2024-12-14,2024-12-18,CUST483,Priya Sharma,East,Hyderabad,Office Supplies,Binders,Binders Model-B2,6.0,4293.43,0.11,22874.83,32986.9,NetBanking,First Class,No,Consumer,Neha,3.0,12.0,2024.0,2025-01-04,Positive,OfficeHub,UK,19251.27,33.0,3129.23,BINDERS,,,,,,,
O1967,2024-09-08,2024-09-12,CUST417,Michael Brown,West,Pune,Office Supplies,Art,Art Model-R1,10.0,48560.84,0.16,407909.06,17808.97,UPI,Same Day,No,Corporate,Arjun,4.0,9.0,2024.0,2025-01-04,Positive,ABC Distributors,USA,39003.74,4.37,45124.2,ART,,,,,,,
O1968,2024-02-14,2024-02-23,CUST667,Jessica Lee,North,Delhi,Technology,Machines,Machines Model-500,7.0,44510.87,0.13,271017.2,141386.1,Credit Card,Express,No,Consumer,Vikram,5.0,2.0,2024.0,2025-01-09,Positive,FurniMart,India,18944.42,52.17,33924.96,MACHINES,,,,,,,
O1969,2025-01-29,2025-02-06,CUST858,Lars Anderson,West,Bangalore,Furniture,Bookcases,Bookcases Model-961,8.0,48560.84,0.1,349638.05,170576.46,NetBanking,Standard,No,Home Office,Anita,5.0,1.0,2025.0,2025-01-08,Positive,Global Supplies,UK,21980.26,48.81,42934.3,BOOKCASES,,,,,,,
O1970,2024-07-28,2024-07-31,CUST411,Maria Rodriguez,South,Jaipur,Furniture,Tables,Tables Model-260,3.0,44510.87,0.06,125538.79,48489.15,UPI,First Class,No,Consumer,Rohit,5.0,7.0,2024.0,2025-01-03,Positive,TechCorp,USA,25687.52,38.62,15746.06,TABLES,,,,,,,
O1971,2024-11-20,2024-11-28,CUST793,David Chen,East,Hyderabad,Office Supplies,Paper,Paper Model-P1,8.0,30141.6,0.11,214066.86,102288.75,Credit Card,Same Day,No,Home Office,Karan,5.0,11.0,2024.0,2025-01-08,Positive,OfficeHub,India,14349.07,47.78,27909.52,PAPER,,,,,,,
O1972,2024-04-09,2024-04-18,CUST845,Emily White,West,Pune,Furniture,Chairs,Chairs Model-550,5.0,47714.28,0.17,197343.34,92661.85,UPI,Express,No,Home Office,Vikram,5.0,4.0,2024.0,2025-01-09,Positive,ABC Distributors,UK,20936.4,46.96,25134.18,CHAIRS,,,,,,,
O1973,2025-01-16,2025-01-22,CUST619,John Smith,North,Delhi,Technology,Accessories,Accessories Model-A2,4.0,47587.79,0.03,184759.5,88764.1,NetBanking,Standard,No,Corporate,Anita,5.0,1.0,2025.0,2025-01-06,Positive,FurniMart,USA,24250.75,48.04,22055.62,ACCESSORIES,,,,,,,
O1974,2024-08-01,2024-08-09,CUST368,Kenji Tanaka,West,Bangalore,Furniture,Bookcases,Bookcases Model-106,6.0,41285.83,0.06,234552.24,111867.75,Credit Card,First Class,No,Consumer,Rohit,5.0,8.0,2024.0,2025-01-08,Positive,Global Supplies,India,16770.83,47.69,32084.14,BOOKCASES,,,,,,,
O1975,2024-01-09,2024-01-13,CUST900,Maria Rodriguez,South,Jaipur,Technology,Phones,Phones Model-880,1.0,27909.52,0.11,24831.47,15291.56,UPI,Same Day,No,Home Office,Karan,4.0,1.0,2024.0,2025-01-04,Positive,TechCorp,UK,12039.9,43.36,3129.23,PHONES,,,,,,,
O1976,2024-12-14,2024-12-18,CUST845,Priya Sharma,East,Hyderabad,Office Supplies,Binders,Binders Model-B1,6.0,27743.07,0.14,143118.73,78913.91,NetBanking,Express,No,Home Office,Neha,5.0,12.0,2024.0,2025-01-04,Positive,OfficeHub,USA,11749.32,55.14,19859.95,BINDERS,,,,,,,
O1977,2024-09-08,2024-09-17,CUST417,David Chen,West,Pune,Office Supplies,Art,Art Model-R1,10.0,23354.34,0.1,210189.06,101565.41,Credit Card,Same Day,No,Consumer,Arjun,5.0,9.0,2024.0,2025-01-09,Positive,ABC Distributors,India,10862.36,53.48,27909.52,ART,,,,,,,
O1978,2024-02-14,2024-02-16,CUST808,John Smith,North,Delhi,Technology,Machines,Machines Model-500,4.0,30141.6,0.0,120566.4,70691.85,UPI,First Class,No,Corporate,Vikram,5.0,2.0,2024.0,2025-01-02,Positive,FurniMart,UK,12344.11,58.63,15746.06,MACHINES,,,,,,,
O1979,2025-01-29,2025-02-08,CUST483,Emily White,West,Bangalore,Furniture,Bookcases,Bookcases Model-961,8.0,41203.88,0.15,280187.64,138099.66,NetBanking,Standard,No,Home Office,Anita,5.0,1.0,2025.0,2025-01-10,Positive,Global Supplies,USA,17715.96,49.26,35026.04,BOOKCASES,,,,,,,
O1980,2024-07-28,2024-08-01,CUST847,Michael Brown,South,Jaipur,Furniture,Tables,Tables Model-260,1.0,41151.48,0.0,41151.48,47671.39,Credit Card,Express,No,Consumer,Rohit,5.0,7.0,2024.0,2025-01-04,Positive,TechCorp,India,15889.15,48.06,5221.75,TABLES,,,,,,,
O1981,2024-11-20,2024-11-24,CUST355,Fatima Al Marzooqi,East,Hyderabad,Office Supplies,Paper,Paper Model-P1,6.0,38829.39,0.09,211832.49,118671.18,UPI,Same Day,No,Home Office,Karan,5.0,11.0,2024.0,2025-01-04,Positive,OfficeHub,UK,17177.14,56.02,26002.39,PAPER,,,,,,,
O1982,2024-04-09,2024-04-16,CUST667,Lars Anderson,West,Pune,Furniture,Chairs,Chairs Model-550,1.0,44607.72,0.12,39254.79,66432.06,NetBanking,First Class,No,Corporate,Vikram,4.0,4.0,2024.0,2025-01-07,Positive,ABC Distributors,USA,22055.62,49.03,4460.77,CHAIRS,,,,,,,
O1983,2025-01-16,2025-01-26,CUST681,Kenji Tanaka,North,Delhi,Technology,Accessories,Accessories Model-A2,10.0,48821.57,0.16,410101.19,170576.46,Credit Card,Same Day,No,Consumer,Anita,5.0,1.0,2025.0,2025-01-10,Positive,FurniMart,India,23953.53,50.15,50450.74,ACCESSORIES,,,,,,,
O1984,2024-08-01,2024-08-09,CUST845,Maria Rodriguez,West,Bangalore,Furniture,Bookcases,Bookcases Model-106,7.0,29560.83,0.12,181283.41,92661.85,UPI,Express,No,Home Office,Rohit,5.0,8.0,2024.0,2025-01-08,Positive,Global Supplies,UK,12604.68,51.12,22115.02,BOOKCASES,,,,,,,
O1985,2024-01-09,2024-01-14,CUST370,David Chen,South,Jaipur,Technology,Phones,Phones Model-880,1.0,38829.39,0.0,38829.39,178970.21,Credit Card,First Class,No,Corporate,Karan,5.0,1.0,2024.0,2025-01-05,Positive,TechCorp,USA,20976.69,47.92,4882.16,PHONES,,,,,,,
O1986,2024-12-14,2024-12-15,CUST793,Emily White,East,Hyderabad,Office Supplies,Binders,Binders Model-B1,6.0,31295.53,0.06,176985.93,78443.91,NetBanking,Same Day,No,Home Office,Neha,5.0,12.0,2024.0,2025-01-01,Positive,OfficeHub,India,16487.31,44.33,22115.02,BINDERS,,,,,,,
O1987,2024-09-08,2024-09-17,CUST157,John Smith,West,Pune,Office Supplies,Art,Art Model-R1,10.0,46014.26,0.1,414128.34,184334.33,UPI,Standard,No,Consumer,Arjun,5.0,9.0,2024.0,2025-01-09,Positive,ABC Distributors,UK,22978.36,49.27,50450.74,ART,,,,,,,
O1988,2024-02-14,2024-02-19,CUST368,Kenji Tanaka,North,Delhi,Technology,Machines,Machines Model-500,7.0,47714.28,0.03,323048.97,142718.33,Credit Card,Express,No,Home Office,Vikram,5.0,2.0,2024.0,2025-01-05,Positive,FurniMart,USA,19830.41,44.17,38033.4,MACHINES,,,,,,,
O1989,2025-01-29,2025-02-04,CUST417,Fatima Al Marzooqi,West,Bangalore,Furniture,Bookcases,Bookcases Model-961,8.0,44275.64,0.1,318784.61,152911.83,NetBanking,Same Day,No,Corporate,Anita,5.0,1.0,2025.0,2025-01-06,Positive,Global Supplies,India,18234.98,52.82,42220.84,BOOKCASES,,,,,,,
O1990,2024-07-28,2024-08-01,CUST667,Lars Anderson,South,Jaipur,Furniture,Tables,Tables Model-260,10.0,31238.25,0.0,312382.5,17808.97,UPI,First Class,No,Consumer,Rohit,4.0,7.0,2024.0,2025-01-04,Positive,TechCorp,UK,29457.06,5.7,40557.7,TABLES,,,,,,,
O1991,2024-11-20,2024-11-21,CUST847,Maria Rodriguez,East,Hyderabad,Office Supplies,Paper,Paper Model-P1,6.0,4293.43,0.1,23184.52,11186.1,Credit Card,Same Day,No,Home Office,Karan,4.0,11.0,2024.0,2025-01-01,Positive,OfficeHub,USA,17715.96,48.28,3129.23,PAPER,,,,,,,
O1992,2024-04-09,2024-04-14,CUST830,David Chen,West,Pune,Furniture,Chairs,Chairs Model-550,1.0,27376.66,0.06,25734.06,47671.39,NetBanking,Standard,No,Home Office,Vikram,5.0,4.0,2024.0,2025-01-05,Positive,ABC Distributors,India,15545.92,49.8,3129.23,CHAIRS,,,,,,,
O1993,2025-01-16,2025-01-26,CUST845,Emily White,North,Delhi,Technology,Accessories,Accessories Model-A2,4.0,47714.28,0.13,165917.41,78913.91,UPI,Express,No,Consumer,Anita,5.0,1.0,2025.0,2025-01-10,Positive,FurniMart,UK,21882.15,47.56,21124.96,ACCESSORIES,,,,,,,
O1994,2024-08-01,2024-08-05,CUST131,John Smith,West,Bangalore,Furniture,Bookcases,Bookcases Model-106,7.0,41151.48,0.1,259254.34,138079.86,Credit Card,Same Day,No,Corporate,Rohit,5.0,8.0,2024.0,2025-01-04,Positive,Global Supplies,USA,17300.22,53.26,32766.45,BOOKCASES,,,,,,,
O1995,2024-01-09,2024-01-18,CUST858,Kenji Tanaka,South,Jaipur,Technology,Phones,Phones Model-880,10.0,27725.13,0.11,246753.66,135255.45,NetBanking,Standard,No,Home Office,Karan,5.0,1.0,2024.0,2025-01-09,Positive,TechCorp,India,12498.88,54.81,30829.35,PHONES,,,,,,,
O1996,2024-12-14,2024-12-23,CUST671,Fatima Al Marzooqi,East,Hyderabad,Office Supplies,Binders,Binders Model-B1,6.0,44275.64,0.11,236357.51,126830.64,UPI,First Class,No,Consumer,Neha,5.0,12.0,2024.0,2025-01-09,Positive,OfficeHub,UK,18258.42,53.66,31292.3,BINDERS,,,,,,,
O1997,2024-09-08,2024-09-15,CUST608,Lars Anderson,West,Pune,Office Supplies,Art,Art Model-R1,10.0,48030.12,0.1,432271.08,221199.19,Credit Card,Express,No,Home Office,Arjun,5.0,9.0,2024.0,2025-01-07,Positive,ABC Distributors,USA,19451.27,51.17,52217.47,ART,,,,,,,
O1998,2024-02-14,2024-02-16,CUST348,Maria Rodriguez,North,Delhi,Technology,Machines,Machines Model-500,7.0,22003.74,0.15,130922.25,59193.33,NetBanking,Same Day,No,Corporate,Vikram,5.0,2.0,2024.0,2025-01-02,Positive,FurniMart,India,10247.01,45.21,16206.12,MACHINES,,,,,,,
O1999,2025-01-29,2025-02-05,CUST368,David Chen,West,Bangalore,Furniture,Bookcases,Bookcases Model-961,3.0,27743.07,0.1,74906.3,47671.39,UPI,First Class,No,Consumer,Anita,5.0,1.0,2025.0,2025-01-07,Positive,Global Supplies,UK,10516.34,63.64,9874.82,BOOKCASES,,,,,,,
O2000,2024-07-28,2024-08-07,CUST847,Emily White,South,Jaipur,Furniture,Tables,Tables Model-260,1.0,41285.83,0.13,35919.77,-13987.97,Credit Card,Standard,No,Home Office,Rohit,1.0,7.0,2024.0,2025-01-10,Negative,TechCorp,USA,49907.74,-38.95,4758.82,TABLES,,,,,,,
O2001,2024-11-20,2024-11-27,CUST858,John Smith,East,Hyderabad,Office Supplies,Paper,Paper Model-P1,6.0,38006.1,0.06,214954.26,117621.5,NetBanking,Express,No,Corporate,Karan,5.0,11.0,2024.0,2025-01-07,Positive,OfficeHub,India,16226.67,54.72,26002.39,PAPER,,,,,,,
O2002,2024-04-09,2024-04-18,CUST667,Kenji Tanaka,West,Pune,Furniture,Chairs,Chairs Model-550,1.0,39906.94,0.11,35400.17,60443.43,UPI,Same Day,No,Consumer,Vikram,5.0,4.0,2024.0,2025-01-09,Positive,ABC Distributors,UK,18059.32,49.88,4460.77,CHAIRS,,,,,,,
O2003,2025-01-16,2025-01-24,CUST989,Fatima Al Marzooqi,North,Delhi,Technology,Accessories,Accessories Model-A1,3.0,20684.18,0.1,55847.29,15967.87,Credit Card,First Class,No,Home Office,Anita,4.0,1.0,2025.0,2025-01-08,Positive,FurniMart,USA,13204.62,28.6,7129.56,ACCESSORIES,,,,,,,
O2004,2024-08-01,2024-08-09,CUST847,Lars Anderson,West,Bangalore,Furniture,Bookcases,Bookcases Model-106,6.0,4293.43,0.12,22688.08,12173.81,NetBanking,Standard,No,Consumer,Rohit,4.0,8.0,2024.0,2025-01-08,Positive,Global Supplies,India,10516.34,53.64,2600.24,BOOKCASES,,,,,,,
O2005,2024-01-09,2024-01-12,CUST157,Maria Rodriguez,South,Jaipur,Technology,Phones,Phones Model-880,9.0,20015.75,0.02,176540.34,102288.75,UPI,Express,No,Corporate,Karan,5.0,1.0,2024.0,2025-01-03,Positive,TechCorp,UK,8137.44,58.51,20808.82,PHONES,,,,,,,
O2006,2024-12-14,2024-12-23,CUST681,David Chen,East,Hyderabad,Office Supplies,Binders,Binders Model-B2,6.0,27725.13,0.01,165439.04,98086.13,Credit Card,Same Day,No,Consumer,Neha,5.0,12.0,2024.0,2025-01-09,Positive,OfficeHub,USA,11225.04,59.39,21124.96,BINDERS,,,,,,,
O2007,2024-09-08,2024-09-17,CUST808,Emily White,West,Pune,Office Supplies,Art,Art Model-R1,9.0,39281.42,0.15,299295.66,138079.86,NetBanking,First Class,No,Home Office,Arjun,5.0,9.0,2024.0,2025-01-09,Positive,ABC Distributors,India,18603.22,46.14,35026.04,ART,,,,,,,
O2008,2024-02-14,2024-02-15,CUST411,John Smith,North,Delhi,Technology,Machines,Machines Model-500,4.0,30141.6,0.11,107094.06,59193.33,UPI,Standard,No,Corporate,Vikram,5.0,2.0,2024.0,2025-01-01,Positive,FurniMart,UK,11895.81,55.27,13289.84,MACHINES,,,,,,,
O2009,2025-01-29,2025-02-05,CUST355,Kenji Tanaka,West,Bangalore,Furniture,Bookcases,Bookcases Model-961,3.0,27537.4,0.15,70100.37,3208.6,Credit Card,Express,No,Home Office,Anita,3.0,1.0,2025.0,2025-01-07,Neutral,Global Supplies,USA,22382.24,4.58,9020.14,BOOKCASES,,,,,,,
O2010,2024-07-28,2024-08-04,CUST483,Fatima Al Marzooqi,South,Jaipur,Furniture,Tables,Tables Model-260,7.0,47714.28,0.17,276274.07,141386.1,NetBanking,Same Day,No,Consumer,Rohit,5.0,7.0,2024.0,2025-01-07,Positive,TechCorp,India,19706.77,51.18,36720.08,TABLES,,,,,,,
O2011,2024-11-20,2024-11-28,CUST830,Lars Anderson,East,Hyderabad,Office Supplies,Paper,Paper Model-P1,8.0,44275.64,0.0,354205.12,179919.14,UPI,First Class,No,Home Office,Karan,5.0,11.0,2024.0,2025-01-08,Positive,OfficeHub,UK,18035.75,50.8,44275.64,PAPER,,,,,,,
O2012,2024-04-09,2024-04-12,CUST619,Maria Rodriguez,West,Pune,Furniture,Chairs,Chairs Model-550,1.0,38829.39,0.07,36111.33,78913.91,Credit Card,Same Day,No,Consumer,Vikram,5.0,4.0,2024.0,2025-01-03,Positive,ABC Distributors,USA,22115.02,48.06,4460.77,CHAIRS,,,,,,,
O2013,2025-01-16,2025-01-20,CUST793,David Chen,North,Delhi,Technology,Accessories,Accessories Model-A2,10.0,31765.48,0.0,317654.8,172972.18,NetBanking,Express,No,Corporate,Anita,5.0,1.0,2025.0,2025-01-04,Positive,FurniMart,India,14460.33,54.44,38033.4,ACCESSORIES,,,,,,,
O2014,2024-08-01,2024-08-05,CUST845,Emily White,West,Bangalore,Furniture,Bookcases,Bookcases Model-106,7.0,27376.66,0.01,189912.06,106567.8,UPI,Standard,No,Home Office,Rohit,5.0,8.0,2024.0,2025-01-04,Positive,Global Supplies,UK,11895.81,56.11,25734.06,BOOKCASES,,,,,,,
O2015,2024-01-09,2024-01-18,CUST846,John Smith,South,Jaipur,Technology,Phones,Phones Model-880,10.0,47587.79,0.05,452084.01,221199.19,Credit Card,First Class,No,Consumer,Karan,5.0,1.0,2024.0,2025-01-09,Positive,TechCorp,USA,23087.5,49.03,56445.89,PHONES,,,,,,,
O2016,2024-12-14,2024-12-19,CUST847,Kenji Tanaka,East,Hyderabad,Office Supplies,Binders,Binders Model-B1,6.0,35878.07,0.1,193741.56,92661.85,NetBanking,Same Day,No,Corporate,Neha,5.0,12.0,2024.0,2025-01-05,Positive,OfficeHub,India,15942.59,47.83,25134.18,BINDERS,,,,,,,
O2017,2024-09-08,2024-09-17,CUST848,Maria Rodriguez,West,Pune,Office Supplies,Art,Art Model-R1,10.0,38829.39,0.06,364996.29,189476.35,UPI,Express,No,Home Office,Arjun,5.0,9.0,2024.0,2025-01-09,Positive,ABC Distributors,UK,17552.28,51.9,45124.2,ART,,,,,,,
O2018,2024-02-14,2024-02-21,CUST849,David Chen,North,Delhi,Technology,Machines,Machines Model-500,7.0,20015.75,0.0,140109.25,78130.82,Credit Card,First Class,No,Consumer,Vikram,5.0,2.0,2024.0,2025-01-07,Positive,FurniMart,USA,8852.1,55.77,17808.97,MACHINES,,,,,,,
O2019,2025-01-29,2025-02-01,CUST850,Emily White,West,Bangalore,Furniture,Bookcases,Bookcases Model-961,5.0,44510.87,0.17,184496.2,94901.81,NetBanking,Same Day,No,Home Office,Anita,5.0,1.0,2025.0,2025-01-03,Positive,Global Supplies,India,20002.58,51.44,23354.21,BOOKCASES,,,,,,,
O2020,2024-07-28,2024-08-07,CUST851,John Smith,South,Jaipur,Furniture,Tables,Tables Model-260,1.0,27376.66,0.09,24364.13,32247.37,UPI,Standard,No,Corporate,Rohit,4.0,7.0,2024.0,2025-01-10,Positive,TechCorp,UK,13178.03,45.91,3054.34,TABLES,,,,,,,
O2021,2024-11-20,2024-11-26,CUST852,Kenji Tanaka,East,Hyderabad,Office Supplies,Paper,Paper Model-P1,6.0,38829.39,0.0,232976.34,117621.5,Credit Card,Express,No,Consumer,Karan,5.0,11.0,2024.0,2025-01-06,Positive,OfficeHub,USA,19251.27,50.5,29194.58,PAPER,,,,,,,
O2022,2024-04-09,2024-04-10,CUST853,Fatima Al Marzooqi,West,Pune,Furniture,Chairs,Chairs Model-550,1.0,27743.07,0.04,26633.35,43407.99,UPI,Same Day,No,Consumer,Vikram,5.0,4.0,2024.0,2025-01-01,Positive,ABC Distributors,India,16226.67,46.74,3129.23,CHAIRS,,,,,,,
O2023,2025-01-16,2025-01-17,CUST854,Lars Anderson,North,Delhi,Technology,Accessories,Accessories Model-A2,10.0,44275.64,0.11,393913.3,221199.19,NetBanking,First Class,No,Home Office,Anita,5.0,1.0,2025.0,2025-01-01,Positive,FurniMart,UK,19275.98,56.16,49480.86,ACCESSORIES,,,,,,,
O2024,2024-08-01,2024-08-05,CUST855,Maria Rodriguez,West,Bangalore,Furniture,Bookcases,Bookcases Model-106,1.0,41285.83,0.1,37157.25,15967.87,Credit Card,Same Day,No,Home Office,Rohit,4.0,8.0,2024.0,2025-01-04,Positive,Global Supplies,USA,19859.95,43.05,4668.61,BOOKCASES,,,,,,,
O2025,2024-01-09,2024-01-14,CUST856,David Chen,South,Jaipur,Technology,Phones,Phones Model-880,10.0,22810.02,0.02,223538.0,111867.75,NetBanking,Standard,No,Consumer,Karan,5.0,1.0,2024.0,2025-01-05,Positive,TechCorp,India,11167.58,50.04,27757.25,PHONES,,,,,,,
,,,,,,,,,,,,,,,,,,,,,,,,,,,,,,,,,,,,,
,,,,,,,,,,,Q0,0.0,,,,,,,,,,,,,,,,,,,,,,,,,
,,,,,,,,,,,Q1,0.0,,,,,,,,,,,,,,,,,,,,,,,,,
,,,,,,,,,,,Q2,0.02,,,,,,,,,,,,,,,,,,,,,,,,,
,,,,,,,,,,,Q3,0.1,,,,,,,,,,,,,,,,,,,,,,,,,
,,,,,,,,,,,Q4,0.3,,,,,,,,,,,,,,,,,,,,,,,,,
,,,,,,,,,,,,,,,,,,,,,,,,,,,,,,,,,,,,,
,,,,,,,,,,,IQR = Q3 - Q1,0.1,,,,,,,,,,,,,,,,,,,,,,,,,
,,,,,,,,,,,LowThreshold,-0.15,,,,,,,,,,,,,,,,,,,,,,,,,
,,,,,,,,,,,HighThreshold,0.25,,,,,,,,,,,,,,,,,,,,,,,,,
